memory_initialization_radix = 16;
memory_initialization_vector =
00000000
00000000
00000000
00000000
00000000
00000000
00000000
00000000
00000000
00000000
00000000
00000000
00000000
00000000
00000000
00000000
00000000
00000000
00000000
00000000
00000000
00000000
00000000
00000000
00000000
00000000
00000000
00000000
00000000
00000000
00000000
00000000
00000000
00000000
00000000
00000000
00000000
00000000
00000000
00000000
00000000
00000000
00000000
00000000
00000000
00000000
00000000
00000000
00000000
00000000
00000000
00000000
00000000
00000000
00000000
00000000
00000000
00000000
00000000
00000000
00000000
00000000
00000000
00000000
00000000
00000000
00000000
00000000
00000000
00000000
00000000
00000000
00000000
00000000
00000000
00000000
00000000
00000000
00000000
00000000
00000000
00000000
00000000
00000000
00000000
00000000
00000000
00000000
00000000
00000000
00000000
00000000
00000000
00000000
00000000
00000000
00000000
00000000
00000000
00000000
00000000
00000000
00000000
00000000
00000000
00000000
00000000
00000000
00000000
00000000
00000000
00000000
00000000
00000000
00000000
00000000
00000000
00000000
00000000
00000000
00000000
00000000
00000000
00000000
00000000
00000000
00000000
00000000
00000000
00000000
00000000
00000000
00000000
00000000
00000000
00000000
00000000
00000000
00000000
00000000
00000000
00000000
00000000
00000000
00000000
00000000
00000000
00000000
00000000
00000000
00000000
00000000
00000000
00000000
00000000
00000000
00000000
00000000
00000000
00000000
00000000
00000000
00000000
00000000
00000000
00000000
00000000
00000000
00000000
00000000
00000000
00000000
00000000
00000000
00000000
00000000
00000000
00000000
00000000
00000000
00000000
00000000
00000000
00000000
00000000
00000000
00000000
00000000
00000000
00000000
00000000
00000000
00000000
00000000
00000000
00000000
00000000
00000000
00000000
00000000
00000000
00000000
00000000
00000000
00000000
00000000
00000000
00000000
00000000
00000000
00000000
00000000
00000000
00000000
00000000
00000000
00000000
00000000
00000000
00000000
00000000
00000000
00000000
00000000
00000000
00000000
00000000
00000000
00000000
00000000
00000000
00000000
00000000
00000000
00000000
00000000
00000000
00000000
00000000
00000000
00000000
00000000
00000000
00000000
00000000
00000000
00000000
00000000
00000000
00000000
00000000
00000000
00000000
00000000
00000000
00000000
10203040
000007d0
000007b3
000000c8
0000000d
00000002
0000000f
0000001c
00000000
00000000
00000000
00000000
00000000
00000000
00000000
00000000
00000000
00000000
00000000
00000000
00000000
00000000
00000000
00000000
00000000
00000000
00000000
00000000
00000000
00000000
00000000
00000000
00000000
00000000
00000000
00000000
00000000
00000000
00000000
00000000
00000000
00000000
00000000
00000000
00000000
00000000
00000000
00000000
00000000
00000000
00000000
00000000
00000000
00000000
00000000
00000000
00000000
00000000
00000000
00000000
00000000
00000000
00000000
00000000
00000000
00000000
00000000
00000000
00000000
00000000
00000000
00000000
00000000
00000000
00000000
00000000
00000000
00000000
00000000
00000000
00000000
00000000
00000000
00000000
00000000
00000000
00000000
00000000
00000000
00000000
00000000
00000000
00000000
00000000
00000000
00000000
00000000
00000000
00000000
00000000
00000000
00000000
00000000
00000000
00000000
00000000
00000000
00000000
00000000
00000000
00000000
00000000
00000000
00000000
00000000
00000000
00000000
00000000
00000000
00000000
00000000
00000000
00000000
00000000
00000000
00000000
00000000
00000000
00000000
00000000
00000000
00000000
00000000
00000000
00000000
00000000
00000000
00000000
00000000
00000000
00000000
00000000
00000000
00000000
00000000
00000000
00000000
00000000
00000000
00000000
00000000
00000000
00000000
00000000
00000000
00000000
00000000
00000000
00000000
00000000
00000000
00000000
00000000
00000000
00000000
00000000
00000000
00000000
00000000
00000000
00000000
00000000
00000000
00000000
00000000
00000000
00000000
00000000
00000000
00000000
00000000
00000000
00000000
00000000
00000000
00000000
00000000
00000000
00000000
00000000
00000000
00000000
00000000
00000000
00000000
00000000
00000000
00000000
00000000
00000000
00000000
00000000
00000000
00000000
00000000
00000000
00000000
00000000
00000000
00000000
00000000
00000000
00000000
00000000
00000000
00000000
00000000
00000000
00000000
00000000
00000000
00000000
00000000
00000000
00000000
00000000
00000000
00000000
00000000
00000000
00000000
00000000
00000000
00000000
00000000
00000000
00000000
00000000
00000000
00000000
00000000
00000000
00000000
00000000
00000000
00000000
00000000
00000000
00000000
00000000
00000000
00000000
00000000
00000000
00000000
00000000
00000000
00000000
00000000
00000000
00000000
00000000
00000000
00000000
00000000
00000000
00000000
00000000
00000000
00000000
00000000
00000000
00000000
00000000
00000000
00000000
00000000
00000000
00000000
00000000
00000000
00000000
00000000
00000000
00000000
00000000
00000000
00000000
00000000
00000000
00000000
00000000
00000000
00000000
00000000
00000000
00000000
00000000
00000000
00000000
00000000
00000000
00000000
00000000
00000000
00000000
00000000
00000000
00000000
00000000
00000000
00000000
00000000
00000000
00000000
00000000
00000000
00000000
00000000
00000000
00000000
00000000
00000000
00000000
00000000
00000000
00000000
00000000
00000000
00000000
00000000
00000000
00000000
00000000
00000000
00000000
00000000
00000000
00000000
00000000
00000000
00000000
00000000
00000000
00000000
00000000
00000000
00000000
00000000
00000000
00000000
00000000
00000000
00000000
00000000
00000000
00000000
00000000
00000000
00000000
00000000
00000000
00000000
00000000
00000000
00000000
00000000
00000000
00000000
00000000
00000000
00000000
00000000
00000000
00000000
00000000
00000000
00000000
00000000
00000000
00000000
00000000
00000000
00000000
00000000
00000000
00000000
00000000
00000000
00000000
00000000
00000000
00000000
00000000
00000000
00000000
00000000
00000000
00000000
00000000
00000000
00000000
00000000
00000000
00000000
00000000
00000000
00000000
00000000
00000000
00000000
00000000
00000000
00000000
00000000
00000000
00000000
00000000
00000000
00000000
00000000
00000000
00000000
00000000
00000000
00000000
00000000
00000000
00000000
00000000
00000000
00000000
00000000
00000000
00000000
00000000
00000000
00000000
00000000
00000000
00000000
00000000
00000000
00000000
00000000
00000000
00000000
00000000
00000000
00000000
00000000
00000000
00000000
00000000
00000000
00000000
00000000
00000000
00000000
00000000
00000000
00000000
00000000
00000000
00000000
00000000
00000000
00000000
00000000
00000000
00000000
00000000
00000000
00000000
00000000
00000000
00000000
00000000
00000000
00000000
00000000
00000000
00000000
00000000
00000000
00000000
00000000
00000000
00000000
00000000
00000000
00000000
00000000
00000000
00000000
00000000
00000000
00000000
00000000
00000000
00000000
00000000
00000000
00000000
00000000
00000000
00000000
00000000
00000000
00000000
00000000
00000000
00000000
00000000
00000000
00000000
00000000
00000000
00000000
00000000
00000000
00000000
00000000
00000000
00000000
00000000
00000000
00000000
00000000
00000000
00000000
00000000
00000000
00000000
00000000
00000000
00000000
00000000
00000000
00000000
00000000
00000000
00000000
00000000
00000000
00000000
00000000
00000000
00000000
00000000
00000000
00000000
00000000
00000000
00000000
00000000
00000000
00000000
00000000
00000000
00000000
00000000
00000000
00000000
00000000
00000000
00000000
00000000
00000000
00000000
00000000
00000000
00000000
00000000
00000000
00000000
00000000
00000000
00000000
00000000
00000000
00000000
00000000
00000000
00000000
00000000
00000000
00000000
00000000
00000000
00000000
00000000
00000000
00000000
00000000
00000000
00000000
00000000
00000000
00000000
00000000
00000000
00000000
00000000
00000000
00000000
00000000
00000000
00000000
00000000
00000000
00000000
00000000
00000000
00000000
00000000
00000000
00000000
00000000
00000000
00000000
00000000
00000000
00000000
00000000
00000000
00000000
00000000
00000000
00000000
00000000
00000000
00000000
00000000
00000000
00000000
00000000
00000000
00000000
00000000
00000000
00000000
00000000
00000000
00000000
00000000
00000000
00000000
00000000
00000000
00000000
00000000
00000000
00000000
00000000
00000000
00000000
00000000
00000000
00000000
00000000
00000000
00000000
00000000
00000000
00000000
00000000
00000000
00000000
00000000
00000000
00000000
00000000
00000000
00000000
00000000
00000000
00000000
00000000
00000000
00000000
00000000
00000000
00000000
00000000
00000000
00000000
00000000
00000000
00000000
00000000
00000000
00000000
00000000
00000000
00000000
00000000
00000000
00000000
00000000
00000000
00000000
00000000
00000000
00000000
00000000
00000000
00000000
00000000
00000000
00000000
00000000
00000000
00000000
00000000
00000000
00000000
00000000
00000000
00000000
00000000
00000000
00000000
00000000
00000000
00000000
00000000
00000000
00000000
00000000
00000000
00000000
00000000
00000000
00000000
00000000
00000000
00000000
00000000
00000000
00000000
00000000
00000000
00000000
00000000
00000000
00000000
00000000
00000000
00000000
00000000
00000000
00000000
00000000
00000000
00000000
00000000
00000000
00000000
00000000
00000000
00000000
00000000
00000000
00000000
00000000
00000000
00000000
00000000
00000000
00000000
00000000
00000000
00000000
00000000
00000000
00000000
00000000
00000000
00000000
00000000
00000000
00000000
00000000
00000000
00000000
00000000
00000000
00000000
00000000
00000000
00000000
00000000
00000000
00000000
00000000
00000000
00000000
00000000
00000000
00000000
00000000
00000000
00000000
00000000
00000000
00000000
00000000
00000000
00000000
00000000
00000000
00000000
00000000
00000000
00000000
00000000
00000000
00000000
00000000
00000000
00000000
00000000
00000000
00000000
00000000
00000000
00000000
00000000
00000000
00000000
00000000
00000000
00000000
00000000
00000000
00000000
00000000
00000000
00000000
00000000
00000000
00000000
00000000
00000000
00000000
00000000
00000000
00000000
00000000
00000000
00000000
00000000
00000000
00000000
00000000
00000000
00000000
00000000
00000000
00000000
00000000
00000000
00000000
00000000
00000000
00000000
00000000
00000000
00000000
00000000
00000000
00000000
00000000
00000000
00000000
00000000
00000000
00000000
00000000
00000000
00000000
00000000
00000000
00000000
00000000
00000000
00000000
00000000
00000000
00000000
00000000
00000000
00000000
00000000
00000000
00000000
00000000
00000000
00000000
00000000
00000000
00000000
00000000
00000000
00000000
00000000
00000000
00000000
00000000
00000000
00000000
00000000
00000000
00000000
00000000
00000000
00000000
00000000
00000000
00000000
00000000
00000000
00000000
00000000
00000000
00000000
00000000
00000000
00000000
00000000
00000000
00000000
00000000
00000000
00000000
00000000
00000000
00000000
00000000
00000000
00000000
00000000
00000000
00000000
00000000
00000000
00000000
00000000
00000000
00000000
00000000
00000000
00000000
00000000
00000000
00000000
00000000
00000000
00000000
00000000
00000000
00000000
00000000
00000000
00000000
00000000
00000000
00000000
00000000
00000000
00000000
00000000
00000000
00000000
00000000
00000000
00000000
00000000
00000000
00000000
00000000
00000000
00000000
00000000
00000000
00000000
00000000
00000000
00000000
00000000
00000000
00000000
00000000
00000000
00000000
00000000
00000000
00000000
00000000
00000000
00000000
00000000
00000000
00000000
00000000
00000000
00000000
00000000
00000000
00000000
00000000
00000000
00000000
00000000
00000000
00000000
00000000
00000000
00000000
00000000
00000000
00000000
00000000
00000000
00000000
00000000
00000000
00000000
00000000
00000000
00000000
00000000
00000000
00000000
00000000
00000000
00000000
00000000
00000000
00000000
00000000
00000000
00000000
00000000
00000000
00000000
00000000
00000000
00000000
00000000
00000000
00000000
00000000
00000000
00000000
00000000
00000000
00000000
00000000
00000000
00000000
00000000
00000000
00000000
00000000
00000000
00000000
00000000
00000000
00000000
00000000
00000000
00000000
00000000
00000000
00000000
00000000
00000000
00000000
00000000
00000000
00000000
00000000
00000000
00000000
00000000
00000000
00000000
00000000
00000000
00000000
00000000
00000000
00000000
00000000
00000000
00000000
00000000
00000000
00000000
00000000
00000000
00000000
00000000
00000000
00000000
00000000
00000000
00000000
00000000
00000000
00000000
00000000
00000000
00000000
00000000
00000000
00000000
00000000
00000000
00000000
00000000
00000000
00000000
00000000
00000000
00000000
00000000
00000000
00000000
00000000
00000000
00000000
00000000
00000000
00000000
00000000
00000000
00000000
00000000
00000000
00000000
00000000
00000000
00000000
00000000
00000000
00000000
00000000
00000000
00000000
00000000
00000000
00000000
00000000
00000000
00000000
00000000
00000000
00000000
00000000
00000000
00000000
00000000
00000000
00000000
00000000
00000000
00000000
00000000
00000000
00000000
00000000
00000000
00000000
00000000
00000000
00000000
00000000
00000000
00000000
00000000
00000000
00000000
00000000
00000000
00000000
00000000
00000000
00000000
00000000
00000000
00000000
00000000
00000000
00000000
00000000
00000000
00000000
00000000
00000000
00000000
00000000
00000000
00000000
00000000
00000000
00000000
00000000
00000000
00000000
00000000
00000000
00000000
00000000
00000000
00000000
00000000
00000000
00000000
00000000
00000000
00000000
00000000
00000000
00000000
00000000
00000000
00000000
00000000
00000000
00000000
00000000
00000000
00000000
00000000
00000000
00000000
00000000
00000000
00000000
00000000
00000000
00000000
00000000
00000000
00000000
00000000
00000000
00000000
00000000
00000000
00000000
00000000
00000000
00000000
00000000
00000000
00000000
00000000
00000000
00000000
00000000
00000000
00000000
00000000
00000000
00000000
00000000
00000000
00000000
00000000
00000000
00000000
00000000
00000000
00000000
00000000
00000000
00000000
00000000
00000000
00000000
00000000
00000000
00000000
00000000
00000000
00000000
00000000
00000000
00000000
00000000
00000000
00000000
00000000
00000000
00000000
00000000
00000000
00000000
00000000
00000000
00000000
00000000
00000000
00000000
00000000
00000000
00000000
00000000
00000000
00000000
00000000
00000000
00000000
00000000
00000000
00000000
00000000
00000000
00000000
00000000
00000000
00000000
00000000
00000000
00000000
00000000
00000000
00000000
00000000
00000000
00000000
00000000
00000000
00000000
00000000
00000000
00000000
00000000
00000000
00000000
00000000
00000000
00000000
00000000
00000000
00000000
00000000
00000000
00000000
00000000
00000000
00000000
00000000
00000000
00000000
00000000
00000000
00000000
00000000
00000000
00000000
00000000
00000000
00000000
00000000
00000000
00000000
00000000
00000000
00000000
00000000
00000000
00000000
00000000
00000000
00000000
00000000
00000000
00000000
00000000
00000000
00000000
00000000
00000000
00000000
00000000
00000000
00000000
00000000
00000000
00000000
00000000
00000000
00000000
00000000
00000000
00000000
00000000
00000000
00000000
00000000
00000000
00000000
00000000
00000000
00000000
00000000
00000000
00000000
00000000
00000000
00000000
00000000
00000000
00000000
00000000
00000000
00000000
00000000
00000000
00000000
00000000
00000000
00000000
00000000
00000000
00000000
00000000
00000000
00000000
00000000
00000000
00000000
00000000
00000000
00000000
00000000
00000000
00000000
00000000
00000000
00000000
00000000
00000000
00000000
00000000
00000000
00000000
00000000
00000000
00000000
00000000
00000000
00000000
00000000
00000000
00000000
00000000
00000000
00000000
00000000
00000000
00000000
00000000
00000000
00000000
00000000
00000000
00000000
00000000
00000000
00000000
00000000
00000000
00000000
00000000
00000000
00000000
00000000
00000000
00000000
00000000
00000000
00000000
00000000
00000000
00000000
00000000
00000000
00000000
00000000
00000000
00000000
00000000
00000000
00000000
00000000
00000000
00000000
00000000
00000000
00000000
00000000
00000000
00000000
00000000
00000000
00000000
00000000
00000000
00000000
00000000
00000000
00000000
00000000
00000000
00000000
00000000
00000000
00000000
00000000
00000000
00000000
00000000
00000000
00000000
00000000
00000000
00000000
00000000
00000000
00000000
00000000
00000000
00000000
00000000
00000000
00000000
00000000
00000000
00000000
00000000
00000000
00000000
00000000
00000000
00000000
00000000
00000000
00000000
00000000
00000000
00000000
00000000
00000000
00000000
00000000
00000000
00000000
00000000
00000000
00000000
00000000
00000000
00000000
00000000
00000000
00000000
00000000
00000000
00000000
00000000
00000000
00000000
00000000
00000000
00000000
00000000
00000000
00000000
00000000
00000000
00000000
00000000
00000000
00000000
00000000
00000000
00000000
00000000
00000000
00000000
00000000
00000000
00000000
00000000
00000000
00000000
00000000
00000000
00000000
00000000
00000000
00000000
00000000
00000000
00000000
00000000
00000000
00000000
00000000
00000000
00000000
00000000
00000000
00000000
00000000
00000000
00000000
00000000
00000000
00000000
00000000
00000000
00000000
00000000
00000000
00000000
00000000
00000000
00000000
00000000
00000000
00000000
00000000
00000000
00000000
00000000
00000000
00000000
00000000
00000000
00000000
00000000
00000000
00000000
00000000
00000000
00000000
00000000
00000000
00000000
00000000
00000000
00000000
00000000
00000000
00000000
00000000
00000000
00000000
00000000
00000000
00000000
00000000
00000000
00000000
00000000
00000000
00000000
00000000
00000000
00000000
00000000
00000000
00000000
00000000
00000000
00000000
00000000
00000000
00000000
00000000
00000000
00000000
00000000
00000000
00000000
00000000
00000000
00000000
00000000
00000000
00000000
00000000
00000000
00000000
00000000
00000000
00000000
00000000
00000000
00000000
00000000
00000000
00000000
00000000
00000000
00000000
00000000
00000000
00000000
00000000
00000000
00000000
00000000
00000000
00000000
00000000
00000000
00000000
00000000
00000000
00000000
00000000
00000000
00000000
00000000
00000000
00000000
00000000
00000000
00000000
00000000
00000000
00000000
00000000
00000000
00000000
00000000
00000000
00000000
00000000
00000000
00000000
00000000
00000000
00000000
00000000
00000000
00000000
00000000
00000000
00000000
00000000
00000000
00000000
00000000
00000000
00000000
00000000
00000000
00000000
00000000
00000000
00000000
00000000
00000000
00000000
00000000
00000000
00000000
00000000
00000000
00000000
00000000
00000000
00000000
00000000
00000000
00000000
00000000
00000000
00000000
00000000
00000000
00000000
00000000
00000000
00000000
00000000
00000000
00000000
00000000
00000000
00000000
00000000
00000000
00000000
00000000
00000000
00000000
00000000
00000000
00000000
00000000
00000000
00000000
00000000
00000000
00000000
00000000
00000000
00000000
00000000
00000000
00000000
00000000
00000000
00000000
00000000
00000000
00000000
00000000
00000000
00000000
00000000
00000000
00000000
00000000
00000000
00000000
00000000
00000000
00000000
00000000
00000000
00000000
00000000
00000000
00000000
00000000
00000000
00000000
00000000
00000000
00000000
00000000
00000000
00000000
00000000
00000000
00000000
00000000
00000000
00000000
00000000
00000000
00000000
00000000
00000000
00000000
00000000
00000000
00000000
00000000
00000000
00000000
00000000
00000000
00000000
00000000
00000000
00000000
00000000
00000000
00000000
00000000
00000000
00000000
00000000
00000000
00000000
00000000
00000000
00000000
00000000
00000000
00000000
00000000
00000000
00000000
00000000
00000000
00000000
00000000
00000000
00000000
00000000
00000000
00000000
00000000
00000000
00000000
00000000
00000000
00000000
00000000
00000000
00000000
00000000
00000000
00000000
00000000
00000000
00000000
00000000
00000000
00000000
00000000
00000000
00000000
00000000
00000000
00000000
00000000
00000000
00000000
00000000
00000000
00000000
00000000
00000000
00000000
00000000
00000000
00000000
00000000
00000000
00000000
00000000
00000000
00000000
00000000
00000000
00000000
00000000
00000000
00000000
00000000
00000000
00000000
00000000
00000000
00000000
00000000
00000000
00000000
00000000
00000000
00000000
00000000
00000000
00000000
00000000
00000000
00000000
00000000
00000000
00000000
00000000
00000000
00000000
00000000
00000000
00000000
00000000
00000000
00000000
00000000
00000000
00000000
00000000
00000000
00000000
00000000
00000000
00000000
00000000
00000000
00000000
00000000
00000000
00000000
00000000
00000000
00000000
00000000
00000000
00000000
00000000
00000000
00000000
00000000
00000000
00000000
00000000
00000000
00000000
00000000
00000000
00000000
00000000
00000000
00000000
00000000
00000000
00000000
00000000
00000000
00000000
00000000
00000000
00000000
00000000
00000000
00000000
00000000
00000000
00000000
00000000
00000000
00000000
00000000
00000000
00000000
00000000
00000000
00000000
00000000
00000000
00000000
00000000
00000000
00000000
00000000
00000000
00000000
00000000
00000000
00000000
00000000
00000000
00000000
00000000
00000000
00000000
00000000
00000000
00000000
00000000
00000000
00000000
00000000
00000000
00000000
00000000
00000000
00000000
00000000
00000000
00000000
00000000
00000000
00000000
00000000
00000000
00000000
00000000
00000000
00000000
00000000
00000000
00000000
00000000
00000000
00000000
00000000
00000000
00000000
00000000
00000000
00000000
00000000
00000000
00000000
00000000
00000000
00000000
00000000
00000000
00000000
00000000
00000000
00000000
00000000
00000000
00000000
00000000
00000000
00000000
00000000
00000000
00000000
00000000
00000000
00000000
00000000
00000000
00000000
00000000
00000000
00000000
00000000
00000000
00000000
00000000
00000000
00000000
00000000
00000000
00000000
00000000
00000000
00000000
00000000
00000000
00000000
00000000
00000000
00000000
00000000
00000000
00000000
00000000
00000000
00000000
00000000
00000000
00000000
00000000
00000000
00000000
00000000
00000000
00000000
00000000
00000000
00000000
00000000
00000000
00000000
00000000
00000000
00000000
00000000
00000000
00000000
00000000
00000000
00000000
00000000
00000000
00000000
00000000
00000000
00000000
00000000
00000000
00000000
00000000
00000000
00000000
00000000
00000000
00000000
00000000
00000000
00000000
00000000
00000000
00000000
00000000
00000000
00000000
00000000
00000000
00000000
00000000
00000000
00000000
00000000
00000000
00000000
00000000
00000000
00000000
00000000
00000000
00000000
00000000
00000000
00000000
00000000
00000000
00000000
00000000
00000000
00000000
00000000
00000000
00000000
00000000
00000000
00000000
00000000
00000000
00000000
00000000
00000000
00000000
00000000
00000000
00000000
00000000
00000000
00000000
00000000
00000000
00000000
00000000
00000000
00000000
00000000
00000000
00000000
00000000
00000000
00000000
00000000
00000000
00000000
00000000
00000000
00000000
00000000
00000000
00000000
00000000
00000000
00000000
00000000
00000000
00000000
00000000
00000000
00000000
00000000
00000000
00000000
00000000
00000000
00000000
00000000
00000000
00000000
00000000
00000000
00000000
00000000
00000000
00000000
00000000
00000000
00000000
00000000
00000000
00000000
00000000
00000000
00000000
00000000
00000000
00000000
00000000
00000000
00000000
00000000
00000000
00000000
00000000
00000000
00000000
00000000
00000000
00000000
00000000
00000000
00000000
00000000
00000000
00000000
00000000
00000000
00000000
00000000
00000000
00000000
00000000
00000000
00000000
00000000
00000000
00000000
00000000
00000000
00000000
00000000
00000000
00000000
00000000
00000000
00000000
00000000
00000000
00000000
00000000
00000000
00000000
00000000
00000000
00000000
00000000
00000000
00000000
00000000
00000000
00000000
00000000
00000000
00000000
00000000
00000000
00000000
00000000
00000000
00000000
00000000
00000000
00000000
00000000
00000000
00000000
00000000
00000000
00000000
00000000
00000000
00000000
00000000
00000000
00000000
00000000
00000000
00000000
00000000
00000000
00000000
00000000
00000000
00000000
00000000
00000000
00000000
00000000
00000000
00000000
00000000
00000000
00000000
00000000
00000000
00000000
00000000
00000000
00000000
00000000
00000000
00000000
00000000
00000000
00000000
00000000
00000000
00000000
00000000
00000000
00000000
00000000
00000000
00000000
00000000
00000000
00000000
00000000
00000000
00000000
00000000
00000000
00000000
00000000
00000000
00000000
00000000
00000000
00000000
00000000
00000000
00000000
00000000
00000000
00000000
00000000
00000000
00000000
00000000
00000000
00000000
00000000
00000000
00000000
00000000
00000000
00000000
00000000
00000000
00000000
00000000
00000000
00000000
00000000
00000000
00000000
00000000
00000000
00000000
00000000
00000000
00000000
00000000
00000000
00000000
00000000
00000000
00000000
00000000
00000000
00000000
00000000
00000000
00000000
00000000
00000000
00000000
00000000
00000000
00000000
00000000
00000000
00000000
00000000
00000000
00000000
00000000
00000000
00000000
00000000
00000000
00000000
00000000
00000000
00000000
00000000
00000000
00000000
00000000
00000000
00000000
00000000
00000000
00000000
00000000
00000000
00000000
00000000
00000000
00000000
00000000
00000000
00000000
00000000
00000000
00000000
00000000
00000000
00000000
00000000
00000000
00000000
00000000
00000000
00000000
00000000
00000000
00000000
00000000
00000000
00000000
00000000
00000000
00000000
00000000
00000000
00000000
00000000
00000000
00000000
00000000
00000000
00000000
00000000
00000000
00000000
00000000
00000000
00000000
00000000
00000000
00000000
00000000
00000000
00000000
00000000
00000000
00000000
00000000
00000000
00000000
00000000
00000000
00000000
00000000
00000000
00000000
00000000
00000000
00000000
00000000
00000000
00000000
00000000
00000000
00000000
00000000
00000000
00000000
00000000
00000000
00000000
00000000
00000000
00000000
00000000
00000000
00000000
00000000
00000000
00000000
00000000
00000000
00000000
00000000
00000000
00000000
00000000
00000000
00000000
00000000
00000000
00000000
00000000
00000000
00000000
00000000
00000000
00000000
00000000
00000000
00000000
00000000
00000000
00000000
00000000
00000000
00000000
00000000
00000000
00000000
00000000
00000000
00000000
00000000
00000000
00000000
00000000
00000000
00000000
00000000
00000000
00000000
00000000
00000000
00000000
00000000
00000000
00000000
00000000
00000000
00000000
00000000
00000000
00000000
00000000
00000000
00000000
00000000
00000000
00000000
00000000
00000000
00000000
00000000
00000000
00000000
00000000
00000000
00000000
00000000
00000000
00000000
00000000
00000000
00000000
00000000
00000000
00000000
00000000
00000000
00000000
00000000
00000000
00000000
00000000
00000000
00000000
00000000
00000000
00000000
00000000
00000000
00000000
00000000
00000000
00000000
00000000
00000000
00000000
00000000
00000000
00000000
00000000
00000000
00000000
00000000
00000000
00000000
00000000
00000000
00000000
00000000
00000000
00000000
00000000
00000000
00000000
00000000
00000000
00000000
00000000
00000000
00000000
00000000
00000000
00000000
00000000
00000000
00000000
00000000
00000000
00000000
00000000
00000000
00000000
00000000
00000000
00000000
00000000
00000000
00000000
00000000
00000000
00000000
00000000
00000000
00000000
00000000
00000000
00000000
00000000
00000000
00000000
00000000
00000000
00000000
00000000
00000000
00000000
00000000
00000000
00000000
00000000
00000000
00000000
00000000
00000000
00000000
00000000
00000000
00000000
00000000
00000000
00000000
00000000
00000000
00000000
00000000
00000000
00000000
00000000
00000000
00000000
00000000
00000000
00000000
00000000
00000000
00000000
00000000
00000000
00000000
00000000
00000000
00000000
00000000
00000000
00000000
00000000
00000000
00000000
00000000
00000000
00000000
00000000
00000000
00000000
00000000
00000000
00000000
00000000
00000000
00000000
00000000
00000000
00000000
00000000
00000000
00000000
00000000
00000000
00000000
00000000
00000000
00000000
00000000
00000000
00000000
00000000
00000000
00000000
00000000
00000000
00000000
00000000
00000000
00000000
00000000
00000000
00000000
00000000
00000000
00000000
00000000
00000000
00000000
00000000
00000000
00000000
00000000
00000000
00000000
00000000
00000000
00000000
00000000
00000000
00000000
00000000
00000000
00000000
00000000
00000000
00000000
00000000
00000000
00000000
00000000
00000000
00000000
00000000
00000000
00000000
00000000
00000000
00000000
00000000
00000000
00000000
00000000
00000000
00000000
00000000
00000000
00000000
00000000
00000000
00000000
00000000
00000000
00000000
00000000
00000000
00000000
00000000
00000000
00000000
00000000
00000000
00000000
00000000
00000000
00000000
00000000
00000000
00000000
00000000
00000000
00000000
00000000
00000000
00000000
00000000
00000000
00000000
00000000
00000000
00000000
00000000
00000000
00000000
00000000
00000000
00000000
00000000
00000000
00000000
00000000
00000000
00000000
00000000
00000000
00000000
00000000
00000000
00000000
00000000
00000000
00000000
00000000
00000000
00000000
00000000
00000000
00000000
00000000
00000000
00000000
00000000
00000000
00000000
00000000
00000000
00000000
00000000
00000000
00000000
00000000
00000000
00000000
00000000
00000000
00000000
00000000
00000000
00000000
00000000
00000000
00000000
00000000
00000000
00000000
00000000
00000000
00000000
00000000
00000000
00000000
00000000
00000000
00000000
00000000
00000000
00000000
00000000
00000000
00000000
00000000
00000000
00000000
00000000
00000000
00000000
00000000
00000000
00000000
00000000
00000000
00000000
00000000
00000000
00000000
00000000
00000000
00000000
00000000
00000000
00000000
00000000
00000000
00000000
00000000
00000000
00000000
00000000
00000000
00000000
00000000
00000000
00000000
00000000
00000000
00000000
00000000
00000000
00000000
00000000
00000000
00000000
00000000
00000000
00000000
00000000
00000000
00000000
00000000
00000000
00000000
00000000
00000000
00000000
00000000
00000000
00000000
00000000
00000000
00000000
00000000
00000000
00000000
00000000
00000000
00000000
00000000
00000000
00000000
00000000
00000000
00000000
00000000
00000000
00000000
00000000
00000000
00000000
00000000
00000000
00000000
00000000
00000000
00000000
00000000
00000000
00000000
00000000
00000000
00000000
00000000
00000000
00000000
00000000
00000000
00000000
00000000
00000000
00000000
00000000
00000000
00000000
00000000
00000000
00000000
00000000
00000000
00000000
00000000
00000000
00000000
00000000
00000000
00000000
00000000
00000000
00000000
00000000
00000000
00000000
00000000
00000000
00000000
00000000
00000000
00000000
00000000
00000000
00000000
00000000
00000000
00000000
00000000
00000000
00000000
00000000
00000000
00000000
00000000
00000000
00000000
00000000
00000000
00000000
00000000
00000000
00000000
00000000
00000000
00000000
00000000
00000000
00000000
00000000
00000000
00000000
00000000
00000000
00000000
00000000
00000000
00000000
00000000
00000000
00000000
00000000
00000000
00000000
00000000
00000000
00000000
00000000
00000000
00000000
00000000
00000000
00000000
00000000
00000000
00000000
00000000
00000000
00000000
00000000
00000000
00000000
00000000
00000000
00000000
00000000
00000000
00000000
00000000
00000000
00000000
00000000
00000000
00000000
00000000
00000000
00000000
00000000
00000000
00000000
00000000
00000000
00000000
00000000
00000000
00000000
00000000
00000000
00000000
00000000
00000000
00000000
00000000
00000000
00000000
00000000
00000000
00000000
00000000
00000000
00000000
00000000
00000000
00000000
00000000
00000000
00000000
00000000
00000000
00000000
00000000
00000000
00000000
00000000
00000000
00000000
00000000
00000000
00000000
00000000
00000000
00000000
00000000
00000000
00000000
00000000
00000000
00000000
00000000
00000000
00000000
00000000
00000000
00000000
00000000
00000000
00000000
00000000
00000000
00000000
00000000
00000000
00000000
00000000
00000000
00000000
00000000
00000000
00000000
00000000
00000000
00000000
00000000
00000000
00000000
00000000
00000000
00000000
00000000
00000000
00000000
00000000
00000000
00000000
00000000
00000000
00000000
00000000
00000000
00000000
00000000
00000000
00000000
00000000
00000000
00000000
00000000
00000000
00000000
00000000
00000000
00000000
00000000
00000000
00000000
00000000
00000000
00000000
00000000
00000000
00000000
00000000
00000000
00000000
00000000
00000000
00000000
00000000
00000000
00000000
00000000
00000000
00000000
00000000
00000000
00000000
00000000
00000000
00000000
00000000
00000000
00000000
00000000
00000000
00000000
00000000
00000000
00000000
00000000
00000000
00000000
00000000
00000000
00000000
00000000
00000000
00000000
00000000
00000000
00000000
00000000
00000000
00000000
00000000
00000000
00000000
00000000
00000000
00000000
00000000
00000000
00000000
00000000
00000000
00000000
00000000
00000000
00000000
00000000
00000000
00000000
00000000
00000000
00000000
00000000
00000000
00000000
00000000
00000000
00000000
00000000
00000000
00000000
00000000
00000000
00000000
00000000
00000000
00000000
00000000
00000000
00000000
00000000
00000000
00000000
00000000
00000000
00000000
00000000
00000000
00000000
00000000
00000000
00000000
00000000
00000000
00000000
00000000
00000000
00000000
00000000
00000000
00000000
00000000
00000000
00000000
00000000
00000000
00000000
00000000
00000000
00000000
00000000
00000000
00000000
00000000
00000000
00000000
00000000
00000000
00000000
00000000
00000000
00000000
00000000
00000000
00000000
00000000
00000000
00000000
00000000
00000000
00000000
00000000
00000000
00000000
00000000
00000000
00000000
00000000
00000000
00000000
00000000
00000000
00000000
00000000
00000000
00000000
00000000
00000000
00000000
00000000
00000000
00000000
00000000
00000000
00000000
00000000
00000000
00000000
00000000
00000000
00000000
00000000
00000000
00000000
00000000
00000000
00000000
00000000
00000000
00000000
00000000
00000000
00000000
00000000
00000000
00000000
00000000
00000000
00000000
00000000
00000000
00000000
00000000
00000000
00000000
00000000
00000000
00000000
00000000
00000000
00000000
00000000
00000000
00000000
00000000
00000000
00000000
00000000
00000000
00000000
00000000
00000000
00000000
00000000
00000000
00000000
00000000
00000000
00000000
00000000
00000000
00000000
00000000
00000000
00000000
00000000
00000000
00000000
00000000
00000000
00000000
00000000
00000000
00000000
00000000
00000000
00000000
00000000
00000000
00000000
00000000
00000000
00000000
00000000
00000000
00000000
00000000
00000000
00000000
00000000
00000000
00000000
00000000
00000000
00000000
00000000
00000000
00000000
00000000
00000000
00000000
00000000
00000000
00000000
00000000
00000000
00000000
00000000
00000000
00000000
00000000
00000000
00000000
00000000
00000000
00000000
00000000
00000000
00000000
00000000
00000000
00000000
00000000
00000000
00000000
00000000
00000000
00000000
00000000
00000000
00000000
00000000
00000000
00000000
00000000
00000000
00000000
00000000
00000000
00000000
00000000
00000000
00000000
00000000
00000000
00000000
00000000
00000000
00000000
00000000
00000000
00000000
00000000
00000000
00000000
00000001
00010000
00000400
0000001d
00000000
00000000
00000000
00000000
00000000
00000000
00000000
00000000
00000000
00000000
00000000
00000000
00000002
00010000
00000989
0000001e
0000001f
00000020
00000000
00000000
00000000
00000000
00000000
00000000
00000000
00000000
00000000
00000000
00000002
00010000
00008f80
00000021
00000022
00000023
00000024
00000025
00000026
00000027
00000028
00000029
0000002a
0000002b
0000002c
0000002d
00000002
00010000
00008af0
00000046
00000047
00000048
00000049
0000004a
0000004b
0000004c
0000004d
0000004e
0000004f
00000050
00000051
00000052
00000002
00010000
000045d8
0000006a
0000006b
0000006c
0000006d
0000006e
0000006f
00000070
00000071
00000072
00000073
00000074
00000075
00000076
00000002
00010000
0000ace8
0000007d
0000007e
0000007f
00000080
00000081
00000082
00000083
00000084
00000085
00000086
00000087
00000088
00000089
00000002
00010000
00008cc8
000000aa
000000ab
000000ac
000000ad
000000ae
000000af
000000b0
000000b1
000000b2
000000b3
000000b4
000000b5
000000b6
00000002
00010000
00008ab0
000000cf
000000d0
000000d1
000000d2
000000d3
000000d4
000000d5
000000d6
000000d7
000000d8
000000d9
000000da
000000db
00000002
00010000
000089f8
000000f3
000000f4
000000f5
000000f6
000000f7
000000f8
000000f9
000000fa
000000fb
000000fc
000000fd
000000fe
000000ff
00000002
00010000
0000a7c0
00000117
00000118
00000119
0000011a
0000011b
0000011c
0000011d
0000011e
0000011f
00000120
00000121
00000122
00000123
00000002
00010000
00008af0
00000142
00000143
00000144
00000145
00000146
00000147
00000148
00000149
0000014a
0000014b
0000014c
0000014d
0000014e
00000002
00010000
00008ae0
00000166
00000167
00000168
00000169
0000016a
0000016b
0000016c
0000016d
0000016e
0000016f
00000170
00000171
00000172
00000002
00010000
0000e4c8
0000018a
0000018b
0000018c
0000018d
0000018e
0000018f
00000190
00000191
00000192
00000193
00000194
00000195
00000196
00000002
00010000
00008e40
000001c5
000001c6
000001c7
000001c8
000001c9
000001ca
000001cb
000001cc
000001cd
000001ce
000001cf
000001d0
000001d1
00000002
00010000
000300a0
000001ea
000001eb
000001ec
000001ed
000001ee
000001ef
000001f0
000001f1
000001f2
000001f3
000001f4
000001f5
000001f6
00000002
00010000
0000cb18
000002ac
000002ad
000002ae
000002af
000002b0
000002b1
000002b2
000002b3
000002b4
000002b5
000002b6
000002b7
000002b8
00000002
00010000
00009340
000002e0
000002e1
000002e2
000002e3
000002e4
000002e5
000002e6
000002e7
000002e8
000002e9
000002ea
000002eb
000002ec
00000002
00010000
00008860
00000306
00000307
00000308
00000309
0000030a
0000030b
0000030c
0000030d
0000030e
0000030f
00000310
00000311
00000312
00000002
00010000
00009280
0000032a
0000032b
0000032c
0000032d
0000032e
0000032f
00000330
00000331
00000332
00000333
00000334
00000335
00000336
00000002
00010000
00008dd0
00000350
00000351
00000352
00000353
00000354
00000355
00000356
00000357
00000358
00000359
0000035a
0000035b
0000035c
00000002
00010000
00008ba8
00000375
00000376
00000377
00000378
00000379
0000037a
0000037b
0000037c
0000037d
0000037e
0000037f
00000380
00000381
00000002
00010000
00009150
00000399
0000039a
0000039b
0000039c
0000039d
0000039e
0000039f
000003a0
000003a1
000003a2
000003a3
000003a4
000003a5
00000002
00010000
00008c58
000003bf
000003c0
000003c1
000003c2
000003c3
000003c4
000003c5
000003c6
000003c7
000003c8
000003c9
000003ca
000003cb
00000000
00000000
00000000
00000000
00000000
00000000
00000000
00000000
00000000
00000000
00000000
00000000
00000000
00000000
00000000
00000000
00000000
00000000
00000000
00000000
00000000
00000000
00000000
00000000
00000000
00000000
00000000
00000000
00000000
00000000
00000000
00000000
00000000
00000000
00000000
00000000
00000000
00000000
00000000
00000000
00000000
00000000
00000000
00000000
00000000
00000000
00000000
00000000
00000000
00000000
00000000
00000000
00000000
00000000
00000000
00000000
00000000
00000000
00000000
00000000
00000000
00000000
00000000
00000000
00000000
00000000
00000000
00000000
00000000
00000000
00000000
00000000
00000000
00000000
00000000
00000000
00000000
00000000
00000000
00000000
00000000
00000000
00000000
00000000
00000000
00000000
00000000
00000000
00000000
00000000
00000000
00000000
00000000
00000000
00000000
00000000
00000000
00000000
00000000
00000000
00000000
00000000
00000000
00000000
00000000
00000000
00000000
00000000
00000000
00000000
00000000
00000000
00000000
00000000
00000000
00000000
00000000
00000000
00000000
00000000
00000000
00000000
00000000
00000000
00000000
00000000
00000000
00000000
00000000
00000000
00000000
00000000
00000000
00000000
00000000
00000000
00000000
00000000
00000000
00000000
00000000
00000000
00000000
00000000
00000000
00000000
00000000
00000000
00000000
00000000
00000000
00000000
00000000
00000000
00000000
00000000
00000000
00000000
00000000
00000000
00000000
00000000
00000000
00000000
00000000
00000000
00000000
00000000
00000000
00000000
00000000
00000000
00000000
00000000
00000000
00000000
00000000
00000000
00000000
00000000
00000000
00000000
00000000
00000000
00000000
00000000
00000000
00000000
00000000
00000000
00000000
00000000
00000000
00000000
00000000
00000000
00000000
00000000
00000000
00000000
00000000
00000000
00000000
00000000
00000000
00000000
00000000
00000000
00000000
00000000
00000000
00000000
00000000
00000000
00000000
00000000
00000000
00000000
00000000
00000000
00000000
00000000
00000000
00000000
00000000
00000000
00000000
00000000
00000000
00000000
00000000
00000000
00000000
00000000
00000000
00000000
00000000
00000000
00000000
00000000
00000000
00000000
00000000
00000000
00000000
00000000
00000000
00000000
00000000
00000000
00000000
00000000
00000000
00000000
00000000
00000000
00000000
00000000
00000000
00000000
00000000
00000000
00000000
00000000
00000000
00000000
00000000
00000000
00000000
00000000
00000000
00000000
00000000
00000000
00000000
00000000
00000000
00000000
00000000
00000000
00000000
00000000
00000000
00000000
00000000
00000000
00000000
00000000
00000000
00000000
00000000
00000000
00000000
00000000
00000000
00000000
00000000
00000000
00000000
00000000
00000000
00000000
00000000
00000000
00000000
00000000
00000000
00000000
00000000
00000000
00000000
00000000
00000000
00000000
00000000
00000000
00000000
00000000
00000000
00000000
00000000
00000000
00000000
00000000
00000000
00000000
00000000
00000000
00000000
00000000
00000000
00000000
00000000
00000000
00000000
00000000
00000000
00000000
00000000
00000000
00000000
00000000
00000000
00000000
00000000
00000000
00000000
00000000
00000000
00000000
00000000
00000000
00000000
00000000
00000000
00000000
00000000
00000000
00000000
00000000
00000000
00000000
00000000
00000000
00000000
00000000
00000000
00000000
00000000
00000000
00000000
00000000
00000000
00000000
00000000
00000000
00000000
00000000
00000000
00000000
00000000
00000000
00000000
00000000
00000000
00000000
00000000
00000000
00000000
00000000
00000000
00000000
00000000
00000000
00000000
00000000
00000000
00000000
00000000
00000000
00000000
00000000
00000000
00000000
00000000
00000000
00000000
00000000
00000000
00000000
00000000
00000000
00000000
00000000
00000000
00000000
00000000
00000000
00000000
00000000
00000000
00000000
00000000
00000000
00000000
00000000
00000000
00000000
00000000
00000000
00000000
00000000
00000000
00000000
00000000
00000000
00000000
00000000
00000000
00000000
00000000
00000000
00000000
00000000
00000000
00000000
00000000
00000000
00000000
00000000
00000000
00000000
00000000
00000000
00000000
00000000
00000000
00000000
00000000
00000000
00000000
00000000
00000000
00000000
00000000
00000000
00000000
00000000
00000000
00000000
00000000
00000000
00000000
00000000
00000000
00000000
00000000
00000000
00000000
00000000
00000000
00000000
00000000
00000000
00000000
00000000
00000000
00000000
00000000
00000000
00000000
00000000
00000000
00000000
00000000
00000000
00000000
00000000
00000000
00000000
00000000
00000000
00000000
00000000
00000000
00000000
00000000
00000000
00000000
00000000
00000000
00000000
00000000
00000000
00000000
00000000
00000000
00000000
00000000
00000000
00000000
00000000
00000000
00000000
00000000
00000000
00000000
00000000
00000000
00000000
00000000
00000000
00000000
00000000
00000000
00000000
00000000
00000000
00000000
00000000
00000000
00000000
00000000
00000000
00000000
00000000
00000000
00000000
00000000
00000000
00000000
00000000
00000000
00000000
00000000
00000000
00000000
00000000
00000000
00000000
00000000
00000000
00000000
00000000
00000000
00000000
00000000
00000000
00000000
00000000
00000000
00000000
00000000
00000000
00000000
00000000
00000000
00000000
00000000
00000000
00000000
00000000
00000000
00000000
00000000
00000000
00000000
00000000
00000000
00000000
00000000
00000000
00000000
00000000
00000000
00000000
00000000
00000000
00000000
00000000
00000000
00000000
00000000
00000000
00000000
00000000
00000000
00000000
00000000
00000000
00000000
00000000
00000000
00000000
00000000
00000000
00000000
00000000
00000000
00000000
00000000
00000000
00000000
00000000
00000000
00000000
00000000
00000000
00000000
00000000
00000000
00000000
00000000
00000000
00000000
00000000
00000000
00000000
00000000
00000000
00000000
00000000
00000000
00000000
00000000
00000000
00000000
00000000
00000000
00000000
00000000
00000000
00000000
00000000
00000000
00000000
00000000
00000000
00000000
00000000
00000000
00000000
00000000
00000000
00000000
00000000
00000000
00000000
00000000
00000000
00000000
00000000
00000000
00000000
00000000
00000000
00000000
00000000
00000000
00000000
00000000
00000000
00000000
00000000
00000000
00000000
00000000
00000000
00000000
00000000
00000000
00000000
00000000
00000000
00000000
00000000
00000000
00000000
00000000
00000000
00000000
00000000
00000000
00000000
00000000
00000000
00000000
00000000
00000000
00000000
00000000
00000000
00000000
00000000
00000000
00000000
00000000
00000000
00000000
00000000
00000000
00000000
00000000
00000000
00000000
00000000
00000000
00000000
00000000
00000000
00000000
00000000
00000000
00000000
00000000
00000000
00000000
00000000
00000000
00000000
00000000
00000000
00000000
00000000
00000000
00000000
00000000
00000000
00000000
00000000
00000000
00000000
00000000
00000000
00000000
00000000
00000000
00000000
00000000
00000000
00000000
00000000
00000000
00000000
00000000
00000000
00000000
00000000
00000000
00000000
00000000
00000000
00000000
00000000
00000000
00000000
00000000
00000000
00000000
00000000
00000000
00000000
00000000
00000000
00000000
00000000
00000000
00000000
00000000
00000000
00000000
00000000
00000000
00000000
00000000
00000000
00000000
00000000
00000000
00000000
00000000
00000000
00000000
00000000
00000000
00000000
00000000
00000000
00000000
00000000
00000000
00000000
00000000
00000000
00000000
00000000
00000000
00000000
00000000
00000000
00000000
00000000
00000000
00000000
00000000
00000000
00000000
00000000
00000000
00000000
00000000
00000000
00000000
00000000
00000000
00000000
00000000
00000000
00000000
00000000
00000000
00000000
00000000
00000000
00000000
00000000
00000000
00000000
00000000
00000000
00000000
00000000
00000000
00000000
00000000
00000000
00000000
00000000
00000000
00000000
00000000
00000000
00000000
00000000
00000000
00000000
00000000
00000000
00000000
00000000
00000000
00000000
00000000
00000000
00000000
00000000
00000000
00000000
00000000
00000000
00000000
00000000
00000000
00000000
00000000
00000000
00000000
00000000
00000000
00000000
00000000
00000000
00000000
00000000
00000000
00000000
00000000
00000000
00000000
00000000
00000000
00000000
00000000
00000000
00000000
00000000
00000000
00000000
00000000
00000000
00000000
00000000
00000000
00000000
00000000
00000000
00000000
00000000
00000000
00000000
00000000
00000000
00000000
00000000
00000000
00000000
00000000
00000000
00000000
00000000
00000000
00000000
00000000
00000000
00000000
00000000
00000000
00000000
00000000
00000000
00000000
00000000
00000000
00000000
00000000
00000000
00000000
00000000
00000000
00000000
00000000
00000000
00000000
00000000
00000000
00000000
00000000
00000000
00000000
00000000
00000000
00000000
00000000
00000000
00000000
00000000
00000000
00000000
00000000
00000000
00000000
00000000
00000000
00000000
00000000
00000000
00000000
00000000
00000000
00000000
00000000
00000000
00000000
00000000
00000000
00000000
00000000
00000000
00000000
00000000
00000000
00000000
00000000
00000000
00000000
00000000
00000000
00000000
00000000
00000000
00000000
00000000
00000000
00000000
00000000
00000000
00000000
00000000
00000000
00000000
00000000
00000000
00000000
00000000
00000000
00000000
00000000
00000000
00000000
00000000
00000000
00000000
00000000
00000000
00000000
00000000
00000000
00000000
00000000
00000000
00000000
00000000
00000000
00000000
00000000
00000000
00000000
00000000
00000000
00000000
00000000
00000000
00000000
00000000
00000000
00000000
00000000
00000000
00000000
00000000
00000000
00000000
00000000
00000000
00000000
00000000
00000000
00000000
00000000
00000000
00000000
00000000
00000000
00000000
00000000
00000000
00000000
00000000
00000000
00000000
00000000
00000000
00000000
00000000
00000000
00000000
00000000
00000000
00000000
00000000
00000000
00000000
00000000
00000000
00000000
00000000
00000000
00000000
00000000
00000000
00000000
00000000
00000000
00000000
00000000
00000000
00000000
00000000
00000000
00000000
00000000
00000000
00000000
00000000
00000000
00000000
00000000
00000000
00000000
00000000
00000000
00000000
00000000
00000000
00000000
00000000
00000000
00000000
00000000
00000000
00000000
00000000
00000000
00000000
00000000
00000000
00000000
00000000
00000000
00000000
00000000
00000000
00000000
00000000
00000000
00000000
00000000
00000000
00000000
00000000
00000000
00000000
00000000
00000000
00000000
00000000
00000000
00000000
00000000
00000000
00000000
00000000
00000000
00000000
00000000
00000000
00000000
00000000
00000000
00000000
00000000
00000000
00000000
00000000
00000000
00000000
00000000
00000000
00000000
00000000
00000000
00000000
00000000
00000000
00000000
00000000
00000000
00000000
00000000
00000000
00000000
00000000
00000000
00000000
00000000
00000000
00000000
00000000
00000000
00000000
00000000
00000000
00000000
00000000
00000000
00000000
00000000
00000000
00000000
00000000
00000000
00000000
00000000
00000000
00000000
00000000
00000000
00000000
00000000
00000000
00000000
00000000
00000000
00000000
00000000
00000000
00000000
00000000
00000000
00000000
00000000
00000000
00000000
00000000
00000000
00000000
00000000
00000000
00000000
00000000
00000000
00000000
00000000
00000000
00000000
00000000
00000000
00000000
00000000
00000000
00000000
00000000
00000000
00000000
00000000
00000000
00000000
00000000
00000000
00000000
00000000
00000000
00000000
00000000
00000000
00000000
00000000
00000000
00000000
00000000
00000000
00000000
00000000
00000000
00000000
00000000
00000000
00000000
00000000
00000000
00000000
00000000
00000000
00000000
00000000
00000000
00000000
00000000
00000000
00000000
00000000
00000000
00000000
00000000
00000000
00000000
00000000
00000000
00000000
00000000
00000000
00000000
00000000
00000000
00000000
00000000
00000000
00000000
00000000
00000000
00000000
00000000
00000000
00000000
00000000
00000000
00000000
00000000
00000000
00000000
00000000
00000000
00000000
00000000
00000000
00000000
00000000
00000000
00000000
00000000
00000000
00000000
00000000
00000000
00000000
00000000
00000000
00000000
00000000
00000000
00000000
00000000
00000000
00000000
00000000
00000000
00000000
00000000
00000000
00000000
00000000
00000000
00000000
00000000
00000000
00000000
00000000
00000000
00000000
00000000
00000000
00000000
00000000
00000000
00000000
00000000
00000000
00000000
00000000
00000000
00000000
00000000
00000000
00000000
00000000
00000000
00000000
00000000
00000000
00000000
00000000
00000000
00000000
00000000
00000000
00000000
00000000
00000000
00000000
00000000
00000000
00000000
00000000
00000000
00000000
00000000
00000000
00000000
00000000
00000000
00000000
00000000
00000000
00000000
00000000
00000000
00000000
00000000
00000000
00000000
00000000
00000000
00000000
00000000
00000000
00000000
00000000
00000000
00000000
00000000
00000000
00000000
00000000
00000000
00000000
00000000
00000000
00000000
00000000
00000000
00000000
00000000
00000000
00000000
00000000
00000000
00000000
00000000
00000000
00000000
00000000
00000000
00000000
00000000
00000000
00000000
00000000
00000000
00000000
00000000
00000000
00000000
00000000
00000000
00000000
00000000
00000000
00000000
00000000
00000000
00000000
00000000
00000000
00000000
00000000
00000000
00000000
00000000
00000000
00000000
00000000
00000000
00000000
00000000
00000000
00000000
00000000
00000000
00000000
00000000
00000000
00000000
00000000
00000000
00000000
00000000
00000000
00000000
00000000
00000000
00000000
00000000
00000000
00000000
00000000
00000000
00000000
00000000
00000000
00000000
00000000
00000000
00000000
00000000
00000000
00000000
00000000
00000000
00000000
00000000
00000000
00000000
00000000
00000000
00000000
00000000
00000000
00000000
00000000
00000000
00000000
00000000
00000000
00000000
00000000
00000000
00000000
00000000
00000000
00000000
00000000
00000000
00000000
00000000
00000000
00000000
00000000
00000000
00000000
00000000
00000000
00000000
00000000
00000000
00000000
00000000
00000000
00000000
00000000
00000000
00000000
00000000
00000000
00000000
00000000
00000000
00000000
00000000
00000000
00000000
00000000
00000000
00000000
00000000
00000000
00000000
00000000
00000000
00000000
00000000
00000000
00000000
00000000
00000000
00000000
00000000
00000000
00000000
00000000
00000000
00000000
00000000
00000000
00000000
00000000
00000000
00000000
00000000
00000000
00000000
00000000
00000000
00000000
00000000
00000000
00000000
00000000
00000000
00000000
00000000
00000000
00000000
00000000
00000000
00000000
00000000
00000000
00000000
00000000
00000000
00000000
00000000
00000000
00000000
00000000
00000000
00000000
00000000
00000000
00000000
00000000
00000000
00000000
00000000
00000000
00000000
00000000
00000000
00000000
00000000
00000000
00000000
00000000
00000000
00000000
00000000
00000000
00000000
00000000
00000000
00000000
00000000
00000000
00000000
00000000
00000000
00000000
00000000
00000000
00000000
00000000
00000000
00000000
00000000
00000000
00000000
00000000
00000000
00000000
00000000
00000000
00000000
00000000
00000000
00000000
00000000
00000000
00000000
00000000
00000000
00000000
00000000
00000000
00000000
00000000
00000000
00000000
00000000
00000000
00000000
00000000
00000000
00000000
00000000
00000000
00000000
00000000
00000000
00000000
00000000
00000000
00000000
00000000
00000000
00000000
00000000
00000000
00000000
00000000
00000000
00000000
00000000
00000000
00000000
00000000
00000000
00000000
00000000
00000000
00000000
00000000
00000000
00000000
00000000
00000000
00000000
00000000
00000000
00000000
00000000
00000000
00000000
00000000
00000000
00000000
00000000
00000000
00000000
00000000
00000000
00000000
00000000
00000000
00000000
00000000
00000000
00000000
00000000
00000000
00000000
00000000
00000000
00000000
00000000
00000000
00000000
00000000
00000000
00000000
00000000
00000000
00000000
00000000
00000000
00000000
00000000
00000000
00000000
00000000
00000000
00000000
00000000
00000000
00000000
00000000
00000000
00000000
00000000
00000000
00000000
00000000
00000000
00000000
00000000
00000000
00000000
00000000
00000000
00000000
00000000
00000000
00000000
00000000
00000000
00000000
00000000
00000000
00000000
00000000
00000000
00000000
00000000
00000000
00000000
00000000
00000000
00000000
00000000
00000000
00000000
00000000
00000000
00000000
00000000
00000000
00000000
00000000
00000000
00000000
00000000
00000000
00000000
00000000
00000000
00000000
00000000
00000000
00000000
00000000
00000000
00000000
00000000
00000000
00000000
00000000
00000000
00000000
00000000
00000000
00000000
00000000
00000000
00000000
00000000
00000000
00000000
00000000
00000000
00000000
00000000
00000000
00000000
00000000
00000000
00000000
00000000
00000000
00000000
00000000
00000000
00000000
00000000
00000000
00000000
00000000
00000000
00000000
00000000
00000000
00000000
00000000
00000000
00000000
00000000
00000000
00000000
00000000
00000000
00000000
00000000
00000000
00000000
00000000
00000000
00000000
00000000
00000000
00000000
00000000
00000000
00000000
00000000
00000000
00000000
00000000
00000000
00000000
00000000
00000000
00000000
00000000
00000000
00000000
00000000
00000000
00000000
00000000
00000000
00000000
00000000
00000000
00000000
00000000
00000000
00000000
00000000
00000000
00000000
00000000
00000000
00000000
00000000
00000000
00000000
00000000
00000000
00000000
00000000
00000000
00000000
00000000
00000000
00000000
00000000
00000000
00000000
00000000
00000000
00000000
00000000
00000000
00000000
00000000
00000000
00000000
00000000
00000000
00000000
00000000
00000000
00000000
00000000
00000000
00000000
00000000
00000000
00000000
00000000
00000000
00000000
00000000
00000000
00000000
00000000
00000000
00000000
00000000
00000000
00000000
00000000
00000000
00000000
00000000
00000000
00000000
00000000
00000000
00000000
00000000
00000000
00000000
00000000
00000000
00000000
00000000
00000000
00000000
00000000
00000000
00000000
00000000
00000000
00000000
00000000
00000000
00000000
00000000
00000000
00000000
00000000
00000000
00000000
00000000
00000000
00000000
00000000
00000000
00000000
00000000
00000000
00000000
00000000
00000000
00000000
00000000
00000000
00000000
00000000
00000000
00000000
00000000
00000000
00000000
00000000
00000000
00000000
00000000
00000000
00000000
00000000
00000000
00000000
00000000
00000000
00000000
00000000
00000000
00000000
00000000
00000000
00000000
00000000
00000000
00000000
00000000
00000000
00000000
00000000
00000000
00000000
00000000
00000000
00000000
00000000
00000000
00000000
00000000
00000000
00000000
00000000
00000000
00000000
00000000
00000000
00000000
00000000
00000000
00000000
00000000
00000000
00000000
00000000
00000000
00000000
00000000
00000000
00000000
00000000
00000000
00000000
00000000
00000000
00000000
00000000
00000000
00000000
00000000
00000000
00000000
00000000
00000000
00000000
00000000
00000000
00000000
00000000
00000000
00000000
00000000
00000000
00000000
00000000
00000000
00000000
00000000
00000000
00000000
00000000
00000000
00000000
00000000
00000000
00000000
00000000
00000000
00000000
00000000
00000000
00000000
00000000
00000000
00000000
00000000
00000000
00000000
00000000
00000000
00000000
00000000
00000000
00000000
00000000
00000000
00000000
00000000
00000000
00000000
00000000
00000000
00000000
00000000
00000000
00000000
00000000
00000000
00000000
00000000
00000000
00000000
00000000
00000000
00000000
00000000
00000000
00000000
00000000
00000000
00000000
00000000
00000000
00000000
00000000
00000000
00000000
00000000
00000000
00000000
00000000
00000000
00000000
00000000
00000000
00000000
00000000
00000000
00000000
00000000
00000000
00000000
00000000
00000000
00000000
00000000
00000000
00000000
00000000
00000000
00000000
00000000
00000000
00000000
00000000
00000000
00000000
00000000
00000000
00000000
00000000
00000000
00000000
00000000
00000000
00000000
00000000
00000000
00000000
00000000
00000000
00000000
00000000
00000000
00000000
00000000
00000000
00000000
00000000
00000000
00000000
00000000
00000000
00000000
00000000
00000000
00000000
00000000
00000000
00000000
00000000
00000000
00000000
00000000
00000000
00000000
00000000
00000000
00000000
00000000
00000000
00000000
00000000
00000000
00000000
00000000
00000000
00000000
00000000
00000000
00000000
00000000
00000000
00000000
00000000
00000000
00000000
00000000
00000000
00000000
00000000
00000000
00000000
00000000
00000000
00000000
00000000
00000000
00000000
00000000
00000000
00000000
00000000
00000000
00000000
00000000
00000000
00000000
00000000
00000000
00000000
00000000
00000000
00000000
00000000
00000000
00000000
00000000
00000000
00000000
00000000
00000000
00000000
00000000
00000000
00000000
00000000
00000000
00000000
00000000
00000000
00000000
00000000
00000000
00000000
00000000
00000000
00000000
00000000
00000000
00000000
00000000
00000000
00000000
00000000
00000000
00000000
00000000
00000000
00000000
00000000
00000000
00000000
00000000
00000000
00000000
00000000
00000000
00000000
00000000
00000000
00000000
00000000
00000000
00000000
00000000
00000000
00000000
00000000
00000000
00000000
00000000
00000000
00000000
00000000
00000000
00000000
00000000
00000000
00000000
00000000
00000000
00000000
00000000
00000000
00000000
00000000
00000000
00000000
00000000
00000000
00000000
00000000
00000000
00000000
00000000
00000000
00000000
00000000
00000000
00000000
00000000
00000000
00000000
00000000
00000000
00000000
00000000
00000000
00000000
00000000
00000000
00000000
00000000
00000000
00000000
00000000
00000000
00000000
00000000
00000000
00000000
00000000
00000000
00000000
00000000
00000000
00000000
00000000
00000000
00000000
00000000
00000000
00000000
00000000
00000000
00000000
00000000
00000000
00000000
00000000
00000000
00000000
00000000
00000000
00000000
00000000
00000000
00000000
00000000
00000000
00000000
00000000
00000000
00000000
00000000
00000000
00000000
00000000
00000000
00000000
00000000
00000000
00000000
00000000
00000000
00000000
00000000
00000000
00000000
00000000
00000000
00000000
00000000
00000000
00000000
00000000
00000000
00000000
00000000
00000000
00000000
00000000
00000000
00000000
00000000
00000000
00000000
00000000
00000000
00000000
00000000
00000000
00000000
00000000
00000000
00000000
00000000
00000000
00000000
00000000
00000000
00000000
00000000
00000000
00000000
00000000
00000000
00000000
00000000
00000000
00000000
00000000
00000000
00000000
00000000
00000000
00000000
00000000
00000000
00000000
00000000
00000000
00000000
00000000
00000000
00000000
00000000
00000000
00000000
00000000
00000000
00000000
00000000
00000000
00000000
00000000
00000000
00000000
00000000
00000000
00000000
00000000
00000000
00000000
00000000
00000000
00000000
00000000
00000000
00000000
00000000
00000000
00000000
00000000
00000000
00000000
00000000
00000000
00000000
00000000
00000000
00000000
00000000
00000000
00000000
00000000
00000000
00000000
00000000
00000000
00000000
00000000
00000000
00000000
00000000
00000000
00000000
00000000
00000000
00000000
00000000
00000000
00000000
00000000
00000000
00000000
00000000
00000000
00000000
00000000
00000000
00000000
00000000
00000000
00000000
00000000
00000000
00000000
00000000
00000000
00000000
00000000
00000000
00000000
00000000
00000000
00000000
00000000
00000000
00000000
00000000
00000000
00000000
00000000
00000000
00000000
00000000
00000000
00000000
00000000
00000000
00000000
00000000
00000000
00000000
00000000
00000000
00000000
00000000
00000000
00000000
00000000
00000000
00000000
00000000
00000000
00000000
00000000
00000000
00000000
00000000
00000000
00000000
00000000
00000000
00000000
00000000
00000000
00000000
00000000
00000000
00000000
00000000
00000000
00000000
00000000
00000000
00000000
00000000
00000000
00000000
00000000
00000000
00000000
00000000
00000000
00000000
00000000
00000000
00000000
00000000
00000000
00000000
00000000
00000000
00000000
00000000
00000000
00000000
00000000
00000000
00000000
00000000
00000000
00000000
00000000
00000000
00000000
00000000
00000000
00000000
00000000
00000000
00000000
00000000
00000000
00000000
00000000
00000000
00000000
00000000
00000000
00000000
00000000
00000000
00000000
00000000
00000000
00000000
00000000
00000000
00000000
00000000
00000000
00000000
00000000
00000000
00000000
00000000
00000000
00000000
00000000
00000000
00000000
00000000
00000000
00000000
00000000
00000000
00000000
00000000
00000000
00000000
00000000
00000000
00000000
00000000
00000000
00000000
00000000
00000000
00000000
00000000
00000000
00000000
00000000
00000000
00000000
00000000
00000000
00000000
00000000
00000000
00000000
00000000
00000000
00000000
00000000
00000000
00000000
00000000
00000000
00000000
00000000
00000000
00000000
00000000
00000000
00000000
00000000
00000000
00000000
00000000
00000000
00000000
00000000
00000000
00000000
00000000
00000000
00000000
00000000
00000000
00000000
00000000
00000000
00000000
00000000
00000000
00000000
00000000
00000000
00000000
00000000
00000000
00000000
00000000
00000000
00000000
00000000
00000000
00000000
00000000
00000000
00000000
00000000
00000000
00000000
00000000
00000000
00000000
00000000
00000000
00000000
00000000
00000000
00000000
00000000
00000000
00000000
00000000
00000000
00000000
00000000
00000000
00000000
00000000
00000000
00000000
00000000
00000000
00000000
00000000
00000000
00000000
00000000
00000000
00000000
00000000
00000000
00000000
00000000
00000000
00000000
00000000
00000000
00000000
00000000
00000000
00000000
00000000
00000000
00000000
00000000
00000000
00000000
00000000
00000000
00000000
00000000
00000000
00000000
00000000
00000000
00000000
00000000
00000000
00000000
00000000
00000000
00000000
00000000
00000000
00000000
00000000
00000000
00000000
00000000
00000000
00000000
00000000
00000000
00000000
00000000
00000000
00000000
00000000
00000000
00000000
00000000
00000000
00000000
00000000
00000000
00000000
00000000
00000000
00000000
00000000
00000000
00000000
00000000
00000000
00000000
00000000
00000000
00000000
00000000
00000000
00000000
00000000
00000000
00000000
00000000
00000000
00000000
00000000
00000000
00000000
00000000
00000000
00000000
00000000
00000000
00000000
00000000
00000000
00000000
00000000
00000000
00000000
00000000
00000000
00000000
00000000
00000000
00000000
00000000
00000000
00000000
00000000
00000000
00000000
00000000
00000000
00000000
00000000
00000000
00000000
00000000
00000000
00000000
00000000
00000000
00000000
00000000
00000000
00000000
00000000
00000000
00000000
00000000
00000000
00000000
00000000
00000000
00000000
00000000
00000000
00000000
00000000
00000000
00000000
00000000
00000000
00000000
00000000
00000000
00000000
00000000
00000000
00000000
00000000
00000000
00000000
00000000
00000000
00000000
00000000
00000000
00000000
00000000
00000000
00000000
00000000
00000000
ffffffff
ffffffff
ffffffff
ffffffff
ffffffff
ffffffff
ffffffff
ffffffff
ffffffff
ffffffff
ffffffff
ffffffff
ffffffff
ffffffff
ffffffff
ffffffff
ffffffff
ffffffff
ffffffff
ffffffff
ffffffff
ffffffff
ffffffff
ffffffff
ffffffff
ffffffff
ffffffff
ffffffff
ffffffff
ffffffff
ffffffff
0000000f
00000000
00000000
00000000
00000000
00000000
00000000
00000000
00000000
00000000
00000000
00000000
00000000
00000000
00000000
00000000
00000000
00000000
00000000
00000000
00000000
00000000
00000000
00000000
00000000
00000000
00000000
00000000
00000000
00000000
00000000
00000000
00000000
00000000
00000000
00000000
00000000
00000000
00000000
00000000
00000000
00000000
00000000
00000000
00000000
00000000
00000000
00000000
00000000
00000000
00000000
00000000
00000000
00000000
00000000
00000000
00000000
00000000
00000000
00000000
00000000
00000000
00000000
00000000
00000000
00000000
00000000
00000000
00000000
00000000
00000000
00000000
00000000
00000000
00000000
00000000
00000000
00000000
00000000
00000000
00000000
00000000
00000000
00000000
00000000
00000000
00000000
00000000
00000000
00000000
00000000
00000000
00000000
00000000
00000000
00000000
00000000
00000000
00000000
00000000
00000000
00000000
00000000
00000000
00000000
00000000
00000000
00000000
00000000
00000000
00000000
00000000
00000000
00000000
00000000
00000000
00000000
00000000
00000000
00000000
00000000
00000000
00000000
00000000
00000000
00000000
00000000
00000000
00000000
00000000
00000000
00000000
00000000
00000000
00000000
00000000
00000000
00000000
00000000
00000000
00000000
00000000
00000000
00000000
00000000
00000000
00000000
00000000
00000000
00000000
00000000
00000000
00000000
00000000
00000000
00000000
00000000
00000000
00000000
00000000
00000000
00000000
00000000
00000000
00000000
00000000
00000000
00000000
00000000
00000000
00000000
00000000
00000000
00000000
00000000
00000000
00000000
00000000
00000000
00000000
00000000
00000000
00000000
00000000
00000000
00000000
00000000
00000000
00000000
00000000
00000000
00000000
00000000
00000000
00000000
00000000
00000000
00000000
00000000
00000000
00000000
00000000
00000000
00000000
00000000
00000000
00000000
00000000
00000000
00000000
00000000
00000000
00000000
00000000
00000000
00000000
00000000
00000000
00000000
00000000
00000000
00000000
00000000
00000000
00000000
002e0001
00000000
00000000
00000000
2e2e0001
00000000
00000000
00000000
45520002
454d4441
00000000
00000000
61630003
00000074
00000000
00000000
63650004
00006f68
00000000
00000000
6f660005
65746b72
00007473
00000000
72670006
00007065
00000000
00000000
6e690007
00007469
00000000
00000000
696b0008
00006c6c
00000000
00000000
6e6c0009
00000000
00000000
00000000
736c000a
00000000
00000000
00000000
6b6d000b
00726964
00000000
00000000
6d72000c
00000000
00000000
00000000
6873000d
00000000
00000000
00000000
7473000e
73736572
00007366
00000000
7375000f
65747265
00737473
00000000
72670010
00646e69
00000000
00000000
63770011
00000000
00000000
00000000
6f7a0012
6569626d
00000000
00000000
6f6c0013
72747367
00737365
00000000
6f660014
61687072
0000006e
00000000
6f640015
61687072
0000006e
00000000
72700016
00656d69
00000000
00000000
69660017
00000062
00000000
00000000
00000000
00000000
00000000
00000000
00000000
00000000
00000000
00000000
00000000
00000000
00000000
00000000
00000000
00000000
00000000
00000000
00000000
00000000
00000000
00000000
00000000
00000000
00000000
00000000
00000000
00000000
00000000
00000000
00000000
00000000
00000000
00000000
00000000
00000000
00000000
00000000
00000000
00000000
00000000
00000000
00000000
00000000
00000000
00000000
00000000
00000000
00000000
00000000
00000000
00000000
00000000
00000000
00000000
00000000
00000000
00000000
00000000
00000000
00000000
00000000
00000000
00000000
00000000
00000000
00000000
00000000
00000000
00000000
00000000
00000000
00000000
00000000
00000000
00000000
00000000
00000000
00000000
00000000
00000000
00000000
00000000
00000000
00000000
00000000
00000000
00000000
00000000
00000000
00000000
00000000
00000000
00000000
00000000
00000000
00000000
00000000
00000000
00000000
00000000
00000000
00000000
00000000
00000000
00000000
00000000
00000000
00000000
00000000
00000000
00000000
00000000
00000000
00000000
00000000
00000000
00000000
00000000
00000000
00000000
00000000
00000000
00000000
00000000
00000000
00000000
00000000
00000000
00000000
00000000
00000000
00000000
00000000
00000000
00000000
00000000
00000000
00000000
00000000
00000000
00000000
00000000
00000000
00000000
00000000
00000000
00000000
00000000
00000000
00000000
00000000
00000000
00000000
00000000
00000000
00000000
00000000
00000000
00000000
00000000
00000000
20367678
61207369
2d657220
6c706d69
6e656d65
69746174
6f206e6f
65442066
73696e6e
74695220
65696863
61207327
4b20646e
54206e65
706d6f68
276e6f73
6e552073
560a7869
69737265
36206e6f
36762820
20202e29
20367678
736f6f6c
20796c65
6c6c6f66
2073776f
20656874
75727473
72757463
6e612065
74732064
20656c79
7620666f
620a2c36
69207475
6d692073
6d656c70
65746e65
6f662064
20612072
65646f6d
52206e72
2d435349
756d2056
7069746c
65636f72
726f7373
69737520
4120676e
2049534e
0a0a2e43
4e4b4341
454c574f
454d4744
0a53544e
3676780a
20736920
70736e69
64657269
20796220
6e686f4a
6f694c20
7327736e
6d6f4320
746e656d
20797261
55206e6f
2058494e
20687436
74696445
206e6f69
65655028
6f740a72
65655020
6f432072
6e756d6d
74616369
736e6f69
5349203b
203a4e42
37352d31
2d383933
2d333130
31203b37
65207473
69746964
28206e6f
656e754a
2c343120
3030320a
2e292930
65532020
6c612065
68206f73
73707474
702f2f3a
2e736f64
69617363
696d2e6c
64652e74
2e362f75
30313831
77202c2f
68636968
6f727020
65646976
6f700a73
65746e69
74207372
6e6f206f
6e696c2d
65722065
72756f73
20736563
20726f66
0a2e3676
6568540a
6c6f6620
69776f6c
7020676e
6c706f65
61682065
6d206576
20656461
746e6f63
75626972
6e6f6974
52203a73
20737375
20786f43
6e6f6328
74786574
69777320
69686374
0a2c676e
6b636f6c
29676e69
6c43202c
20666669
79657246
504d2820
58202c29
206f6169
28207559
2c29504d
63694e20
616c6f6b
655a2069
766f646c
2c686369
646e6120
73754120
0a6e6974
6d656c43
73746e65
570a0a2e
72612065
6c612065
67206f73
65746172
206c7566
20726f66
20656874
20677562
6f706572
20737472
20646e61
63746170
20736568
746e6f63
75626972
20646574
410a7962
6e696862
61707661
306c6574
54202c30
68616b61
206f7269
61796f41
202c6967
6372614d
206f6c65
6f727241
202c6f79
62726948
4220646f
616e6865
53202c6d
73616c69
796f420a
69572d64
7a696b63
202c7265
6f746e41
7542206e
65737472
63202c76
636c7261
656e6f6c
6149202c
6843206e
202c6e65
76696c63
6e657a65
44202c67
430a6e61
73736f72
6f43202c
43207964
656c7475
4d202c72
20656b69
2c544143
6a655420
61684320
2c64656a
61734120
4420696d
572c696f
61796e65
4420676e
2c6e6175
6863650a
72657774
2c72656e
61796520
30387a6c
4e202c30
6f736c65
6c45206e
65676168
6153202c
45207261
6e697474
2c726567
696c4120
46206563
61727265
2c697a7a
74614e0a
696e6168
46206c65
72616c69
202c6f64
73656c66
6b726170
6550202c
20726574
656f7246
63696c68
59202c68
72696b61
616f4720
2c6e6f72
69685320
0a6d6176
646e6148
4d202c61
20747461
76726148
202c7965
61797242
6548206e
2c79726e
69616a20
6e656863
676e6568
2c65696a
6d694a20
61754820
202c676e
c374614d
0aa1c5ba
6bb3c34a
202c7961
6e686f4a
6c6f4a20
202c796c
78656c41
65646e61
614b2072
75687370
41202c6b
7265646e
614b2073
726f6573
6b202c67
6f616865
0a2c3539
666c6f57
676e6167
6c654b20
2c72656c
6e754a20
6f6f7767
6d694b20
6f4a202c
6874616e
4b206e61
696d6d69
202c7474
69646445
6f4b2065
72656c68
6156202c
0a6d6964
6f6c6f4b
6f73746e
41202c76
69747375
694c206e
202c7765
63757242
6f4c2065
616b6577
202c706d
7473306c
2c6e616d
76615020
4d206e61
61646461
7465736d
0a2c6974
61626d49
614d2072
656e6972
2c756373
6e615920
676e6f64
6f614d20
614d202c
206e6174
62616853
2c796174
74694820
6968736f
74694d20
2c656b61
72614320
4d0a696d
6d697265
6369766f
6d202c68
30397365
33303930
614d202c
4d206b72
6972726f
79657373
746d202c
2c6d7361
656f4a20
694e206c
2c726564
79614820
206f7461
6168684f
2c696873
74704f0a
73696d69
53636974
2c656469
70617020
61726170
202c6170
736f6870
67616870
202c736f
72726148
6f502079
72657472
7247202c
50206765
65636972
685a202c
0a676e65
6f756871
7551202c
68636e61
2c676e65
79615220
72646e41
202c7765
6564754a
63695220
73202c68
61666765
2c746c75
61794120
6853206e
61716661
45202c74
7261646c
6865530a
6b657961
6f59202c
696d676e
5320676e
2c6e6568
6d754620
20617969
67696853
74696d65
202c7573
696f6e73
202c6572
6a6f6154
202c6569
206d6143
6e6e6554
740a2c79
646b6679
57202c61
65727261
6f54206e
79656d6f
7453202c
65687065
7554206e
6c41202c
61737369
6e755420
52202c67
65616661
6255206c
202c6c61
63696e75
786e726f
6d410a2c
20656e61
61686555
202c6172
6c626150
6556206f
7275746e
4c202c61
56206375
61656469
58202c75
61572069
202c676e
65686157
61486465
2c7a6566
69654b20
69686369
7461570a
62616e61
4c202c65
73616375
6c6f5720
4e202c66
6c6f6369
57207361
766f6c6f
2c6b6369
64787720
202c6f61
6e617247
75572074
3678202c
202c3335
79646e41
61685a0a
202c676e
646e694a
20676e6f
6e61685a
49202c67
6f6e6563
5a207977
676e6568
685a202c
31557955
2c373939
646e6120
756f5a20
61684320
5720676e
0a2e6965
5252450a
5220524f
524f5045
0a0a5354
61656c50
73206573
20646e65
6f727265
61207372
7320646e
65676775
6f697473
7420736e
7246206f
20736e61
7361614b
6b656f68
646e6120
626f5220
20747265
72726f4d
280a7369
7361616b
6b656f68
6d74722c
74696d40
7564652e
20202e29
20656854
6e69616d
72757020
65736f70
20666f20
20367678
61207369
20612073
63616574
676e6968
65706f0a
69746172
7320676e
65747379
6f66206d
494d2072
20732754
38312e36
202c3031
77206f73
72612065
6f6d2065
69206572
7265746e
65747365
6e692064
6d69730a
66696c70
74616369
736e6f69
646e6120
616c6320
69666972
69746163
20736e6f
6e616874
77656e20
61656620
65727574
0a0a2e73
4c495542
474e4944
444e4120
4e555220
474e494e
36565820
6f590a0a
69772075
6e206c6c
20646565
49522061
562d4353
656e2220
62696c77
6f742022
63206c6f
6e696168
6f726620
74680a6d
3a737074
69672f2f
62756874
6d6f632e
7369722f
722f7663
76637369
756e672d
6f6f742d
6168636c
202c6e69
20646e61
756d6571
6d6f6320
656c6970
6f662064
69720a72
36766373
6f732d34
6d6d7466
20202e75
65636e4f
65687420
72612079
6e692065
6c617473
2c64656c
646e6120
206e6920
72756f79
65687320
730a6c6c
63726165
61702068
202c6874
20756f79
206e6163
206e7572
6b616d22
65712065
2e22756d
0000000a
00000000
00000000
00000000
00000000
00000000
00000000
00000000
00000000
00000000
00000000
00000000
00000000
00000000
00000000
00000000
00000000
00000000
00000000
00000000
00000000
00000000
00000000
00000000
00000000
00000000
00000000
00000000
00000000
00000000
00000000
00000000
00000000
00000000
00000000
00000000
00000000
00000000
00000000
00000000
00000000
00000000
00000000
00000000
00000000
00000000
00000000
00000000
00000000
00000000
00000000
00000000
00000000
00000000
00000000
00000000
00000000
00000000
00000000
00000000
00000000
00000000
00000000
00000000
00000000
00000000
00000000
00000000
00000000
00000000
00000000
00000000
00000000
00000000
00000000
00000000
00000000
00000000
00000000
00000000
00000000
00000000
00000000
00000000
00000000
00000000
00000000
00000000
00000000
00000000
00000000
00000000
00000000
00000000
00000000
00000000
00000000
00000000
00000000
00000000
00000000
00000000
00000000
00000000
00000000
00000000
00000000
00000000
00000000
00000000
00000000
00000000
00000000
00000000
00000000
00000000
00000000
00000000
00000000
00000000
00000000
00000000
00000000
00000000
00000000
00000000
00000000
00000000
00000000
00000000
00000000
00000000
00000000
00000000
00000000
00000000
00000000
00000000
00000000
00000000
00000000
00000000
00000000
00000000
00000000
00000000
00000000
00000000
00000000
00000000
00000000
00000000
00000000
00000000
00000000
00000000
00000000
00000000
464c457f
00010102
00000000
00000000
00f30002
00000001
00000148
00000000
00000040
00000000
00008b00
00000000
00000000
00380040
00400003
00110012
70000003
00000004
00007c02
00000000
00000000
00000000
00000000
00000000
0000003f
00000000
00000000
00000000
00000001
00000000
00000001
00000005
00001000
00000000
00000000
00000000
00000000
00000000
00000e31
00000000
00000e31
00000000
00001000
00000000
00000001
00000006
00002000
00000000
00001000
00000000
00001000
00000000
00000000
00000000
00000220
00000000
00001000
00000000
00000000
00000000
00000000
00000000
00000000
00000000
00000000
00000000
00000000
00000000
00000000
00000000
00000000
00000000
00000000
00000000
00000000
00000000
00000000
00000000
00000000
00000000
00000000
00000000
00000000
00000000
00000000
00000000
00000000
00000000
00000000
00000000
00000000
00000000
00000000
00000000
00000000
00000000
00000000
00000000
00000000
00000000
00000000
00000000
00000000
00000000
00000000
00000000
00000000
00000000
00000000
00000000
00000000
00000000
00000000
00000000
00000000
00000000
00000000
00000000
00000000
00000000
00000000
00000000
00000000
00000000
00000000
00000000
00000000
00000000
00000000
00000000
00000000
00000000
00000000
00000000
00000000
00000000
00000000
00000000
00000000
00000000
00000000
00000000
00000000
00000000
00000000
00000000
00000000
00000000
00000000
00000000
00000000
00000000
00000000
00000000
00000000
00000000
00000000
00000000
00000000
00000000
00000000
00000000
00000000
00000000
00000000
00000000
00000000
00000000
00000000
00000000
00000000
00000000
00000000
00000000
00000000
00000000
00000000
00000000
00000000
00000000
00000000
00000000
00000000
00000000
00000000
00000000
00000000
00000000
00000000
00000000
00000000
00000000
00000000
00000000
00000000
00000000
00000000
00000000
00000000
00000000
00000000
00000000
00000000
00000000
00000000
00000000
00000000
00000000
00000000
00000000
00000000
00000000
00000000
00000000
00000000
00000000
00000000
00000000
00000000
00000000
00000000
00000000
00000000
00000000
00000000
00000000
00000000
00000000
00000000
00000000
00000000
00000000
00000000
00000000
00000000
00000000
00000000
00000000
00000000
00000000
00000000
00000000
00000000
00000000
00000000
00000000
00000000
00000000
00000000
00000000
00000000
00000000
00000000
00000000
00000000
00000000
00000000
00000000
00000000
00000000
00000000
00000000
00000000
00000000
00000000
00000000
00000000
00000000
00000000
00000000
00000000
00000000
00000000
00000000
00000000
00000000
00000000
00000000
00000000
00000000
00000000
00000000
00000000
00000000
00000000
00000000
00000000
00000000
00000000
00000000
00000000
00000000
00000000
00000000
00000000
00000000
00000000
00000000
00000000
00000000
00000000
00000000
00000000
00000000
00000000
00000000
00000000
00000000
00000000
00000000
00000000
00000000
00000000
00000000
00000000
00000000
00000000
00000000
00000000
00000000
00000000
00000000
00000000
00000000
00000000
00000000
00000000
00000000
00000000
00000000
00000000
00000000
00000000
00000000
00000000
00000000
00000000
00000000
00000000
00000000
00000000
00000000
00000000
00000000
00000000
00000000
00000000
00000000
00000000
00000000
00000000
00000000
00000000
00000000
00000000
00000000
00000000
00000000
00000000
00000000
00000000
00000000
00000000
00000000
00000000
00000000
00000000
00000000
00000000
00000000
00000000
00000000
00000000
00000000
00000000
00000000
00000000
00000000
00000000
00000000
00000000
00000000
00000000
00000000
00000000
00000000
00000000
00000000
00000000
00000000
00000000
00000000
00000000
00000000
00000000
00000000
00000000
00000000
00000000
00000000
00000000
00000000
00000000
00000000
00000000
00000000
00000000
00000000
00000000
00000000
00000000
00000000
00000000
00000000
00000000
00000000
00000000
00000000
00000000
00000000
00000000
00000000
00000000
00000000
00000000
00000000
00000000
00000000
00000000
00000000
00000000
00000000
00000000
00000000
00000000
00000000
00000000
00000000
00000000
00000000
00000000
00000000
00000000
00000000
00000000
00000000
00000000
00000000
00000000
00000000
00000000
00000000
00000000
00000000
00000000
00000000
00000000
00000000
00000000
00000000
00000000
00000000
00000000
00000000
00000000
00000000
00000000
00000000
00000000
00000000
00000000
00000000
00000000
00000000
00000000
00000000
00000000
00000000
00000000
00000000
00000000
00000000
00000000
00000000
00000000
00000000
00000000
00000000
00000000
00000000
00000000
00000000
00000000
00000000
00000000
00000000
00000000
00000000
00000000
00000000
00000000
00000000
00000000
00000000
00000000
00000000
00000000
00000000
00000000
00000000
00000000
00000000
00000000
00000000
00000000
00000000
00000000
00000000
00000000
00000000
00000000
00000000
00000000
00000000
00000000
00000000
00000000
00000000
00000000
00000000
00000000
00000000
00000000
00000000
00000000
00000000
00000000
00000000
00000000
00000000
00000000
00000000
00000000
00000000
00000000
00000000
00000000
00000000
00000000
00000000
00000000
00000000
00000000
00000000
00000000
00000000
00000000
00000000
00000000
00000000
00000000
00000000
00000000
00000000
00000000
00000000
00000000
00000000
00000000
00000000
00000000
00000000
00000000
00000000
00000000
00000000
00000000
00000000
00000000
00000000
00000000
00000000
00000000
00000000
00000000
00000000
00000000
00000000
00000000
00000000
00000000
00000000
00000000
00000000
00000000
00000000
00000000
00000000
00000000
00000000
00000000
00000000
00000000
00000000
00000000
00000000
00000000
00000000
00000000
00000000
00000000
00000000
00000000
00000000
00000000
00000000
00000000
00000000
00000000
00000000
00000000
00000000
00000000
00000000
00000000
00000000
00000000
00000000
00000000
00000000
00000000
00000000
00000000
00000000
00000000
00000000
00000000
00000000
00000000
00000000
00000000
00000000
00000000
00000000
00000000
00000000
00000000
00000000
00000000
00000000
00000000
00000000
00000000
00000000
00000000
00000000
00000000
00000000
00000000
00000000
00000000
00000000
00000000
00000000
00000000
00000000
00000000
00000000
00000000
00000000
00000000
00000000
00000000
00000000
00000000
00000000
00000000
00000000
00000000
00000000
00000000
00000000
00000000
00000000
00000000
00000000
00000000
00000000
00000000
00000000
00000000
00000000
00000000
00000000
00000000
00000000
00000000
00000000
00000000
00000000
00000000
00000000
00000000
00000000
00000000
00000000
00000000
00000000
00000000
00000000
00000000
00000000
00000000
00000000
00000000
00000000
00000000
00000000
00000000
00000000
00000000
00000000
00000000
00000000
00000000
00000000
00000000
00000000
00000000
00000000
00000000
00000000
00000000
00000000
00000000
00000000
00000000
00000000
00000000
00000000
00000000
00000000
00000000
00000000
00000000
00000000
00000000
00000000
00000000
00000000
00000000
00000000
00000000
00000000
00000000
00000000
00000000
00000000
00000000
00000000
00000000
00000000
00000000
00000000
00000000
00000000
00000000
00000000
00000000
00000000
00000000
00000000
00000000
00000000
00000000
00000000
00000000
00000000
00000000
00000000
00000000
00000000
00000000
00000000
00000000
00000000
00000000
00000000
00000000
00000000
00000000
00000000
00000000
00000000
00000000
00000000
00000000
00000000
00000000
00000000
00000000
00000000
00000000
00000000
00000000
00000000
00000000
00000000
00000000
00000000
00000000
00000000
00000000
00000000
00000000
00000000
00000000
00000000
00000000
00000000
00000000
00000000
00000000
00000000
00000000
00000000
00000000
00000000
00000000
00000000
00000000
00000000
00000000
00000000
00000000
00000000
00000000
00000000
00000000
00000000
00000000
00000000
00000000
00000000
00000000
00000000
00000000
00000000
00000000
00000000
00000000
00000000
00000000
00000000
00000000
00000000
00000000
00000000
00000000
00000000
00000000
00000000
00000000
00000000
00000000
00000000
00000000
00000000
00000000
00000000
00000000
00000000
00000000
00000000
00000000
00000000
00000000
00000000
00000000
00000000
00000000
00000000
00000000
00000000
00000000
00000000
00000000
00000000
00000000
00000000
00000000
00000000
00000000
00000000
00000000
00000000
00000000
00000000
00000000
00000000
00000000
00000000
00000000
00000000
00000000
00000000
00000000
00000000
00000000
00000000
00000000
00000000
00000000
00000000
00000000
00000000
00000000
00000000
00000000
00000000
00000000
00000000
00000000
00000000
00000000
00000000
00000000
00000000
00000000
00000000
00000000
00000000
00000000
00000000
00000000
00000000
00000000
00000000
00000000
00000000
00000000
00000000
00000000
00000000
00000000
00000000
00000000
00000000
00000000
00000000
00000000
00000000
00000000
00000000
00000000
00000000
00000000
00000000
00000000
00000000
00000000
00000000
00000000
00000000
00000000
00000000
00000000
00000000
00000000
00000000
00000000
00000000
00000000
00000000
00000000
00000000
00000000
00000000
00000000
00000000
00000000
00000000
00000000
00000000
00000000
00000000
00000000
00000000
00000000
00000000
00000000
00000000
00000000
00000000
00000000
00000000
00000000
00000000
00000000
00000000
00000000
00000000
00000000
00000000
00000000
00000000
00000000
00000000
00000000
00000000
00000000
00000000
00000000
00000000
00000000
00000000
00000000
00000000
00000000
00000000
00000000
00000000
00000000
00000000
fd010113
02113423
02813023
00913c23
01213823
01313423
03010413
00050993
00001917
ff090913
20000613
00090593
00098513
558000ef
00050493
02a05863
00048613
00090593
00100513
54c000ef
fc950ce3
00001597
d7c58593
00200513
2bd000ef
00100513
500000ef
02054063
02813083
02013403
01813483
01013903
00813983
03010113
00008067
00001597
d5c58593
00200513
285000ef
00100513
4c8000ef
fd010113
02113423
02813023
03010413
00100793
04a7dc63
00913c23
01213823
01313423
00858913
ffe5099b
02099793
01d7d993
01058593
00b989b3
00000593
00093503
4e0000ef
00050493
02054e63
f0dff0ef
00048513
4a8000ef
00890913
fd391ee3
00000513
45c000ef
00913c23
01213823
01313423
00000513
ee1ff0ef
00000513
440000ef
00093603
00001597
cd058593
00200513
1e1000ef
00100513
424000ef
ff010113
00113423
00813023
01010413
f4dff0ef
40c000ef
ff010113
00813423
01010413
00050793
00158593
00178793
fff5c703
fee78fa3
fe0718e3
00813403
01010113
00008067
ff010113
00813423
01010413
00054783
00078e63
0005c703
00f71a63
00150513
00158593
00054783
fe0796e3
0005c503
40a7853b
00813403
01010113
00008067
ff010113
00813423
01010413
00054783
02078863
00150513
00050793
00078693
00178793
fff7c703
fe071ae3
40a6853b
0015051b
00813403
01010113
00008067
00000513
ff1ff06f
ff010113
00813423
01010413
02060063
00050793
02061613
02065613
00a60733
00b78023
00178793
fee79ce3
00813403
01010113
00008067
ff010113
00813423
01010413
00054783
02078263
00f58a63
00150513
00054783
fe079ae3
00000513
00813403
01010113
00008067
00000513
ff1ff06f
fa010113
04113c23
04813823
04913423
05213023
03313c23
03413823
03513423
03613023
01713c23
06010413
00050b93
00058a13
00050913
00000493
00a00a93
00d00b13
00048993
0014849b
0344dc63
00100613
faf40593
00000513
2a4000ef
02a05263
faf44783
00f90023
01578a63
00190913
fd6798e3
00048993
0080006f
00048993
013b89b3
00098023
000b8513
05813083
05013403
04813483
04013903
03813983
03013a03
02813a83
02013b03
01813b83
06010113
00008067
fe010113
00113c23
00813823
01213023
02010413
00058913
00000593
264000ef
02054e63
00913423
00050493
00090593
274000ef
00050913
00048513
220000ef
00813483
00090513
01813083
01013403
00013903
02010113
00008067
fff00913
fe5ff06f
ff010113
00813423
01010413
00054683
fd06879b
0ff7f793
00900613
04f66063
00050713
00000513
00170713
0025179b
00a787bb
0017979b
00d787bb
fd07851b
00074683
fd06879b
0ff7f793
fcf67ee3
00813403
01010113
00008067
00000513
ff1ff06f
ff010113
00813423
01010413
02b57c63
02c05463
02061613
02065613
00c507b3
00050713
00158593
00170713
fff5c683
fed70fa3
fef718e3
00813403
01010113
00008067
00c50733
00c585b3
fec056e3
fff6079b
02079793
0207d793
fff7c793
00f707b3
fff58593
fff70713
0005c683
00d70023
fee798e3
fc1ff06f
ff010113
00813423
01010413
04060463
fff6069b
02069693
0206d693
00168693
00d506b3
00054783
0005c703
00e79c63
00150513
00158593
fed516e3
00000513
0080006f
40e7853b
00813403
01010113
00008067
00000513
ff1ff06f
ff010113
00113423
00813023
01010413
f19ff0ef
00813083
00013403
01010113
00008067
ff010113
00113423
00813023
01010413
00100593
114000ef
00813083
00013403
01010113
00008067
ff010113
00113423
00813023
01010413
00200593
0ec000ef
00813083
00013403
01010113
00008067
00100893
00000073
00008067
00200893
00000073
00008067
00300893
00000073
00008067
00400893
00000073
00008067
00500893
00000073
00008067
01000893
00000073
00008067
01500893
00000073
00008067
00600893
00000073
00008067
00700893
00000073
00008067
00f00893
00000073
00008067
01100893
00000073
00008067
01200893
00000073
00008067
00800893
00000073
00008067
01300893
00000073
00008067
01400893
00000073
00008067
00900893
00000073
00008067
00a00893
00000073
00008067
00b00893
00000073
00008067
00c00893
00000073
00008067
00d00893
00000073
00008067
00e00893
00000073
00008067
fe010113
00113c23
00813823
02010413
feb407a3
00100613
fef40593
f25ff0ef
01813083
01013403
02010113
00008067
fb010113
04113423
04813023
03213823
05010413
00050913
00068463
0a05ca63
00000893
fb840693
00000793
00000517
76c50513
00078813
0017879b
02c5f733
00e50733
00074703
00e68023
00058713
02c5d5b3
00168693
fcc77ee3
00088c63
fd078793
008787b3
02d00713
fee78423
0028079b
04f05463
02913c23
03313423
fb840713
00f704b3
fff70993
00f989b3
fff7879b
02079793
0207d793
40f989b3
fff4c583
00090513
f29ff0ef
fff48493
ff3498e3
03813483
02813983
04813083
04013403
03013903
05010113
00008067
40b005b3
00100893
f4dff06f
fa010113
04113c23
04813823
05213023
06010413
0005c903
38090663
04913423
03313c23
03413823
03513423
03613023
01713c23
01813823
01913423
00050b13
00058a13
00060b93
00000993
00000493
00000713
02500a93
06400c13
06c00c93
02c0006f
00090593
000b0513
e89ff0ef
0080006f
03598663
0014849b
00048713
009a07b3
0007c903
2e090e63
0009079b
fe0992e3
fd5798e3
00078993
fddff06f
00ea06b3
0016c683
00068613
00068663
00ea0733
00274603
05878663
07978663
07500713
12e78a63
07800713
1ae78063
07000713
1ee78263
06300713
22e78e63
07300713
24e78863
02500713
04e79e63
02500593
000b0513
dfdff0ef
00000993
f79ff06f
008b8913
00100693
00a00613
000ba583
000b0513
e0dff0ef
00090b93
00000993
f55ff06f
06400793
02f68e63
06c00793
04f68e63
07500793
0ef68063
07800793
14f68663
02500593
000b0513
da5ff0ef
00090593
000b0513
d99ff0ef
00000993
f15ff06f
008b8913
00100693
00a00613
000bb583
000b0513
da9ff0ef
0014849b
00090b93
00000993
eedff06f
06400793
02f60e63
07500793
0af60463
07800793
faf612e3
008b8913
00000693
01000613
000bb583
000b0513
d69ff0ef
0024849b
00090b93
00000993
eadff06f
008b8913
00100693
00a00613
000bb583
000b0513
d41ff0ef
0024849b
00090b93
00000993
e85ff06f
008b8913
00000693
00a00613
000be583
000b0513
d19ff0ef
00090b93
00000993
e61ff06f
008b8913
00000693
00a00613
000bb583
000b0513
cf5ff0ef
0014849b
00090b93
00000993
e39ff06f
008b8913
00000693
00a00613
000bb583
000b0513
ccdff0ef
0024849b
00090b93
00000993
e11ff06f
008b8913
00000693
01000613
000be583
000b0513
ca5ff0ef
00090b93
00000993
dedff06f
008b8913
00000693
01000613
000bb583
000b0513
c81ff0ef
0014849b
00090b93
00000993
dc5ff06f
01a13023
008b8d13
000bb983
03000593
000b0513
c29ff0ef
07800593
000b0513
c1dff0ef
01000913
00000b97
3dcb8b93
03c9d793
00fb87b3
0007c583
000b0513
bfdff0ef
00499993
fff9091b
fe0912e3
000d0b93
00000993
00013d03
d65ff06f
008b8913
000bc583
000b0513
bd1ff0ef
00090b93
00000993
d49ff06f
008b8993
000bb903
02090663
00094583
02058a63
000b0513
ba9ff0ef
00190913
00094583
fe0598e3
00098b93
00000993
d15ff06f
00000917
34c90913
02800593
fd5ff06f
00098b93
00000993
cf9ff06f
04813483
03813983
03013a03
02813a83
02013b03
01813b83
01013c03
00813c83
05813083
05013403
04013903
06010113
00008067
fb010113
00113c23
00813823
02010413
00c43023
00d43423
00e43823
00f43c23
03043023
03143423
fe843423
00040613
c19ff0ef
01813083
01013403
05010113
00008067
fa010113
00113c23
00813823
02010413
00b43423
00c43823
00d43c23
02e43023
02f43423
03043823
03143c23
00840613
fec43423
00050593
00100513
bc9ff0ef
01813083
01013403
06010113
00008067
ff010113
00813423
01010413
ff050693
00000797
4407b783
0400006f
00862703
00b7073b
fee52c23
0007b703
00073603
0500006f
ff852703
00c7073b
00e7a423
ff053683
0540006f
0007b703
00e7e463
00e6ec63
00070793
fed7f8e3
0007b703
00e6e463
fee7e8e3
ff852583
0007b603
02059813
01c85713
00e68733
fae600e3
fec53823
0087a603
02061593
01c5d713
00e78733
fae680e3
00d7b023
00000717
3af73a23
00813403
01010113
00008067
fc010113
02113c23
02813823
02913423
01313c23
04010413
02051493
0204d493
00f48493
0044d493
0014899b
00148493
00000517
37053503
04050663
00053783
0087a703
0c977c63
03213023
01413823
01513423
01613023
00098a13
0009871b
000016b7
00d77463
00001a37
000a0b1b
004a1a1b
00000917
32c90913
fff00a93
05c0006f
03213023
01413823
01513423
01613023
00000797
51c78793
00000717
30f73223
00f7b023
0007a423
fadff06f
0007b703
00e53023
0800006f
01652423
01050513
e8dff0ef
00093503
08050863
00053783
0087a703
02977a63
00093703
00078513
fef716e3
000a0513
fc0ff0ef
fd5516e3
00000513
02013903
01013a03
00813a83
00013b03
03c0006f
02013903
01013a03
00813a83
00013b03
f8e48ae3
4137073b
00e7a423
02071693
01c6d713
00e787b3
0137a423
00000717
26a73423
01078513
03813083
03013403
02813483
01813983
04010113
00008067
02013903
01013a03
00813a83
00013b03
fd9ff06f
3a746163
69727720
65206574
726f7272
0000000a
00000000
3a746163
61657220
72652064
0a726f72
00000000
00000000
3a746163
6e616320
20746f6e
6e65706f
0a732520
00000000
6c756e28
0000296c
33323130
37363534
42413938
46454443
00000000
00000000
00000000
00000000
00000000
00000000
00000000
00000000
00000000
00000000
00000000
00000000
00000000
00000000
00000000
00000000
00000000
00000000
00000000
00000000
00000000
00000000
00000000
00000000
00000000
00000000
00000000
00000000
00000000
00000000
00000000
00000000
00000000
00000000
00000000
00000000
00000000
00000000
00000000
00000000
00000000
00000000
00000000
00000000
00000000
00000000
00000000
00000000
00000000
00000000
00000000
00000000
00000000
00000000
00000000
00000000
00000000
00000000
00000000
00000000
00000000
00000000
00000000
00000000
00000000
00000000
00000000
00000000
00000000
00000000
00000000
00000000
00000000
00000000
00000000
00000000
00000000
00000000
00000000
00000000
00000000
00000000
00000000
00000000
00000000
00000000
00000000
00000000
00000000
00000000
00000000
00000000
00000000
00000000
00000000
00000000
00000000
00000000
00000000
00000000
00000000
00000000
00000000
00000000
00000000
00000000
00000000
00000000
00000000
00000000
00000000
00000000
00000000
00000000
00000000
00000000
0000036d
00000002
01080000
0000005d
0002980c
00000500
00000000
00000000
00014800
00000000
00000000
07040200
000003db
76070202
02000002
003f0801
08020000
0003d607
005a0300
005a0000
42040000
ff000000
01020001
00004808
005a0500
62060000
01006675
00490605
09010000
00101003
00000000
4d010700
02000000
9601050c
01000000
00000096
00009608
04090000
746e6905
00010700
02000000
9601050f
01000000
000000bb
0000bb08
00960800
0a000000
00006108
58010700
02000000
9601050b
01000000
000000e4
00009608
00e40800
96080000
00000000
010c080b
00000293
01050702
00000096
01000101
96080000
00000000
0031010d
2c020000
1b010106
08000001
00000096
0000bb08
07000e00
00003901
050a0200
00009601
013e0100
96080000
08000000
0000013e
00009608
080a0000
00000144
8e01100f
01000002
96010119
a4000000
00000000
48000000
00000001
00000000
01000000
0000026d
00005311
0a190100
00000096
0000004c
00028911
16190100
0000026d
000000ae
00646612
96071b01
25000000
12000001
1b010069
0000960b
00015b00
00ec1300
00000000
009d0000
01c00000
01140000
0030015b
0000f813
00000000
00027900
0001d800
5a011400
00007902
00010013
00000000
00007d00
0001f000
5a011400
00007902
00011013
00000000
0000e600
00020700
5a011400
13003001
00000124
00000000
00000279
0000021e
015a0114
2c130030
00000001
e6000000
35000000
14000002
30015a01
01401300
00000000
01000000
02590000
01140000
1432015a
03095b01
00000e00
00000000
01481500
00000000
00e60000
01140000
0031015a
73080a00
0a000002
00005a08
63011600
01007461
00010108
00000000
a4000000
00000000
e7000000
01000001
00646617
96090801
6f000000
12000002
0a01006e
00009607
0002ce00
00381300
00000000
00c10000
02da0000
01140000
0083025a
025b0114
01140082
000a035c
50130002
00000000
1b000000
fd000001
14000002
31015a01
025b0114
01140082
0079025c
00641300
00000000
01000000
03210000
01140000
1432015a
03095b01
00000dd0
00000000
006c1300
00000000
00e60000
03380000
01140000
0031015a
00009c13
00000000
00010000
00035c00
5a011400
01143201
e803095b
0000000d
00000000
0000a415
00000000
0000e600
5a011400
00003101
00076f00
4c000200
08000001
00005d01
03090c00
00050000
01480000
00000000
055c0000
00000000
015f0000
f4020000
02000002
00391601
04030000
0003db07
07020300
00000276
0002d802
17030200
00000053
3f080103
02000000
000002b2
66170802
03000000
03d60708
ef040000
18000002
c6080503
05000000
00766564
c6070603
02000000
69050023
03006f6e
002d0807
23020000
031a0604
08030000
0000cd09
08230200
00034006
09090300
000000cd
060a2302
00000346
5a0a0a03
02000000
07001023
6e690504
02030074
00031f05
37010800
04000003
f2010718
01000000
000000f2
0000c609
00c60900
0a000000
0000f808
08010300
00000048
0000f80b
4d010800
04000000
c601050c
01000000
0000011d
0000c609
01080000
000002ee
01051204
000000c6
00013b01
00c60900
3b090000
00000001
006d080a
01080000
00000000
01050f04
000000c6
00015f01
015f0900
c6090000
00000000
00ff080a
01080000
00000058
01050b04
000000c6
00018801
00c60900
88090000
09000001
000000c6
0d080c00
00029301
05070400
0000c601
a4010100
09000001
000000c6
8e010800
01000002
c6010e0f
01000000
000001c2
0000c609
01c20900
0a000000
0000f208
de010e00
01000002
f201019f
34000000
00000005
5c000000
00000005
04000000
01000003
00000218
01006e0f
00c60e9f
03780000
4c100000
00000005
d4000000
11000000
f3035a01
01115a01
0032015b
3b010e00
01000003
f2010199
0c000000
00000005
34000000
00000005
b1000000
01000003
00000268
01006e0f
00c60a99
04250000
24100000
00000005
d4000000
11000000
f3035a01
01115a01
0031015b
30010e00
01000003
88010193
e8000001
00000004
0c000000
00000005
5e000000
01000004
000002e1
7473640f
0e930100
00000188
000004d2
6372730f
1f930100
000002e1
0000050b
01006e0f
002d2993
05440000
fc100000
00000004
58000000
11000003
f3035a01
01115a01
01f3035b
5c01115b
5c01f303
080a0000
000002e7
ab010e12
01000002
c6010185
8c000000
00000004
e8000000
00000004
7d000000
01000005
00000358
0031730f
e1148501
05000002
0f000006
01003273
02e12485
06670000
6e0f0000
2d850100
0000002d
000006b3
00317013
5f0f8701
40000001
14000007
01003270
015f1987
5b010000
a3010e00
01000002
88010171
10000001
00000004
8c000000
00000004
9f000000
01000007
000003ca
0002ff15
0f710100
00000188
b9165a01
01000002
02e12171
08270000
6e0f0000
2b710100
000000c6
00000889
74736413
09730100
000000f2
000008ef
63727314
0f740100
0000015f
0e005b01
00030401
01660100
0000c601
0003ac00
00000000
00041000
00000000
00094b00
040e0100
730f0000
12660100
0000015f
000009d3
01006e13
00c60768
0a320000
0e000000
0002ef01
01580100
0000c601
00034800
00000000
0003ac00
00000000
000a9200
04c00100
6e0f0000
12580100
0000015f
00000b1a
0074730f
3b225801
53000001
1300000b
01006466
00c6075a
0bc80000
72130000
075b0100
000000c6
00000c11
00036817
00000000
00014100
00048d00
5a011100
5a01f303
015b0111
7c170030
00000003
1d000000
ab000001
11000004
79025a01
5b011100
00008202
00038810
00000000
00010400
5a011100
00007902
d3010e00
01000002
f2010146
8c000000
00000002
48000000
00000003
34000000
0100000c
00000552
6675620f
0c460100
000000f2
00000caa
78616d0f
15460100
000000c6
00000cf3
01006913
00c60748
0d3f0000
63130000
48010063
0000c60a
000dc600
00631400
f8084901
03000000
107faf91
000002ec
00000000
00000165
015a0111
5b011130
7faf7803
015c0111
0e000031
0002be01
013d0100
0000f201
00025000
00000000
00028c00
00000000
000de900
05940100
730f0000
143d0100
0000015f
00000e71
01006318
00f81c3d
5b010000
29010e00
01000003
88010132
18000001
00000002
50000000
00000002
d0000000
0100000e
00000600
74736418
0e320100
00000188
63185a01
17320100
000000c6
6e0f5b01
1f320100
0000002d
00000f44
00031519
09340100
000000f2
69135a01
07350100
000000c6
00000f7d
c5010e00
01000002
2d010128
d0000000
00000001
18000000
00000002
ed000000
0100000f
00000644
0100730f
015f1428
10750000
6e130000
072a0100
000000c6
000010ec
e7010e00
01000002
c6010120
90000000
00000001
d0000000
00000001
58000000
01000011
00000688
0100700f
015f1420
11cc0000
710f0000
23200100
0000015f
00001202
cc010e00
01000002
f2010115
60000000
00000001
90000000
00000001
38000000
01000012
000006d9
0100730f
00f20e15
12ac0000
740f0000
1d150100
0000015f
000012e2
00736f14
f2091701
01000000
011a005a
000002f9
01010c01
00000148
00000000
00000160
00000000
00001318
00531601
0c010000
0000c60b
00136400
02891600
0c010000
0001c218
00139d00
00721300
c6070e01
d6000000
08000013
00028e01
0e0f0100
0000c601
07440100
c6090000
09000000
000001c2
015c1700
00000000
01a40000
07640000
01110000
01f3035a
5b01115a
5b01f303
01601b00
00000000
018a0000
00000000
0000002a
02ea0002
01080000
000007d8
0000055c
00000000
00000658
00000000
0000034b
00000005
00000357
062f8001
00020000
000002fe
005d0108
7b0c0000
05000003
58000000
00000006
b0000000
0000000b
87000000
02000009
03db0704
02020000
00027607
08010200
0000003f
0002b203
17080200
0000004e
d6070802
04000003
6e690504
02020074
00031f05
03960300
28030000
00006f1b
63080500
03000003
0000039d
63186703
06000000
00000091
00000091
00004e07
02001000
00480801
91080000
09000000
000003c1
810d0701
09000000
000e2003
00000000
39010a00
04000000
5501050a
01000000
000000d6
0000550b
00d60b00
550b0000
00000000
00dc080c
0e0d0000
00003201
01810100
000b6001
00000000
000bb000
00000000
0013f900
01410100
660f0000
0100746d
01411481
14700000
11100000
01007061
00750b83
91030000
a0127fa8
0000000b
bc000000
13000001
31015a01
035b0113
135a01f3
91025c01
0c000048
00009808
31010e00
01000000
1c010178
0000000b
60000000
0000000b
bc000000
01000014
000001bc
0064660f
550d7801
32000000
0f000015
00746d66
411d7801
6b000001
10000015
00706111
750b7a01
03000000
127fb891
00000b50
00000000
000001bc
035a0113
135a01f3
f3035b01
01135b01
5091025c
010e0000
0000038e
01013501
00000764
00000000
00000b1c
00000000
000015a4
0004d301
64660f00
0d350100
00000055
0000161a
746d660f
1d350100
00000141
00001666
0070610f
752a3501
b2000000
14000016
37010073
0004d309
0018d600
30631400
07380100
00000055
0000190c
00316314
550b3801
98000000
1400001a
01003263
00550f38
1af50000
69140000
13380100
00000055
00001c36
00037515
16380100
00000055
00001cf2
0004d916
000a2800
00000000
000a6c00
00000000
09620100
000002fc
0004f217
001e5a00
04e71700
1e7d0000
fc180000
a0000004
1900001e
00000a34
00000000
000005d6
000002bb
025a0113
01130086
3008025b
0a401900
00000000
05d60000
02d90000
01130000
0086025a
025b0113
12007808
00000a60
00000000
000005d6
025a0113
01130086
00830a5b
87253c08
01942200
d4190000
00000007
d6000000
1a000005
13000003
86025a01
5b011300
00008202
00086019
00000000
0005d600
00033800
5a011300
13008602
85025b01
80190000
00000008
07000000
5a000005
13000003
86025a01
5c011300
01133a01
0031015d
0008b819
00000000
0005d600
00037800
5a011300
13008602
85025b01
c4190000
00000008
d6000000
96000005
13000003
86025a01
5b011300
00008202
0008e419
00000000
00050700
0003b800
5a011300
13008602
3a015c01
015d0113
24190031
00000009
07000000
da000005
13000003
86025a01
5c011300
01134001
0030015d
00094c19
00000000
00050700
0003fc00
5a011300
13008602
3a015c01
015d0113
74190031
00000009
07000000
1e000005
13000004
86025a01
5c011300
01133a01
0030015d
00099819
00000000
00050700
00044000
5a011300
13008602
3a015c01
015d0113
c0190030
00000009
07000000
62000005
13000004
86025a01
5c011300
01133a01
0030015d
0009e819
00000000
00050700
00048400
5a011300
13008602
40015c01
015d0113
0c190030
0000000a
07000000
a6000005
13000004
86025a01
5c011300
01134001
0030015d
000a8c19
00000000
0005d600
0004be00
5a011300
00008602
000ab412
00000000
0005d600
5a011300
00008602
91080c00
1a000000
000003c8
01012a01
00050701
64661b00
0e2a0100
0000002e
0000002f
00000030
00000031
00000032
00000033
00000034
00000035
00000036
00000037
00000038
00000039
0000003a
0000003b
0000003c
0000003d
0000003e
0000003f
00000040
00000041
00000042
00000043
00000044
00000045
00000000
00000000
00000000
00000000
00000000
00000000
00000000
00000000
00000000
00000000
00000000
00000000
00000000
00000000
00000000
00000000
00000000
00000000
00000000
00000000
00000000
00000000
00000000
00000000
00000000
00000000
00000000
00000000
00000000
00000000
00000000
00000000
00000000
00000000
00000000
00000000
00000000
00000000
00000000
00000000
00000000
00000000
00000000
00000000
00000000
00000000
00000000
00000000
00000000
00000000
00000000
00000000
00000000
00000000
00000000
00000000
00000000
00000000
00000000
00000000
00000000
00000000
00000000
00000000
00000000
00000000
00000000
00000000
00000000
00000000
00000000
00000000
00000000
00000000
00000000
00000000
00000000
00000000
00000000
00000000
00000000
00000000
00000000
00000000
00000000
00000000
00000000
00000000
00000000
00000000
00000000
00000000
00000000
00000000
00000000
00000000
00000000
00000000
00000000
00000000
00000000
00000000
00000000
00000000
00000000
00000000
00000000
00000000
00000000
00000000
00000000
00000000
00000000
00000000
00000000
00000000
00000000
00000000
00000000
00000000
00000000
00000000
00000000
00000000
00000000
00000000
00000000
00000000
00000000
00000000
00000000
00000000
00000000
00000000
00000000
00000000
00000000
00000000
00000000
00000000
00000000
00000000
00000000
00000000
00000000
00000000
00000000
00000000
00000000
00000000
00000000
00000000
00000000
00000000
00000000
00000000
00000000
00000000
00000000
00000000
00000000
00000000
00000000
00000000
00000000
00000000
00000000
00000000
00000000
00000000
00000000
00000000
00000000
00000000
00000000
00000000
00000000
00000000
00000000
00000000
00000000
00000000
00000000
00000000
00000000
00000000
00000000
00000000
00000000
00000000
00000000
00000000
00000000
00000000
00000000
00000000
00000000
00000000
00000000
00000000
00000000
00000000
00000000
00000000
00000000
00000000
00000000
00000000
00000000
00000000
00000000
00000000
00000000
00000000
00000000
00000000
00000000
00000000
00000000
00000000
00000000
00000000
00000000
00000000
00000000
00000000
00000000
00000000
00000000
00000000
00000000
00000000
00000055
0100781b
0042192a
691c0000
072c0100
00000055
03a51d00
10010000
06880101
00000000
07640000
00000000
1ef20000
b8010000
0f000005
01006466
00550e10
1f7c0000
780f0000
10010078
0005b81c
001fdb00
03ae1e00
10010000
00005524
00203d00
67730f00
1001006e
0000552e
00208900
75621100
12010066
0005bf08
b8910300
0069147f
55071301
d5000000
14000020
0067656e
550a1301
4b000000
14000021
14010078
0005cf16
00219600
07341200
00000000
05d60000
01130000
0082025a
08020000
0003b305
00910600
05cf0000
4e070000
13000000
07080200
000003d1
0003891f
010a0100
00065801
00000000
00068800
00000000
0021cc00
660f0100
0a010064
0000550a
00224000
00630f00
91130a01
79000000
12000022
00000678
00000000
000000b3
035a0113
135a01f3
78025b01
5c01136f
00003101
00026100
b8000200
08000004
00005d01
03f60c00
00050000
0bb00000
00000000
0dd00000
00000000
11b00000
f4020000
02000002
00391601
04030000
0003db07
07020300
00000276
3f080103
03000000
03d60708
04040000
746e6905
05020300
0000031f
00042f02
0e090100
0000006f
b8050803
05000003
030c0110
0000009e
72747006
130d0100
000000c0
07002302
00000346
2d0a0e01
02000000
08000823
000003ef
070b0110
000000c0
01007309
0076050f
78090000
09100100
00000063
9e080a00
02000000
00000405
9e161301
0b000000
000003ae
c60f1501
09000000
00121003
00000000
041a0b00
16010000
0000fe10
00030900
00000010
0a000000
0000c608
3b010c00
03000003
1d010728
01000001
0000011d
0000550d
080a0000
00000123
48080103
0e000000
00040c01
01400100
0001e701
000c6000
00000000
000dd000
00000000
0022b000
01e70100
e80f0000
01000003
002d0d40
233a0000
70100000
0b420100
000000fe
00002373
00042911
0f420100
000000fe
00002437
00041311
08430100
0000002d
000024c2
0001e912
000cb800
00000000
00000000
10570100
0001fb13
00251a00
00001400
06150000
84000002
15000025
00000210
000025cf
000d2816
00000000
00021c00
0d501700
00000000
01040000
01180000
0084025a
00000000
201a0819
01000004
fe01012f
01000000
0000021c
00756e1b
2d0f2f01
1c000000
31010070
00011d09
70681c00
0b320100
000000fe
35011d00
01000004
b0010119
0000000b
60000000
0000000c
07000000
01000026
0070611e
e70c1901
01000001
7062105a
0b1b0100
000000fe
0000267b
0100701f
00fe101b
5f010000
11010000
130e2501
1b0e030b
1201110e
00061001
00240200
0b3e0b0b
00000e03
49010103
00130113
00210400
052f1349
26050000
00134900
00340600
0b3a0803
0b390b3b
0c3f1349
00000a02
3f012e07
3a0e030c
390b3b0b
490c270b
010c3c13
08000013
13490005
24090000
3e0b0b00
0008030b
000f0a00
13490b0b
0f0b0000
000b0b00
012e0c00
0e030c3f
0b3b0b3a
0c270b39
01871349
010c3c0c
0d000013
0c3f012e
0b3a0e03
0b390b3b
0c3c0c27
00001301
0000180e
00260f00
2e100000
030c3f01
3b0b3a0e
270b390b
1113490c
40011201
0c429706
00001301
03000511
3b0b3a0e
490b390b
00060213
00341200
0b3a0803
0b390b3b
06021349
89130000
11010182
01133101
14000013
0001828a
42910a02
1500000a
01018289
13310111
2e160000
030c3f01
3b0b3a08
270b390b
1201110c
97064001
00000c42
03000517
3b0b3a08
490b390b
00060213
11010000
130e2501
1b0e030b
1201110e
00061001
00160200
0b3a0e03
0b390b3b
00001349
0b002403
030b3e0b
0400000e
0e030113
0b3a0b0b
0b390b3b
00001301
03000d05
3b0b3a08
490b390b
000a3813
000d0600
0b3a0e03
0b390b3b
0a381349
24070000
3e0b0b00
0008030b
012e0800
0e030c3f
0b3b0b3a
0c270b39
0c3c1349
00001301
49000509
0a000013
0b0b000f
00001349
4900260b
0c000013
0b0b000f
2e0d0000
030c3f01
3b0b3a0e
270b390b
8713490c
0c3c0c01
00001301
3f012e0e
3a0e030c
390b3b0b
490c270b
12011113
97064001
13010c42
050f0000
3a080300
390b3b0b
0213490b
10000006
01018289
13310111
8a110000
02000182
0a42910a
26120000
13000000
08030034
0b3b0b3a
13490b39
00000602
03003414
3b0b3a08
490b390b
000a0213
00051500
0b3a0e03
0b390b3b
0a021349
05160000
3a0e0300
390b3b0b
0213490b
17000006
01018289
13310111
00001301
03000518
3b0b3a08
490b390b
000a0213
00341900
0b3a0e03
0b390b3b
0a021349
2e1a0000
030c3f01
3b0b3a0e
270b390b
1201110c
97064001
00000c42
0182891b
31011100
00000013
10001101
12011106
1b0e0301
130e250e
00000005
25011101
030b130e
110e1b0e
10011201
02000006
0b0b0024
0e030b3e
16030000
3a0e0300
390b3b0b
0013490b
00240400
0b3e0b0b
00000803
0b000f05
000e030b
01010600
13011349
21070000
2f134900
0800000b
13490026
34090000
3a0e0300
390b3b0b
0213490b
0a00000a
0c3f012e
0b3a0e03
0b390b3b
13490c27
13010c3c
050b0000
00134900
000f0c00
13490b0b
260d0000
0e000000
0c3f012e
0b3a0e03
0b390b3b
01110c27
06400112
010c4297
0f000013
08030005
0b3b0b3a
13490b39
00000602
00001810
00341100
0b3a0803
0b390b3b
0a021349
89120000
11010182
00133101
828a1300
0a020001
000a4291
00341400
0b3a0803
0b390b3b
06021349
34150000
3a0e0300
390b3b0b
0213490b
16000006
1331011d
01120111
0b590b58
13010b57
05170000
02133100
18000006
13310034
00000602
01828919
31011101
00130113
012e1a00
0b3a0e03
0b390b3b
0b200c27
00001301
0300051b
3b0b3a08
490b390b
1c000013
08030034
0b3b0b3a
13490b39
2e1d0000
3a0e0301
390b3b0b
110c270b
40011201
0c429706
00001301
0300051e
3b0b3a0e
490b390b
00060213
012e1f00
0b3a0e03
0b390b3b
01110c27
06400112
000c4297
11010000
130e2501
1b0e030b
1201110e
00061001
00160200
0b3a0e03
0b390b3b
00001349
0b002403
030b3e0b
0400000e
0b0b0024
08030b3e
13050000
3a0b0b01
390b3b0b
0013010b
000d0600
0b3a0803
0b390b3b
0a381349
0d070000
3a0e0300
390b3b0b
3813490b
0800000a
0e030117
0b3a0b0b
0b390b3b
00001301
03000d09
3b0b3a08
490b390b
0a000013
0b0b000f
00001349
0300340b
3b0b3a0e
490b390b
000a0213
012e0c00
0e030c3f
0b3b0b3a
0c270b39
0c3c1349
00001301
4900050d
0e000013
0c3f012e
0b3a0e03
0b390b3b
13490c27
01120111
42970640
0013010c
00050f00
0b3a0e03
0b390b3b
06021349
34100000
3a080300
390b3b0b
0213490b
11000006
0e030034
0b3b0b3a
13490b39
00000602
31011d12
55015213
590b5806
000b570b
00051300
06021331
0b140000
00065501
00341500
06021331
89160000
11000182
00133101
82891700
01110101
00001331
01828a18
910a0200
00000a42
0b000f19
1a00000b
0e03012e
0b3b0b3a
0c270b39
0b201349
00001301
0300051b
3b0b3a08
490b390b
1c000013
08030034
0b3b0b3a
13490b39
2e1d0000
030c3f01
3b0b3a0e
270b390b
1201110c
97064001
00000c42
0300051e
3b0b3a08
490b390b
000a0213
00341f00
0b3a0803
0b390b3b
0a021349
a4000000
00000000
a8000000
00000000
02000000
a8007200
00000000
b4000000
00000000
02000000
b4307200
00000000
48000000
00000001
02000000
00007800
00000000
00000000
00000000
a4000000
00000000
e0000000
00000000
01000000
00e05a00
00000000
01100000
00000000
00040000
9f5a01f3
00000110
00000000
00000120
00000000
205a0001
00000001
48000000
00000001
04000000
5a01f300
0000009f
00000000
00000000
00000000
0000a400
00000000
0000dc00
00000000
5b000100
000000dc
00000000
000000e0
00000000
707b0003
0000e09f
00000000
00011000
00000000
f3000400
109f5b01
00000001
23000000
00000001
01000000
01235b00
00000000
01480000
00000000
00040000
9f5b01f3
00000000
00000000
00000000
00000000
000000f0
00000000
000000f7
00000000
2c5a0001
00000001
3c000000
00000001
01000000
00005a00
00000000
00000000
00000000
00e00000
00000000
01000000
00000000
000d0000
01f30082
1c381c5b
01232533
0001009f
00000000
00010400
00000000
82000d00
5b01f300
331c381c
9f022325
00000104
00000000
00000110
00000000
0082000d
1c5b01f3
25331c40
2c9f0223
00000001
48000000
00000001
0d000000
f3008200
381c5b01
2325331c
00009f01
00000000
00000000
00000000
00000000
00000000
00040000
00000000
00020000
00040072
00000000
001c0000
00000000
00020000
001c3072
00000000
00780000
00000000
00020000
00780078
00000000
00880000
00000000
00020000
00883072
00000000
008c0000
00000000
00020000
008c0072
00000000
00a40000
00000000
00020000
00000078
00000000
00000000
00000000
00000000
00000000
00280000
00000000
00010000
0000285a
00000000
00008400
00000000
63000100
00000084
00000000
0000008c
00000000
01f30004
008c9f5a
00000000
00a40000
00000000
00010000
00000063
00000000
00000000
00000000
00003c00
00000000
00004c00
00000000
5a000100
0000006c
00000000
00000098
00000000
005a0001
00000000
00000000
00000000
ec000000
00000003
f0000000
00000003
02000000
f0007200
00000003
fc000000
00000003
02000000
fc107200
00000003
0c000000
00000004
02000000
0c007800
00000004
10000000
00000004
02000000
10107200
00000004
14000000
00000004
02000000
00007200
00000000
00000000
00000000
ec000000
00000003
03000000
00000004
01000000
04035a00
00000000
04140000
00000000
00040000
9f5a01f3
00000000
00000000
00000000
00000000
000003c4
00000000
000003c8
00000000
00720002
000003c8
00000000
000003d4
00000000
10720002
000003d4
00000000
000003e4
00000000
00780002
000003e4
00000000
000003e8
00000000
10720002
000003e8
00000000
000003ec
00000000
00720002
00000000
00000000
00000000
00000000
000003c4
00000000
000003db
00000000
db5a0001
00000003
ec000000
00000003
04000000
5a01f300
0000009f
00000000
00000000
00000000
0003a000
00000000
0003a400
00000000
72000200
0003a400
00000000
0003b000
00000000
72000200
0003b010
00000000
0003bc00
00000000
78000200
0003bc00
00000000
0003c000
00000000
72000200
0003c010
00000000
0003c400
00000000
72000200
00000000
00000000
00000000
00000000
0003a000
00000000
0003b300
00000000
5a000100
000003b3
00000000
000003c4
00000000
01f30004
00009f5a
00000000
00000000
00000000
03a00000
00000000
03b30000
00000000
00010000
0003b35b
00000000
0003c400
00000000
f3000400
009f5b01
00000000
00000000
00000000
a0000000
00000003
b3000000
00000003
01000000
03b35c00
00000000
03c40000
00000000
00040000
9f5c01f3
00000000
00000000
00000000
00000000
00000344
00000000
00000348
00000000
00720002
00000348
00000000
00000350
00000000
10720002
00000350
00000000
00000390
00000000
00780002
00000390
00000000
00000394
00000000
10720002
00000394
00000000
00000398
00000000
00720002
00000398
00000000
000003a0
00000000
00780002
00000000
00000000
00000000
00000000
00000344
00000000
00000368
00000000
685a0001
00000003
98000000
00000003
04000000
5a01f300
0003989f
00000000
00039c00
00000000
5a000100
0000039c
00000000
000003a0
00000000
01f30004
00009f5a
00000000
00000000
00000000
03440000
00000000
03680000
00000000
00010000
0003685b
00000000
00039800
00000000
f3000400
989f5b01
00000003
a0000000
00000003
01000000
00005b00
00000000
00000000
00000000
03440000
00000000
03500000
00000000
00010000
0003505c
00000000
00035800
00000000
7c000300
03589f7f
00000000
035c0000
00000000
00010000
00035c5d
00000000
00036800
00000000
7c000300
03689f7f
00000000
038c0000
00000000
00060000
315c01f3
03989f1c
00000000
03a00000
00000000
00030000
009f7f7c
00000000
00000000
00000000
50000000
00000003
84000000
00000003
01000000
03885a00
00000000
038c0000
00000000
00010000
0003985a
00000000
00039c00
00000000
5a000100
0000039c
00000000
000003a0
00000000
01f30004
00009f5a
00000000
00000000
00000000
02c80000
00000000
02cc0000
00000000
00020000
02cc0072
00000000
02d40000
00000000
00020000
02d41072
00000000
03040000
00000000
00020000
03040078
00000000
03080000
00000000
00020000
03081072
00000000
030c0000
00000000
00020000
030c0072
00000000
03440000
00000000
00020000
00000078
00000000
00000000
00000000
02c80000
00000000
02ec0000
00000000
00010000
0002ec5b
00000000
00030c00
00000000
f3000400
0c9f5b01
00000003
14000000
00000003
01000000
03145b00
00000000
03440000
00000000
00040000
9f5b01f3
00000000
00000000
00000000
00000000
000002c8
00000000
000002d8
00000000
d85c0001
00000002
00000000
00000003
06000000
5c01f300
0c9f1c31
00000003
14000000
00000003
01000000
03145c00
00000000
03440000
00000000
00060000
315c01f3
00009f1c
00000000
00000000
00000000
02d40000
00000000
02ec0000
00000000
00010000
0002ec5a
00000000
00030000
00000000
5e000100
0000030c
00000000
00000310
00000000
105a0001
00000003
44000000
00000003
01000000
00005e00
00000000
00000000
00000000
02640000
00000000
02680000
00000000
00020000
02680072
00000000
02700000
00000000
00020000
02701072
00000000
02b80000
00000000
00020000
02b80078
00000000
02bc0000
00000000
00020000
02bc1072
00000000
02c00000
00000000
00020000
02c00072
00000000
02c80000
00000000
00020000
00000078
00000000
00000000
00000000
02640000
00000000
028c0000
00000000
00010000
00028c5a
00000000
0002b400
00000000
5e000100
000002c0
00000000
000002c4
00000000
c45a0001
00000002
c8000000
00000002
04000000
5a01f300
0000009f
00000000
00000000
00000000
00027000
00000000
00028c00
00000000
30000200
00028c9f
00000000
0002a400
00000000
5a000100
000002a4
00000000
000002ac
00000000
507f0003
0002c09f
00000000
0002c800
00000000
30000200
0000009f
00000000
00000000
00000000
00020000
00000000
00020400
00000000
72000200
00020400
00000000
00021400
00000000
72000200
00021420
00000000
00025000
00000000
78000200
00025000
00000000
00025800
00000000
72000200
00025820
00000000
00025c00
00000000
72000200
00025c00
00000000
00026400
00000000
78000200
00000000
00000000
00000000
00000000
00020000
00000000
00021f00
00000000
5a000100
0000021f
00000000
00000264
00000000
01f30004
00009f5a
00000000
00000000
00000000
02000000
00000000
021c0000
00000000
00010000
00021c5b
00000000
00023800
00000000
62000100
00000238
00000000
0000025c
00000000
01f30004
025c9f5b
00000000
02600000
00000000
00010000
00026062
00000000
00026400
00000000
f3000400
009f5b01
00000000
00000000
00000000
20000000
00000002
33000000
00000002
01000000
02335a00
00000000
02440000
00000000
00010000
00025c59
00000000
00026400
00000000
5a000100
00000000
00000000
00000000
00000000
00000238
00000000
00000244
00000000
00620001
00000000
00000000
00000000
44000000
00000001
48000000
00000001
02000000
48007200
00000001
70000000
00000001
03000000
00e07200
00000170
00000000
000001dc
00000000
00780002
000001dc
00000000
000001fc
00000000
e0720003
0001fc00
00000000
00020000
00000000
72000200
00000000
00000000
00000000
00000000
00014400
00000000
00018800
00000000
5a000100
00000188
00000000
000001f8
00000000
f8670001
00000001
00000000
00000002
01000000
00005a00
00000000
00000000
00000000
01440000
00000000
01880000
00000000
00010000
0001885b
00000000
0001ec00
00000000
64000100
000001ec
00000000
00000200
00000000
01f30004
00009f5b
00000000
00000000
00000000
01780000
00000000
01880000
00000000
00020000
01889f30
00000000
01900000
00000000
00010000
00019059
00000000
0001a800
00000000
63000100
000001a8
00000000
000001c0
00000000
01830003
0001c49f
00000000
0001c800
00000000
83000300
01c89f01
00000000
01cc0000
00000000
00010000
00000063
00000000
00000000
00000000
0001a400
00000000
00000000
00000000
00000000
00000000
00000000
00000000
00000000
00000000
00000000
00000000
00000000
00000000
00000000
00000000
00000000
00000000
00000000
00000000
00000000
00000000
00000000
00000000
00000000
00000000
00000000
00000000
00000000
00000000
00000000
00000000
00000000
00000000
00000000
00000000
00000000
00000000
00000000
00000000
00000000
00000000
00000000
00000000
00000000
00000000
00000000
00000000
00000000
00000000
00000000
00000000
00000000
00000000
00000000
00000000
00000000
00000000
00000000
00000000
00000000
00000000
00000000
00000000
00000000
00000000
00000000
00000000
00000000
00000000
00000000
00000000
00000000
00000000
00000000
00000000
00000000
00000000
00000000
00000000
00000000
00000000
00000000
00000000
00000000
00000000
00000000
00000000
00000000
00000000
00000000
00000000
00000000
00000000
00000000
00000000
00000000
00000000
00000000
00000000
00000000
00000000
00000000
00000000
00000000
00000000
00000000
00000000
00000000
00000000
00000000
00000000
00000000
00000000
00000000
00000000
00000000
00000000
00000000
00000000
00000000
00000000
00000000
00000000
00000000
00000000
00000000
00000000
00000000
00000000
00000000
00000000
00000000
00000000
00000000
00000000
00000000
00000000
00000000
00000000
00000000
00000000
00000000
00000000
00000000
00000000
00000000
00000000
00000000
00000000
00000000
00000000
00000000
00000000
00000000
00000000
00000000
00000000
00000000
00000000
00000000
00000000
00000000
00000000
00000000
00000000
00000000
00000000
00000000
00000000
00000000
00000000
00000000
00000000
00000000
00000000
00000000
00000000
00000000
00000000
00000000
00000000
00000000
00000000
00000000
00000000
00000000
00000000
00000000
00000000
00000000
00000000
00000000
00000000
00000000
00000000
00000000
00000000
00000000
00000000
00000000
00000000
00000000
00000000
00000000
00000000
00000000
00000000
00000000
00000000
00000000
00000000
00000000
00000000
00000000
00000000
00000000
00000000
00000000
00000000
00000000
00000000
00000000
00000000
00000000
00000000
00000000
00000000
00000000
00000000
00000000
00000000
00000000
00000000
00000000
00000000
00000000
00000000
00000000
00000000
00000000
00000000
00000000
00000000
00000000
00000000
00000000
00000000
00000000
00000000
00000000
00000000
00000000
00000000
00000000
00000000
00000000
00000000
00000000
00000000
00000000
00000000
00000000
00000000
00000000
00000000
00000000
00000000
00000000
00000000
00000000
00000000
00000000
00000000
00000000
00000000
00000000
00000000
00000000
00000000
00000000
00000000
00000000
00000000
00000000
00000000
00000000
00000000
00000000
00000000
00000000
00000000
00000000
00000000
00000000
00000000
00000000
00000000
00000000
00000000
00000000
00000000
00000000
00000000
00000000
00000000
00000000
00000000
00000000
00000000
00000000
00000000
00000000
00000000
00000000
00000000
00000000
00000000
00000000
00000000
00000000
00000000
00000000
00000000
00000000
00000000
00000000
00000000
00000000
00000000
00000000
00000000
00000000
00000000
00000000
00000000
00000000
00000000
00000000
00000000
00000000
00000000
00000000
00000000
00000000
00000000
00000000
00000000
00000000
00000000
00000000
00000000
00000000
00000000
00000000
00000000
00000000
00000000
00000000
00000000
00000000
00000000
00000000
00000000
00000000
00000000
00000000
00000000
00000000
00000000
00000000
00000000
00000000
00000000
00000000
00000000
00000000
00000000
00000000
00000000
00000000
00000000
00000000
00000000
00000000
00000000
00000000
00000000
00000000
00000000
00000000
00000000
00000000
00000000
00000000
00000000
00000000
00000000
00000000
00000000
00000000
00000000
00000000
00000000
00000000
00000000
00000000
00000000
00000000
00000000
00000000
00000000
00000000
00000000
00000000
00000000
00000000
00000000
00000000
00000000
00000000
00000000
00000000
00000000
00000000
00000000
00000000
00000000
00000000
00000000
00000000
00000000
00000000
00000000
00000000
00000000
00000000
00000000
00000000
00000000
00000000
00000000
00000000
00000000
00000000
00000000
00000000
00000000
00000000
00000000
00000000
00000000
00000000
00000000
00000000
00000000
00000000
00000000
00000000
00000000
00000000
00000000
00000000
00000000
00000000
00000000
00000000
00000000
00000000
00000000
00000000
00000000
00000000
00000000
00000000
00000000
00000000
00000000
00000000
00000000
00000000
00000000
00000000
00000000
00000000
00000000
00000000
00000000
00000000
00000000
00000000
00000000
00000000
00000000
00000000
00000000
00000000
00000000
00000000
00000000
00000000
00000000
00000000
00000000
00000000
00000000
00000000
00000000
00000000
00000000
00000000
00000000
00000000
00000000
00000000
00000000
00000000
00000000
00000000
00000000
00000000
00000000
00000000
00000000
00000000
00000000
00000000
00000000
00000000
00000000
00000000
00000000
00000000
00000000
00000000
00000000
00000000
00000000
00000000
00000000
00000000
00000000
00000000
00000000
00000000
00000000
00000000
00000000
00000000
00000000
00000000
00000000
00000000
00000000
00000000
00000000
00000000
00000000
00000000
00000000
00000000
00000000
00000000
00000000
00000000
00000000
00000000
00000000
00000000
00000000
00000000
00000000
00000000
00000000
00000000
00000000
00000000
00000000
00000000
00000000
00000000
00000000
00000000
00000000
00000000
00000000
00000000
00000000
00000000
00000000
00000000
00000000
00000000
00000000
00000000
00000000
00000000
00000000
00000000
00000000
00000000
00000000
00000000
00000000
00000000
00000000
00000000
00000000
00000000
00000000
00000000
00000000
00000000
00000000
00000000
00000000
00000000
00000000
00000000
00000000
00000000
00000000
00000000
00000000
00000000
00000000
00000000
00000000
00000000
00000000
00000000
00000000
00000000
00000000
00000000
00000000
00000000
00000000
00000000
00000000
00000000
00000000
00000000
00000000
00000000
00000000
00000000
00000000
00000000
00000000
00000000
00000000
00000000
00000000
00000000
00000000
00000000
00000000
00000000
00000000
00000000
00000000
00000000
00000000
00000000
00000000
00000000
00000000
00000000
00000000
00000000
00000000
00000000
00000000
00000000
00000000
00000000
00000000
00000000
00000000
00000000
00000000
00000000
00000000
00000000
00000000
00000000
00000000
00000000
00000000
00000000
00000000
00000000
00000000
00000000
00000000
00000000
00000000
00000000
00000000
00000000
00000000
00000000
00000000
00000000
00000000
00000000
00000000
00000000
00000000
00000000
00000000
00000000
00000000
00000000
00000000
00000000
00000000
00000000
00000000
00000000
00000000
00000000
00000000
00000000
00000000
00000000
00000000
00000000
00000000
00000000
00000000
00000000
00000000
00000000
00000000
00000000
00000000
00000000
00000000
00000000
00000000
00000000
00000000
00000000
00000000
00000000
00000000
00000000
00000000
00000000
00000000
00000000
00000000
00000000
00000000
00000000
00000000
00000000
00000000
00000000
00000000
00000000
00000000
00000000
00000000
00000000
00000000
00000000
00000000
00000000
00000000
00000000
00000000
00000000
00000000
00000000
00000000
00000000
00000000
00000000
00000000
00000000
00000000
00000000
00000000
00000000
00000000
00000000
00000000
00000000
00000000
00000000
00000000
00000000
00000000
00000000
00000000
00000000
00000000
00000000
00000000
00000000
00000000
00000000
00000000
00000000
00000000
00000000
00000000
00000000
00000000
00000000
00000000
00000000
00000000
00000000
00000000
00000000
00000000
00000000
00000000
00000000
00000000
00000000
00000000
00000000
00000000
00000000
00000000
00000000
00000000
00000000
00000000
00000000
00000000
00000000
00000000
00000000
00000000
00000000
00000000
00000000
00000000
00000000
00000000
00000000
00000000
00000000
00000000
00000000
00000000
00000000
00000000
00000000
00000000
00000000
00000000
00000000
00000000
00000000
00000000
00000000
00000000
00000000
00000000
00000000
00000000
00000000
00000000
00000000
00000000
00000000
00000000
00000000
00000000
00000000
00000000
00000000
00000000
00000000
00000000
00000000
00000000
00000000
00000000
00000000
00000000
00000000
00000000
00000000
00000000
00000000
00000000
00000000
00000000
00000000
00000000
00000000
00000000
00000000
00000000
00000000
00000000
00000000
00000000
00000000
00000000
00000000
00000000
00000000
00000000
00000000
00000000
00000000
00000000
00000000
00000000
00000000
00000000
00000000
00000000
00000000
00000000
00000000
00000000
00000000
00000000
00000000
00000000
00000000
00000000
00000000
00000000
00000000
00000000
00000000
00000000
00000000
00000000
00000000
00000000
00000000
00000000
00000000
00000000
00000000
00000000
00000000
00000000
00000000
00000000
00000000
00000000
00000000
00000000
00000000
00000000
00000000
00000000
00000000
00000000
00000000
00000000
00000000
00000000
00000000
00000000
00000000
00000000
00000000
00000000
00000000
00000000
00000000
00000000
00000000
00000000
00000000
00000000
00000000
00000000
00000000
00000000
00000000
00000000
00000000
00000000
00000000
00000000
00000000
00000000
00000000
00000000
00000000
00000000
00000000
00000000
00000000
00000000
00000000
00000000
00000000
00000000
00000000
00000000
00000000
00000000
00000000
00000000
00000000
00000000
00000000
00000000
00000000
00000000
00000000
00000000
00000000
00000000
00000000
00000000
00000000
00000000
00000000
00000000
00000000
00000000
00000000
00000000
00000000
00000000
00000000
00000000
00000000
00000000
00000000
00000000
00000000
00000000
00000000
00000000
00000000
00000000
00000000
00000000
00000000
00000000
00000000
00000000
00000000
00000000
00000000
00000000
00000000
00000000
00000000
00000000
00000000
00000000
00000000
00000000
00000000
00000000
00000000
00000000
00000000
00000000
00000000
00000000
00000000
00000000
00000000
00000000
00000000
00000000
00000000
00000000
00000000
00000000
00000000
00000000
00000000
00000000
00000000
00000000
00000000
00000000
00000000
00000000
00000000
00000000
00000000
00000000
00000000
00000000
00000000
00000000
00000000
00000000
00000000
00000000
00000000
00000000
00000000
00000000
00000000
00000000
00000000
00000000
00000000
00000000
00000000
00000000
00000000
00000000
00000000
00000000
00000000
00000000
00000000
00000000
00000000
00000000
00000000
00000000
00000000
00000000
00000000
00000000
00000000
00000000
00000000
00000000
00000000
00000000
00000000
00000000
00000000
00000000
00000000
00000000
00000000
00000000
00000000
00000000
00000000
00000000
00000000
00000000
00000000
00000000
00000000
00000000
00000000
00000000
00000000
00000000
00000000
00000000
00000000
00000000
00000000
00000000
00000000
00000000
00000000
00000000
00000000
00000000
00000000
00000000
00000000
00000000
00000000
00000000
00000000
00000000
00000000
00000000
00000000
00000000
00000000
00000000
00000000
00000000
00000000
00000000
00000000
00000000
00000000
00000000
00000000
00000000
00000000
00000000
00000000
00000000
00000000
00000000
00000000
00000000
00000000
00000000
00000000
00000000
00000000
00000000
00000000
00000000
00000000
00000000
00000000
00000000
00000000
00000000
00000000
00000000
00000000
00000000
00000000
00000000
00000000
00000000
00000000
00000000
00000000
00000000
00000000
00000000
00000000
00000000
00000000
00000000
00000000
00000000
00000000
00000000
00000000
00000000
00000000
00000000
00000000
00000000
00000000
00000000
00000000
00000000
00000000
00000000
00000000
00000000
00000000
00000000
00000000
00000000
00000000
00000000
00000000
00000000
00000000
00000000
00000000
00000000
00000000
00000000
00000000
00000000
00000000
00000000
00000000
00000000
00000000
00000000
00000000
00000000
00000000
00000000
00000000
00000000
00000000
00000000
00000000
00000000
00000000
00000000
00000000
00000000
00000000
00000000
00000000
00000000
00000000
00000000
00000000
00000000
00000000
00000000
00000000
00000000
00000000
00000000
00000000
00000000
00000000
00000000
00000000
00000000
00000000
00000000
00000000
00000000
00000000
00000000
00000000
00000000
00000000
00000000
00000000
00000000
00000000
00000000
00000000
00000000
00000000
00000000
00000000
00000000
00000000
00000000
00000000
00000000
00000000
00000000
00000000
00000000
00000000
00000000
00000000
00000000
00000000
00000000
00000000
00000000
00000000
00000000
00000000
00000000
00000000
00000000
00000000
00000000
00000000
00000000
00000000
00000000
00000000
00000000
00000000
00000000
00000000
00000000
00000000
00000000
00000000
00000000
00000000
00000000
00000000
00000000
00000000
00000000
00000000
00000000
00000000
00000000
00000000
00000000
00000000
00000000
00000000
00000000
00000000
00000000
00000000
00000000
00000000
00000000
00000000
00000000
00000000
00000000
00000000
00000000
00000000
00000000
00000000
00000000
00000000
00000000
00000000
00000000
00000000
00000000
00000000
00000000
00000000
00000000
00000000
00000000
00000000
00000000
00000000
00000000
00000000
00000000
00000000
00000000
00000000
00000000
00000000
00000000
00000000
00000000
00000000
00000000
00000000
00000000
00000000
00000000
00000000
00000000
00000000
00000000
00000000
00000000
00000000
00000000
00000000
00000000
00000000
00000000
00000000
00000000
00000000
00000000
00000000
00000000
00000000
00000000
00000000
00000000
00000000
00000000
00000000
00000000
00000000
00000000
00000000
00000000
00000000
00000000
00000000
00000000
00000000
00000000
00000000
00000000
00000000
00000000
00000000
00000000
00000000
00000000
00000000
00000000
00000000
00000000
00000000
00000000
00000000
00000000
00000000
00000000
00000000
00000000
00000000
00000000
00000000
00000000
00000000
00000000
00000000
00000000
00000000
00000000
00000000
00000000
00000000
00000000
00000000
00000000
00000000
00000000
00000000
00000000
00000000
00000000
00000000
00000000
00000000
00000000
00000000
00000000
00000000
00000000
00000000
00000000
00000000
00000000
00000000
00000000
00000000
00000000
00000000
00000000
00000000
00000000
00000000
00000000
00000000
00000000
00000000
00000000
00000000
00000000
00000000
00000000
00000000
00000000
00000000
00000000
00000000
00000000
00000000
00000000
00000000
00000000
00000000
00000000
00000000
00000000
00000000
00000000
00000000
00000000
00000000
00000000
00000000
00000000
00000000
00000000
00000000
00000000
00000000
00000000
00000000
00000000
00000000
00000000
00000000
00000000
00000000
00000000
00000000
00000000
00000000
00000000
00000000
00000000
00000000
00000000
00000000
00000000
00000000
00000000
00000000
00000000
00000000
00000000
00000000
00000000
00000000
00000000
00000000
00000000
00000000
00000000
00000000
00000000
00000000
00000000
00000000
00000000
00000000
00000000
00000000
00000000
00000000
00000000
00000000
00000000
00000000
00000000
00000000
00000000
00000000
00000000
00000000
00000000
00000000
00000000
00000000
00000000
00000000
00000000
00000000
00000000
00000000
00000000
00000000
00000000
00000000
00000000
00000000
00000000
00000000
00000000
00000000
00000000
00000000
00000000
00000000
00000000
00000000
00000000
00000000
00000000
00000000
00000000
00000000
00000000
00000000
00000000
00000000
00000000
00000000
00000000
00000000
00000000
00000000
00000000
00000000
00000000
00000000
00000000
00000000
00000000
00000000
00000000
00000000
00000000
00000000
00000000
00000000
00000000
00000000
00000000
00000000
00000000
00000000
00000000
00000000
00000000
00000000
00000000
00000000
00000000
00000000
00000000
00000000
00000000
00000000
00000000
00000000
00000000
00000000
00000000
00000000
00000000
00000000
00000000
00000000
00000000
00000000
00000000
00000000
00000000
00000000
00000000
00000000
00000000
00000000
00000000
00000000
00000000
00000000
00000000
00000000
00000000
00000000
00000000
00000000
00000000
00000000
00000000
00000000
00000000
00000000
00000000
00000000
00000000
00000000
00000000
00000000
00000000
00000000
00000000
00000000
00000000
00000000
00000000
00000000
00000000
00000000
00000000
00000000
00000000
00000000
00000000
00000000
00000000
00000000
00000000
00000000
00000000
00000000
00000000
00000000
00000000
00000000
00000000
00000000
00000000
00000000
00000000
00000000
00000000
00000000
00000000
00000000
00000000
00000000
00000000
00000000
00000000
00000000
00000000
00000000
00000000
00000000
00000000
00000000
00000000
00000000
00000000
00000000
00000000
00000000
00000000
00000000
00000000
00000000
00000000
00000000
00000000
00000000
00000000
00000000
00000000
00000000
00000000
00000000
00000000
00000000
00000000
00000000
00000000
00000000
00000000
00000000
00000000
00000000
00000000
00000000
00000000
00000000
00000000
00000000
00000000
00000000
00000000
00000000
00000000
00000000
00000000
00000000
00000000
00000000
00000000
00000000
00000000
00000000
00000000
00000000
00000000
00000000
00000000
00000000
00000000
00000000
00000000
00000000
00000000
00000000
00000000
00000000
00000000
00000000
00000000
00000000
00000000
00000000
00000000
00000000
00000000
00000000
00000000
00000000
00000000
00000000
00000000
00000000
00000000
00000000
00000000
00000000
00000000
00000000
00000000
00000000
00000000
00000000
00000000
00000000
00000000
00000000
00000000
00000000
00000000
00000000
00000000
00000000
00000000
00000000
00000000
00000000
00000000
00000000
00000000
00000000
00000000
00000000
00000000
00000000
00000000
00000000
00000000
00000000
00000000
00000000
00000000
00000000
00000000
00000000
00000000
00000000
00000000
00000000
00000000
00000000
00000000
00000000
00000000
00000000
00000000
00000000
00000000
00000000
00000000
00000000
00000000
00000000
00000000
00000000
00000000
00000000
00000000
00000000
00000000
00000000
00000000
00000000
00000000
00000000
00000000
00000000
00000000
00000000
00000000
00000000
00000000
00000000
00000000
00000000
00000000
00000000
00000000
00000000
00000000
00000000
00000000
00000000
00000000
00000000
00000000
00000000
00000000
00000000
00000000
00000000
00000000
00000000
00000000
00000000
00000000
00000000
00000000
00000000
00000000
00000000
00000000
00000000
00000000
00000000
00000000
00000000
00000000
00000000
00000000
00000000
00000000
00000000
00000000
00000000
00000000
00000000
00000000
00000000
00000000
00000000
00000000
00000000
00000000
00000000
00000000
00000000
00000000
00000000
00000000
00000000
00000000
00000000
00000000
00000000
00000000
00000000
00000000
00000000
00000000
00000000
00000000
00000000
00000000
00000000
00000000
00000000
00000000
00000000
00000000
00000000
00000000
00000000
00000000
00000000
00000000
00000000
00000000
00000000
00000000
00000000
00000000
00000000
00000000
00000000
00000000
00000000
00000000
00000000
00000000
00000000
00000000
00000000
00000000
00000000
00000000
00000000
00000000
00000000
00000000
00000000
00000000
00000000
00000000
00000000
00000000
00000000
00000000
00000000
00000000
00000000
00000000
00000000
00000000
00000000
00000000
00000000
00000000
00000000
00000000
00000000
00000000
00000000
00000000
00000000
00000000
00000000
00000000
00000000
00000000
00000000
00000000
00000000
00000000
00000000
00000000
00000000
00000000
00000000
00000000
00000000
00000000
00000000
00000000
00000000
00000000
00000000
00000000
00000000
00000000
00000000
00000000
00000000
00000000
00000000
00000000
00000000
00000000
00000000
00000000
00000000
00000000
00000000
00000000
00000000
00000000
00000000
00000000
00000000
00000000
00000000
00000000
00000000
00000000
00000000
00000000
00000000
00000000
00000000
00000000
00000000
00000000
00000000
00000000
00000000
00000000
00000000
00000000
00000000
00000000
00000000
00000000
00000000
00000000
00000000
00000000
00000000
00000000
00000000
00000000
00000000
00000000
00000000
00000000
00000000
00000000
00000000
00000000
00000000
00000000
00000000
00000000
00000000
00000000
00000000
00000000
00000000
00000000
00000000
00000000
00000000
00000000
00000000
00000000
00000000
00000000
00000000
00000000
00000000
00000000
00000000
00000000
00000000
00000000
00000000
00000000
00000000
00000000
00000000
00000000
00000000
00000000
00000000
00000000
00000000
00000000
00000000
00000000
00000000
00000000
00000000
00000000
00000000
00000000
00000000
00000000
00000000
00000000
00000000
00000000
00000000
00000000
00000000
00000000
00000000
00000000
00000000
00000000
00000000
00000000
00000000
00000000
00000000
00000000
00000000
00000000
00000000
00000000
00000000
00000000
00000000
00000000
00000000
00000000
00000000
00000000
00000000
00000000
00000000
00000000
00000000
00000000
00000000
00000000
00000000
00000000
00000000
00000000
00000000
00000000
00000000
00000000
00000000
00000000
00000000
00000000
00000000
00000000
00000000
00000000
00000000
00000000
00000000
00000000
00000000
00000000
00000000
00000000
00000000
00000000
00000000
00000000
00000000
00000000
00000000
00000000
00000000
00000000
00000000
00000000
00000000
00000000
00000000
00000000
00000000
00000000
00000000
00000000
00000000
00000000
00000000
00000000
00000000
00000000
00000000
00000000
00000000
00000000
00000000
00000000
00000000
00000000
00000000
00000000
00000000
00000000
00000000
00000000
00000000
00000000
00000000
00000000
00000000
00000000
00000000
00000000
00000000
00000000
00000000
00000000
00000000
00000000
00000000
00000000
00000000
00000000
00000000
00000000
00000000
00000000
00000000
00000000
00000000
00000000
00000000
00000000
00000000
00000000
00000000
00000000
00000000
00000000
00000000
00000000
00000000
00000000
00000000
00000000
00000000
00000000
00000000
00000000
00000000
00000000
00000000
00000000
00000000
00000000
00000000
00000000
00000000
00000000
00000000
00000000
00000000
00000000
00000000
00000000
00000000
00000000
00000000
00000000
00000000
00000000
00000000
00000000
00000000
00000000
00000000
00000000
00000000
00000000
00000000
00000000
00000000
00000000
00000000
00000000
00000000
00000000
00000000
00000000
00000000
00000000
00000000
00000000
00000000
00000000
00000000
00000000
00000000
00000000
00000000
00000000
00000000
00000000
00000000
00000000
00000000
00000000
00000000
00000000
00000000
00000000
00000000
00000000
00000000
00000000
00000000
00000000
00000000
00000000
00000000
00000000
00000000
00000000
00000000
00000000
00000000
00000000
00000000
00000000
00000000
00000000
00000000
00000000
00000000
00000000
00000000
00000000
00000000
00000000
00000000
00000000
00000000
00000000
00000000
00000000
00000000
00000000
00000000
00000000
00000000
00000000
00000000
00000000
00000000
00000000
00000000
00000000
00000000
00000000
00000000
00000000
00000000
00000000
00000000
00000000
00000000
00000000
00000000
00000000
00000000
00000000
00000000
00000000
00000000
00000000
00000000
00000000
00000000
00000000
00000000
00000000
00000000
00000000
00000000
00000000
00000000
00000000
00000000
00000000
00000000
00000000
00000000
00000000
00000000
00000000
00000000
00000000
00000000
00000000
00000000
00000000
00000000
00000000
00000000
00000000
00000000
00000000
00000000
00000000
00000000
00000000
00000000
00000000
00000000
00000000
00000000
00000000
00000000
00000000
00000000
00000000
00000000
00000000
00000000
00000000
00000000
00000000
00000000
00000000
00000000
00000000
00000000
00000000
00000000
00000000
00000000
00000000
00000000
00000000
00000000
00000000
00000000
00000000
00000000
00000000
00000000
00000000
00000000
00000000
00000000
00000000
00000000
00000000
00000000
00000000
00000000
00000000
00000000
00000000
00000000
00000000
00000000
00000000
00000000
00000000
00000000
00000000
00000000
00000000
00000000
00000000
00000000
00000000
00000000
00000000
00000000
00000000
00000000
00000000
00000000
00000000
00000000
00000000
00000000
00000000
00000000
00000000
00000000
00000000
00000000
00000000
00000000
00000000
00000000
00000000
00000000
00000000
00000000
00000000
00000000
00000000
00000000
00000000
00000000
00000000
00000000
00000000
00000000
00000000
00000000
00000000
00000000
00000000
00000000
00000000
00000000
00000000
00000000
00000000
00000000
00000000
00000000
00000000
00000000
00000000
00000000
00000000
00000000
00000000
00000000
00000000
00000000
00000000
00000000
00000000
00000000
00000000
00000000
00000000
00000000
00000000
00000000
00000000
00000000
00000000
00000000
00000000
00000000
00000000
00000000
00000000
00000000
00000000
00000000
00000000
00000000
00000000
00000000
00000000
00000000
00000000
00000000
00000000
00000000
00000000
00000000
00000000
00000000
00000000
00000000
00000000
00000000
00000000
00000000
00000000
00000000
00000000
00000000
00000000
00000000
00000000
00000000
00000000
00000000
00000000
00000000
00000000
00000000
00000000
00000000
00000000
00000000
00000000
00000000
00000000
00000000
00000000
00000000
00000000
00000000
00000000
00000000
00000000
00000000
00000000
00000000
00000000
00000000
00000000
00000000
00000000
00000000
00000000
00000000
00000000
00000000
00000000
00000000
00000000
00000000
00000000
00000000
00000000
00000000
00000000
00000000
00000000
00000000
00000000
00000000
00000000
00000000
00000000
00000000
00000000
00000000
00000000
00000000
00000000
00000000
00000000
00000000
00000000
00000000
00000000
00000000
00000000
00000000
00000000
00000000
00000000
00000000
00000000
00000000
00000000
00000000
00000000
00000000
00000000
00000000
00000000
00000000
00000000
00000000
00000000
00000000
00000000
00000000
00000000
00000000
00000000
00000000
00000000
00000000
00000000
00000000
00000000
00000000
00000000
00000000
00000000
00000000
00000000
00000000
00000000
00000000
00000000
00000000
00000000
00000000
00000000
00000000
00000000
00000000
00000000
00000000
00000000
00000000
00000000
00000000
00000000
00000000
00000000
00000000
00000000
00000000
00000000
00000000
00000000
00000000
00000000
00000000
00000000
00000000
00000000
00000000
00000000
00000000
00000000
00000000
00000000
00000000
00000000
00000000
00000000
00000000
00000000
00000000
00000000
00000000
00000000
00000000
00000000
00000000
00000000
00000000
00000000
00000000
00000000
00000000
00000000
00000000
00000000
00000000
00000000
00000000
00000000
00000000
00000000
00000000
00000000
00000000
00000000
00000000
00000000
00000000
00000000
00000000
00000000
00000000
00000000
00000000
00000000
00000000
00000000
00000000
00000000
00000000
00000000
00000000
00000000
00000000
00000000
00000000
00000000
00000000
00000000
00000000
00000000
00000000
00000000
00000000
00000000
00000000
00000000
00000000
00000000
00000000
00000000
00000000
00000000
00000000
00000000
00000000
00000000
00000000
00000000
00000000
00000000
00000000
00000000
00000000
00000000
00000000
00000000
00000000
00000000
00000000
00000000
00000000
00000000
00000000
00000000
00000000
00000000
00000000
00000000
00000000
00000000
00000000
00000000
00000000
00000000
00000000
00000000
00000000
00000000
00000000
00000000
00000000
00000000
00000000
00000000
00000000
00000000
00000000
00000000
00000000
00000000
00000000
00000000
00000000
00000000
00000000
00000000
00000000
00000000
00000000
00000000
00000000
00000000
00000000
00000000
00000000
00000000
00000000
00000000
00000000
00000000
00000000
00000000
00000000
00000000
00000000
00000000
00000000
00000000
00000000
00000000
00000000
00000000
00000000
00000000
00000000
00000000
00000000
00000000
00000000
00000000
00000000
00000000
00000000
00000000
00000000
00000000
00000000
00000000
00000000
00000000
00000000
00000000
00000000
00000000
00000000
00000000
00000000
00000000
00000000
00000000
00000000
00000000
00000000
00000000
00000000
00000000
00000000
00000000
00000000
00000000
00000000
00000000
00000000
00000000
00000000
00000000
00000000
00000000
00000000
00000000
00000000
00000000
00000000
00000000
00000000
00000000
00000000
00000000
00000000
00000000
00000000
00000000
00000000
00000000
00000000
00000000
00000000
00000000
00000000
00000000
00000000
00000000
00000000
00000000
00000000
00000000
00000000
00000000
00000000
00000000
00000000
00000000
00000000
00000000
00000000
00000000
00000000
00000000
00000000
00000000
00000000
00000000
00000000
00000000
00000000
00000000
00000000
00000000
00000000
00000000
00000000;
