Copyright 1986-2019 Xilinx, Inc. All Rights Reserved.
-----------------------------------------------------------------------------------------------------------------------------------------------------------------------------------------------------
| Tool Version : Vivado v.2019.2 (win64) Build 2708876 Wed Nov  6 21:40:23 MST 2019
| Date         : Sat Jun 27 18:57:08 2026
| Host         : Archer running 64-bit major release  (build 9200)
| Command      : report_timing_summary -max_paths 10 -file basys3_top_timing_summary_routed.rpt -pb basys3_top_timing_summary_routed.pb -rpx basys3_top_timing_summary_routed.rpx -warn_on_violation
| Design       : basys3_top
| Device       : 7a35t-cpg236
| Speed File   : -1  PRODUCTION 1.23 2018-06-13
-----------------------------------------------------------------------------------------------------------------------------------------------------------------------------------------------------

Timing Summary Report

------------------------------------------------------------------------------------------------
| Timer Settings
| --------------
------------------------------------------------------------------------------------------------

  Enable Multi Corner Analysis               :  Yes
  Enable Pessimism Removal                   :  Yes
  Pessimism Removal Resolution               :  Nearest Common Node
  Enable Input Delay Default Clock           :  No
  Enable Preset / Clear Arcs                 :  No
  Disable Flight Delays                      :  No
  Ignore I/O Paths                           :  No
  Timing Early Launch at Borrowing Latches   :  No
  Borrow Time for Max Delay Exceptions       :  Yes
  Merge Timing Exceptions                    :  Yes

  Corner  Analyze    Analyze    
  Name    Max Paths  Min Paths  
  ------  ---------  ---------  
  Slow    Yes        Yes        
  Fast    Yes        Yes        



check_timing report

Table of Contents
-----------------
1. checking no_clock
2. checking constant_clock
3. checking pulse_width_clock
4. checking unconstrained_internal_endpoints
5. checking no_input_delay
6. checking no_output_delay
7. checking multiple_clock
8. checking generated_clocks
9. checking loops
10. checking partial_input_delay
11. checking partial_output_delay
12. checking latch_loops

1. checking no_clock
--------------------
 There are 0 register/latch pins with no clock.


2. checking constant_clock
--------------------------
 There are 0 register/latch pins with constant_clock.


3. checking pulse_width_clock
-----------------------------
 There are 0 register/latch pins which need pulse_width check


4. checking unconstrained_internal_endpoints
--------------------------------------------
 There are 0 pins that are not constrained for maximum delay.

 There are 0 pins that are not constrained for maximum delay due to constant clock.


5. checking no_input_delay
--------------------------
 There are 5 input ports with no input delay specified. (HIGH)

 There are 0 input ports with no input delay but user has a false path constraint.


6. checking no_output_delay
---------------------------
 There are 4 ports with no output delay specified. (HIGH)

 There are 0 ports with no output delay but user has a false path constraint

 There are 0 ports with no output delay but with a timing clock defined on it or propagating through it


7. checking multiple_clock
--------------------------
 There are 0 register/latch pins with multiple clocks.


8. checking generated_clocks
----------------------------
 There are 0 generated clocks that are not connected to a clock source.


9. checking loops
-----------------
 There are 0 combinational loops in the design.


10. checking partial_input_delay
--------------------------------
 There are 0 input ports with partial input delay specified.


11. checking partial_output_delay
---------------------------------
 There are 0 ports with partial output delay specified.


12. checking latch_loops
------------------------
 There are 0 combinational latch loops in the design through latch input



------------------------------------------------------------------------------------------------
| Design Timing Summary
| ---------------------
------------------------------------------------------------------------------------------------

    WNS(ns)      TNS(ns)  TNS Failing Endpoints  TNS Total Endpoints      WHS(ns)      THS(ns)  THS Failing Endpoints  THS Total Endpoints     WPWS(ns)     TPWS(ns)  TPWS Failing Endpoints  TPWS Total Endpoints  
    -------      -------  ---------------------  -------------------      -------      -------  ---------------------  -------------------     --------     --------  ----------------------  --------------------  
      1.786        0.000                      0                15100        0.026        0.000                      0                15100        3.000        0.000                       0                  6654  


All user specified timing constraints are met.


------------------------------------------------------------------------------------------------
| Clock Summary
| -------------
------------------------------------------------------------------------------------------------

Clock                                Waveform(ns)       Period(ns)      Frequency(MHz)
-----                                ------------       ----------      --------------
soc_top_inst/clk_wiz_0/inst/sys_clk  {0.000 5.000}      10.000          100.000         
  clkfbout_clk_wiz_0                 {0.000 5.000}      10.000          100.000         
  cpu_clk_clk_wiz_0                  {0.000 20.000}     40.000          25.000          
sys_clk_pin                          {0.000 5.000}      10.000          100.000         


------------------------------------------------------------------------------------------------
| Intra Clock Table
| -----------------
------------------------------------------------------------------------------------------------

Clock                                    WNS(ns)      TNS(ns)  TNS Failing Endpoints  TNS Total Endpoints      WHS(ns)      THS(ns)  THS Failing Endpoints  THS Total Endpoints     WPWS(ns)     TPWS(ns)  TPWS Failing Endpoints  TPWS Total Endpoints  
-----                                    -------      -------  ---------------------  -------------------      -------      -------  ---------------------  -------------------     --------     --------  ----------------------  --------------------  
soc_top_inst/clk_wiz_0/inst/sys_clk                                                                                                                                                    3.000        0.000                       0                     1  
  clkfbout_clk_wiz_0                                                                                                                                                                   7.845        0.000                       0                     3  
  cpu_clk_clk_wiz_0                        1.786        0.000                      0                15075        0.026        0.000                      0                15075       18.750        0.000                       0                  6625  
sys_clk_pin                                7.300        0.000                      0                   25        0.268        0.000                      0                   25        4.500        0.000                       0                    25  


------------------------------------------------------------------------------------------------
| Inter Clock Table
| -----------------
------------------------------------------------------------------------------------------------

From Clock    To Clock          WNS(ns)      TNS(ns)  TNS Failing Endpoints  TNS Total Endpoints      WHS(ns)      THS(ns)  THS Failing Endpoints  THS Total Endpoints  
----------    --------          -------      -------  ---------------------  -------------------      -------      -------  ---------------------  -------------------  


------------------------------------------------------------------------------------------------
| Other Path Groups Table
| -----------------------
------------------------------------------------------------------------------------------------

Path Group    From Clock    To Clock          WNS(ns)      TNS(ns)  TNS Failing Endpoints  TNS Total Endpoints      WHS(ns)      THS(ns)  THS Failing Endpoints  THS Total Endpoints  
----------    ----------    --------          -------      -------  ---------------------  -------------------      -------      -------  ---------------------  -------------------  


------------------------------------------------------------------------------------------------
| Timing Details
| --------------
------------------------------------------------------------------------------------------------


---------------------------------------------------------------------------------------------------
From Clock:  soc_top_inst/clk_wiz_0/inst/sys_clk
  To Clock:  soc_top_inst/clk_wiz_0/inst/sys_clk

Setup :           NA  Failing Endpoints,  Worst Slack           NA  ,  Total Violation           NA
Hold  :           NA  Failing Endpoints,  Worst Slack           NA  ,  Total Violation           NA
PW    :            0  Failing Endpoints,  Worst Slack        3.000ns,  Total Violation        0.000ns
---------------------------------------------------------------------------------------------------


Pulse Width Checks
--------------------------------------------------------------------------------------
Clock Name:         soc_top_inst/clk_wiz_0/inst/sys_clk
Waveform(ns):       { 0.000 5.000 }
Period(ns):         10.000
Sources:            { soc_top_inst/clk_wiz_0/inst/sys_clk }

Check Type        Corner  Lib Pin            Reference Pin  Required(ns)  Actual(ns)  Slack(ns)  Location         Pin
Min Period        n/a     MMCME2_ADV/CLKIN1  n/a            1.249         10.000      8.751      MMCME2_ADV_X1Y0  soc_top_inst/clk_wiz_0/inst/mmcm_adv_inst/CLKIN1
Max Period        n/a     MMCME2_ADV/CLKIN1  n/a            100.000       10.000      90.000     MMCME2_ADV_X1Y0  soc_top_inst/clk_wiz_0/inst/mmcm_adv_inst/CLKIN1
Low Pulse Width   Slow    MMCME2_ADV/CLKIN1  n/a            2.000         5.000       3.000      MMCME2_ADV_X1Y0  soc_top_inst/clk_wiz_0/inst/mmcm_adv_inst/CLKIN1
Low Pulse Width   Fast    MMCME2_ADV/CLKIN1  n/a            2.000         5.000       3.000      MMCME2_ADV_X1Y0  soc_top_inst/clk_wiz_0/inst/mmcm_adv_inst/CLKIN1
High Pulse Width  Slow    MMCME2_ADV/CLKIN1  n/a            2.000         5.000       3.000      MMCME2_ADV_X1Y0  soc_top_inst/clk_wiz_0/inst/mmcm_adv_inst/CLKIN1
High Pulse Width  Fast    MMCME2_ADV/CLKIN1  n/a            2.000         5.000       3.000      MMCME2_ADV_X1Y0  soc_top_inst/clk_wiz_0/inst/mmcm_adv_inst/CLKIN1



---------------------------------------------------------------------------------------------------
From Clock:  clkfbout_clk_wiz_0
  To Clock:  clkfbout_clk_wiz_0

Setup :           NA  Failing Endpoints,  Worst Slack           NA  ,  Total Violation           NA
Hold  :           NA  Failing Endpoints,  Worst Slack           NA  ,  Total Violation           NA
PW    :            0  Failing Endpoints,  Worst Slack        7.845ns,  Total Violation        0.000ns
---------------------------------------------------------------------------------------------------


Pulse Width Checks
--------------------------------------------------------------------------------------
Clock Name:         clkfbout_clk_wiz_0
Waveform(ns):       { 0.000 5.000 }
Period(ns):         10.000
Sources:            { soc_top_inst/clk_wiz_0/inst/mmcm_adv_inst/CLKFBOUT }

Check Type  Corner  Lib Pin              Reference Pin  Required(ns)  Actual(ns)  Slack(ns)  Location         Pin
Min Period  n/a     BUFG/I               n/a            2.155         10.000      7.845      BUFGCTRL_X0Y1    soc_top_inst/clk_wiz_0/inst/clkf_buf/I
Min Period  n/a     MMCME2_ADV/CLKFBOUT  n/a            1.249         10.000      8.751      MMCME2_ADV_X1Y0  soc_top_inst/clk_wiz_0/inst/mmcm_adv_inst/CLKFBOUT
Min Period  n/a     MMCME2_ADV/CLKFBIN   n/a            1.249         10.000      8.751      MMCME2_ADV_X1Y0  soc_top_inst/clk_wiz_0/inst/mmcm_adv_inst/CLKFBIN
Max Period  n/a     MMCME2_ADV/CLKFBIN   n/a            100.000       10.000      90.000     MMCME2_ADV_X1Y0  soc_top_inst/clk_wiz_0/inst/mmcm_adv_inst/CLKFBIN
Max Period  n/a     MMCME2_ADV/CLKFBOUT  n/a            213.360       10.000      203.360    MMCME2_ADV_X1Y0  soc_top_inst/clk_wiz_0/inst/mmcm_adv_inst/CLKFBOUT



---------------------------------------------------------------------------------------------------
From Clock:  cpu_clk_clk_wiz_0
  To Clock:  cpu_clk_clk_wiz_0

Setup :            0  Failing Endpoints,  Worst Slack        1.786ns,  Total Violation        0.000ns
Hold  :            0  Failing Endpoints,  Worst Slack        0.026ns,  Total Violation        0.000ns
PW    :            0  Failing Endpoints,  Worst Slack       18.750ns,  Total Violation        0.000ns
---------------------------------------------------------------------------------------------------


Max Delay Paths
--------------------------------------------------------------------------------------
Slack (MET) :             1.786ns  (required time - arrival time)
  Source:                 soc_top_inst/mycpu_top_inst/VTop_inst/core/u_commit/u_csr/csr_pmpaddr0_r_reg[51]/C
                            (rising edge-triggered cell FDRE clocked by cpu_clk_clk_wiz_0  {rise@0.000ns fall@20.000ns period=40.000ns})
  Destination:            soc_top_inst/mycpu_top_inst/VTop_inst/core/fetch_pc_reg[33]/D
                            (rising edge-triggered cell FDRE clocked by cpu_clk_clk_wiz_0  {rise@0.000ns fall@20.000ns period=40.000ns})
  Path Group:             cpu_clk_clk_wiz_0
  Path Type:              Setup (Max at Slow Process Corner)
  Requirement:            40.000ns  (cpu_clk_clk_wiz_0 rise@40.000ns - cpu_clk_clk_wiz_0 rise@0.000ns)
  Data Path Delay:        38.159ns  (logic 11.167ns (29.264%)  route 26.992ns (70.736%))
  Logic Levels:           55  (CARRY4=20 LUT2=3 LUT3=4 LUT4=5 LUT5=5 LUT6=18)
  Clock Path Skew:        -0.038ns (DCD - SCD + CPR)
    Destination Clock Delay (DCD):    -2.937ns = ( 37.063 - 40.000 ) 
    Source Clock Delay      (SCD):    -2.406ns
    Clock Pessimism Removal (CPR):    0.493ns
  Clock Uncertainty:      0.098ns  ((TSJ^2 + DJ^2)^1/2) / 2 + PE
    Total System Jitter     (TSJ):    0.071ns
    Discrete Jitter          (DJ):    0.182ns
    Phase Error              (PE):    0.000ns

    Location             Delay type                Incr(ns)  Path(ns)    Netlist Resource(s)
  -------------------------------------------------------------------    -------------------
                         (clock cpu_clk_clk_wiz_0 rise edge)
                                                      0.000     0.000 r  
    W5                   IBUF                         0.000     0.000 r  clk_IBUF_inst/O
                         net (fo=27, routed)          1.233     1.233    soc_top_inst/clk_wiz_0/inst/sys_clk
    MMCME2_ADV_X1Y0      MMCME2_ADV (Prop_mmcme2_adv_CLKIN1_CLKOUT0)
                                                     -6.961    -5.728 r  soc_top_inst/clk_wiz_0/inst/mmcm_adv_inst/CLKOUT0
                         net (fo=1, routed)           1.661    -4.066    soc_top_inst/clk_wiz_0/inst/cpu_clk_clk_wiz_0
    BUFGCTRL_X0Y0        BUFG (Prop_bufg_I_O)         0.096    -3.970 r  soc_top_inst/clk_wiz_0/inst/clkout1_buf/O
                         net (fo=6623, routed)        1.564    -2.406    soc_top_inst/mycpu_top_inst/VTop_inst/core/u_commit/u_csr/cpu_clk
    SLICE_X15Y36         FDRE                                         r  soc_top_inst/mycpu_top_inst/VTop_inst/core/u_commit/u_csr/csr_pmpaddr0_r_reg[51]/C
  -------------------------------------------------------------------    -------------------
    SLICE_X15Y36         FDRE (Prop_fdre_C_Q)         0.456    -1.950 r  soc_top_inst/mycpu_top_inst/VTop_inst/core/u_commit/u_csr/csr_pmpaddr0_r_reg[51]/Q
                         net (fo=21, routed)          1.300    -0.650    soc_top_inst/mycpu_top_inst/VTop_inst/core/u_commit/u_csr/csr_pmpaddr0_r_reg[55]_0[51]
    SLICE_X32Y34         LUT6 (Prop_lut6_I3_O)        0.124    -0.526 f  soc_top_inst/mycpu_top_inst/VTop_inst/core/u_commit/u_csr/dbg_cpu_valid_INST_0_i_1271/O
                         net (fo=1, routed)           0.564     0.038    soc_top_inst/mycpu_top_inst/VTop_inst/core/u_commit/u_csr/dbg_cpu_valid_INST_0_i_1271_n_0
    SLICE_X34Y34         LUT6 (Prop_lut6_I2_O)        0.124     0.162 f  soc_top_inst/mycpu_top_inst/VTop_inst/core/u_commit/u_csr/dbg_cpu_valid_INST_0_i_1268/O
                         net (fo=1, routed)           0.427     0.589    soc_top_inst/mycpu_top_inst/VTop_inst/core/u_commit/u_csr/dbg_cpu_valid_INST_0_i_1268_n_0
    SLICE_X34Y33         LUT6 (Prop_lut6_I2_O)        0.124     0.713 f  soc_top_inst/mycpu_top_inst/VTop_inst/core/u_commit/u_csr/dbg_cpu_valid_INST_0_i_1266/O
                         net (fo=1, routed)           0.550     1.264    soc_top_inst/mycpu_top_inst/VTop_inst/core/u_commit/u_csr/dbg_cpu_valid_INST_0_i_1266_n_0
    SLICE_X37Y31         LUT6 (Prop_lut6_I0_O)        0.124     1.388 f  soc_top_inst/mycpu_top_inst/VTop_inst/core/u_commit/u_csr/dbg_cpu_valid_INST_0_i_1222/O
                         net (fo=1, routed)           0.483     1.870    soc_top_inst/mycpu_top_inst/VTop_inst/core/u_commit/u_csr/dbg_cpu_valid_INST_0_i_1222_n_0
    SLICE_X38Y31         LUT6 (Prop_lut6_I2_O)        0.124     1.994 f  soc_top_inst/mycpu_top_inst/VTop_inst/core/u_commit/u_csr/dbg_cpu_valid_INST_0_i_1117/O
                         net (fo=1, routed)           0.466     2.460    soc_top_inst/mycpu_top_inst/VTop_inst/core/u_commit/u_csr/dbg_cpu_valid_INST_0_i_1117_n_0
    SLICE_X38Y31         LUT6 (Prop_lut6_I2_O)        0.124     2.584 f  soc_top_inst/mycpu_top_inst/VTop_inst/core/u_commit/u_csr/dbg_cpu_valid_INST_0_i_961/O
                         net (fo=1, routed)           0.305     2.890    soc_top_inst/mycpu_top_inst/VTop_inst/core/u_commit/u_csr/dbg_cpu_valid_INST_0_i_961_n_0
    SLICE_X40Y31         LUT6 (Prop_lut6_I2_O)        0.124     3.014 f  soc_top_inst/mycpu_top_inst/VTop_inst/core/u_commit/u_csr/dbg_cpu_valid_INST_0_i_792/O
                         net (fo=1, routed)           0.300     3.313    soc_top_inst/mycpu_top_inst/VTop_inst/core/u_commit/u_csr/dbg_cpu_valid_INST_0_i_792_n_0
    SLICE_X40Y32         LUT6 (Prop_lut6_I4_O)        0.124     3.437 f  soc_top_inst/mycpu_top_inst/VTop_inst/core/u_commit/u_csr/dbg_cpu_valid_INST_0_i_614/O
                         net (fo=16, routed)          0.865     4.302    soc_top_inst/mycpu_top_inst/VTop_inst/core/u_commit/u_csr/u_mmu/ones__0[1]
    SLICE_X40Y33         LUT3 (Prop_lut3_I2_O)        0.152     4.454 r  soc_top_inst/mycpu_top_inst/VTop_inst/core/u_commit/u_csr/dbg_cpu_valid_INST_0_i_441/O
                         net (fo=22, routed)          0.760     5.214    soc_top_inst/mycpu_top_inst/VTop_inst/core/u_commit/u_csr/dbg_cpu_valid_INST_0_i_441_n_0
    SLICE_X43Y31         LUT2 (Prop_lut2_I1_O)        0.326     5.540 r  soc_top_inst/mycpu_top_inst/VTop_inst/core/u_commit/u_csr/dbg_cpu_valid_INST_0_i_1233/O
                         net (fo=1, routed)           0.000     5.540    soc_top_inst/mycpu_top_inst/VTop_inst/core/u_commit/u_csr/dbg_cpu_valid_INST_0_i_1233_n_0
    SLICE_X43Y31         CARRY4 (Prop_carry4_S[0]_CO[3])
                                                      0.532     6.072 r  soc_top_inst/mycpu_top_inst/VTop_inst/core/u_commit/u_csr/dbg_cpu_valid_INST_0_i_1126/CO[3]
                         net (fo=1, routed)           0.000     6.072    soc_top_inst/mycpu_top_inst/VTop_inst/core/u_commit/u_csr/dbg_cpu_valid_INST_0_i_1126_n_0
    SLICE_X43Y32         CARRY4 (Prop_carry4_CI_CO[3])
                                                      0.114     6.186 r  soc_top_inst/mycpu_top_inst/VTop_inst/core/u_commit/u_csr/dbg_cpu_valid_INST_0_i_979/CO[3]
                         net (fo=1, routed)           0.000     6.186    soc_top_inst/mycpu_top_inst/VTop_inst/core/u_commit/u_csr/dbg_cpu_valid_INST_0_i_979_n_0
    SLICE_X43Y33         CARRY4 (Prop_carry4_CI_CO[3])
                                                      0.114     6.300 r  soc_top_inst/mycpu_top_inst/VTop_inst/core/u_commit/u_csr/dbg_cpu_valid_INST_0_i_810/CO[3]
                         net (fo=1, routed)           0.000     6.300    soc_top_inst/mycpu_top_inst/VTop_inst/core/u_commit/u_csr/dbg_cpu_valid_INST_0_i_810_n_0
    SLICE_X43Y34         CARRY4 (Prop_carry4_CI_CO[3])
                                                      0.114     6.414 r  soc_top_inst/mycpu_top_inst/VTop_inst/core/u_commit/u_csr/dbg_cpu_valid_INST_0_i_809/CO[3]
                         net (fo=1, routed)           0.000     6.414    soc_top_inst/mycpu_top_inst/VTop_inst/core/u_commit/u_csr/dbg_cpu_valid_INST_0_i_809_n_0
    SLICE_X43Y35         CARRY4 (Prop_carry4_CI_O[1])
                                                      0.334     6.748 r  soc_top_inst/mycpu_top_inst/VTop_inst/core/u_commit/u_csr/dbg_cpu_valid_INST_0_i_629/O[1]
                         net (fo=8, routed)           0.869     7.617    soc_top_inst/mycpu_top_inst/VTop_inst/core/u_commit/u_csr/dbg_cpu_valid_INST_0_i_826_0[1]
    SLICE_X41Y35         LUT4 (Prop_lut4_I0_O)        0.303     7.920 r  soc_top_inst/mycpu_top_inst/VTop_inst/core/u_commit/u_csr/dbg_cpu_valid_INST_0_i_956/O
                         net (fo=1, routed)           0.000     7.920    soc_top_inst/mycpu_top_inst/VTop_inst/core/u_commit/u_csr/dbg_cpu_valid_INST_0_i_956_n_0
    SLICE_X41Y35         CARRY4 (Prop_carry4_S[1]_CO[3])
                                                      0.550     8.470 r  soc_top_inst/mycpu_top_inst/VTop_inst/core/u_commit/u_csr/dbg_cpu_valid_INST_0_i_762/CO[3]
                         net (fo=1, routed)           0.000     8.470    soc_top_inst/mycpu_top_inst/VTop_inst/core/u_commit/u_csr/dbg_cpu_valid_INST_0_i_762_n_0
    SLICE_X41Y36         CARRY4 (Prop_carry4_CI_CO[3])
                                                      0.114     8.584 r  soc_top_inst/mycpu_top_inst/VTop_inst/core/u_commit/u_csr/dbg_cpu_valid_INST_0_i_761/CO[3]
                         net (fo=1, routed)           0.000     8.584    soc_top_inst/mycpu_top_inst/VTop_inst/core/u_commit/u_csr/dbg_cpu_valid_INST_0_i_761_n_0
    SLICE_X41Y37         CARRY4 (Prop_carry4_CI_CO[3])
                                                      0.114     8.698 r  soc_top_inst/mycpu_top_inst/VTop_inst/core/u_commit/u_csr/dbg_cpu_valid_INST_0_i_591/CO[3]
                         net (fo=1, routed)           0.000     8.698    soc_top_inst/mycpu_top_inst/VTop_inst/core/u_commit/u_csr/dbg_cpu_valid_INST_0_i_591_n_0
    SLICE_X41Y38         CARRY4 (Prop_carry4_CI_CO[3])
                                                      0.114     8.812 r  soc_top_inst/mycpu_top_inst/VTop_inst/core/u_commit/u_csr/dbg_cpu_valid_INST_0_i_590/CO[3]
                         net (fo=1, routed)           0.000     8.812    soc_top_inst/mycpu_top_inst/VTop_inst/core/u_commit/u_csr/dbg_cpu_valid_INST_0_i_590_n_0
    SLICE_X41Y39         CARRY4 (Prop_carry4_CI_CO[3])
                                                      0.114     8.926 r  soc_top_inst/mycpu_top_inst/VTop_inst/core/u_commit/u_csr/dbg_cpu_valid_INST_0_i_418/CO[3]
                         net (fo=1, routed)           0.000     8.926    soc_top_inst/mycpu_top_inst/VTop_inst/core/u_commit/u_csr/dbg_cpu_valid_INST_0_i_418_n_0
    SLICE_X41Y40         CARRY4 (Prop_carry4_CI_CO[3])
                                                      0.114     9.040 r  soc_top_inst/mycpu_top_inst/VTop_inst/core/u_commit/u_csr/dbg_cpu_valid_INST_0_i_417/CO[3]
                         net (fo=1, routed)           0.000     9.040    soc_top_inst/mycpu_top_inst/VTop_inst/core/u_commit/u_csr/dbg_cpu_valid_INST_0_i_417_n_0
    SLICE_X41Y41         CARRY4 (Prop_carry4_CI_CO[3])
                                                      0.114     9.154 r  soc_top_inst/mycpu_top_inst/VTop_inst/core/u_commit/u_csr/dbg_cpu_valid_INST_0_i_257/CO[3]
                         net (fo=1, routed)           0.000     9.154    soc_top_inst/mycpu_top_inst/VTop_inst/core/u_commit/u_csr/dbg_cpu_valid_INST_0_i_257_n_0
    SLICE_X41Y42         CARRY4 (Prop_carry4_CI_CO[3])
                                                      0.114     9.268 r  soc_top_inst/mycpu_top_inst/VTop_inst/core/u_commit/u_csr/dbg_cpu_valid_INST_0_i_256/CO[3]
                         net (fo=1, routed)           0.000     9.268    soc_top_inst/mycpu_top_inst/VTop_inst/core/u_commit/u_csr/dbg_cpu_valid_INST_0_i_256_n_0
    SLICE_X41Y43         CARRY4 (Prop_carry4_CI_CO[3])
                                                      0.114     9.382 r  soc_top_inst/mycpu_top_inst/VTop_inst/core/u_commit/u_csr/dbg_cpu_valid_INST_0_i_138/CO[3]
                         net (fo=1, routed)           0.000     9.382    soc_top_inst/mycpu_top_inst/VTop_inst/core/u_commit/u_csr/dbg_cpu_valid_INST_0_i_138_n_0
    SLICE_X41Y44         CARRY4 (Prop_carry4_CI_O[1])
                                                      0.334     9.716 r  soc_top_inst/mycpu_top_inst/VTop_inst/core/u_commit/u_csr/dbg_cpu_valid_INST_0_i_137/O[1]
                         net (fo=6, routed)           0.955    10.672    soc_top_inst/mycpu_top_inst/VTop_inst/core/u_commit/u_csr/dbg_cpu_valid_INST_0_i_137_n_6
    SLICE_X38Y42         LUT4 (Prop_lut4_I3_O)        0.303    10.975 r  soc_top_inst/mycpu_top_inst/VTop_inst/core/u_commit/u_csr/dbg_cpu_valid_INST_0_i_65/O
                         net (fo=1, routed)           0.000    10.975    soc_top_inst/mycpu_top_inst/VTop_inst/core/u_commit/u_csr/dbg_cpu_valid_INST_0_i_65_n_0
    SLICE_X38Y42         CARRY4 (Prop_carry4_S[1]_CO[3])
                                                      0.533    11.508 r  soc_top_inst/mycpu_top_inst/VTop_inst/core/u_commit/u_csr/dbg_cpu_valid_INST_0_i_27/CO[3]
                         net (fo=2, routed)           0.862    12.370    soc_top_inst/mycpu_top_inst/VTop_inst/core/u_commit/u_csr/u_mmu/pmp_entry_match11
    SLICE_X43Y44         LUT5 (Prop_lut5_I1_O)        0.119    12.489 r  soc_top_inst/mycpu_top_inst/VTop_inst/core/u_commit/u_csr/dbg_cpu_valid_INST_0_i_18/O
                         net (fo=1, routed)           0.307    12.796    soc_top_inst/mycpu_top_inst/VTop_inst/core/u_commit/u_csr/u_mmu/pmp_entry_match1_return
    SLICE_X44Y44         LUT6 (Prop_lut6_I3_O)        0.332    13.128 f  soc_top_inst/mycpu_top_inst/VTop_inst/core/u_commit/u_csr/dbg_cpu_valid_INST_0_i_7/O
                         net (fo=4, routed)           0.456    13.584    soc_top_inst/mycpu_top_inst/VTop_inst/core/u_commit/u_csr/dreq_out14_out
    SLICE_X44Y44         LUT6 (Prop_lut6_I3_O)        0.124    13.708 f  soc_top_inst/mycpu_top_inst/VTop_inst/core/u_commit/u_csr/dbg_cpu_valid_INST_0_i_2/O
                         net (fo=142, routed)         0.660    14.368    soc_top_inst/mycpu_top_inst/VTop_inst/icvt/inst/lock_select_reg[0]
    SLICE_X47Y40         LUT4 (Prop_lut4_I3_O)        0.124    14.492 f  soc_top_inst/mycpu_top_inst/VTop_inst/icvt/inst/lock_select[0]_i_2/O
                         net (fo=163, routed)         1.567    16.059    soc_top_inst/mycpu_top_inst/VTop_inst/u_mmu/any_valid1
    SLICE_X59Y42         LUT6 (Prop_lut6_I0_O)        0.124    16.183 f  soc_top_inst/mycpu_top_inst/VTop_inst/u_mmu/lock_req[addr][32]_i_1/O
                         net (fo=2, routed)           0.693    16.876    soc_top_inst/mycpu_top_inst/VTop_inst/mux/lock_req_reg[addr][63]_3[32]
    SLICE_X59Y42         LUT3 (Prop_lut3_I2_O)        0.150    17.026 f  soc_top_inst/mycpu_top_inst/VTop_inst/mux/uart_thr_write_req1_carry__1_i_7/O
                         net (fo=10, routed)          1.039    18.065    soc_top_inst/mycpu_top_inst/VTop_inst/mux/addr[32]
    SLICE_X54Y40         LUT2 (Prop_lut2_I0_O)        0.326    18.391 r  soc_top_inst/mycpu_top_inst/VTop_inst/mux/cpu_rmw_pending_strobe[3]_i_60/O
                         net (fo=1, routed)           0.000    18.391    soc_top_inst/mycpu_top_inst/VTop_inst/mux/cpu_rmw_pending_strobe[3]_i_60_n_0
    SLICE_X54Y40         CARRY4 (Prop_carry4_S[0]_CO[3])
                                                      0.513    18.904 r  soc_top_inst/mycpu_top_inst/VTop_inst/mux/cpu_rmw_pending_strobe_reg[3]_i_42/CO[3]
                         net (fo=1, routed)           0.000    18.904    soc_top_inst/mycpu_top_inst/VTop_inst/mux/cpu_rmw_pending_strobe_reg[3]_i_42_n_0
    SLICE_X54Y41         CARRY4 (Prop_carry4_CI_CO[3])
                                                      0.117    19.021 r  soc_top_inst/mycpu_top_inst/VTop_inst/mux/cpu_rmw_pending_strobe_reg[3]_i_28/CO[3]
                         net (fo=1, routed)           0.000    19.021    soc_top_inst/mycpu_top_inst/VTop_inst/mux/cpu_rmw_pending_strobe_reg[3]_i_28_n_0
    SLICE_X54Y42         CARRY4 (Prop_carry4_CI_CO[3])
                                                      0.117    19.138 r  soc_top_inst/mycpu_top_inst/VTop_inst/mux/cpu_rmw_pending_strobe_reg[3]_i_14/CO[3]
                         net (fo=1, routed)           0.000    19.138    soc_top_inst/mycpu_top_inst/VTop_inst/mux/cpu_rmw_pending_strobe_reg[3]_i_14_n_0
    SLICE_X54Y43         CARRY4 (Prop_carry4_CI_CO[3])
                                                      0.117    19.255 f  soc_top_inst/mycpu_top_inst/VTop_inst/mux/cpu_rmw_pending_strobe_reg[3]_i_4/CO[3]
                         net (fo=11, routed)          1.398    20.652    soc_top_inst/mycpu_top_inst/VTop_inst/mux/device_inst/is_disk_data_read0
    SLICE_X58Y42         LUT5 (Prop_lut5_I0_O)        0.152    20.804 r  soc_top_inst/mycpu_top_inst/VTop_inst/mux/gen_real_disk.disk_raddr_offset[2]_i_2/O
                         net (fo=6, routed)           0.600    21.404    soc_top_inst/device_inst/gen_real_disk.disk_read_pending_reg_0
    SLICE_X58Y44         LUT5 (Prop_lut5_I3_O)        0.332    21.736 r  soc_top_inst/device_inst/lock_select[0]_i_5/O
                         net (fo=2, routed)           0.911    22.647    soc_top_inst/bram_wrapper_inst/device_last
    SLICE_X56Y47         LUT3 (Prop_lut3_I2_O)        0.150    22.797 r  soc_top_inst/bram_wrapper_inst/lock_select[0]_i_4/O
                         net (fo=8, routed)           0.836    23.634    soc_top_inst/bram_wrapper_inst/last
    SLICE_X48Y47         LUT2 (Prop_lut2_I0_O)        0.348    23.982 f  soc_top_inst/bram_wrapper_inst/req_inflight_i_3__0/O
                         net (fo=3, routed)           0.513    24.494    soc_top_inst/mycpu_top_inst/VTop_inst/u_mmu/csr_mepc[62]_i_14_1
    SLICE_X48Y47         LUT5 (Prop_lut5_I2_O)        0.124    24.618 r  soc_top_inst/mycpu_top_inst/VTop_inst/u_mmu/csr_mepc[62]_i_21/O
                         net (fo=1, routed)           0.777    25.395    soc_top_inst/mycpu_top_inst/VTop_inst/u_mmu/csr_mepc[62]_i_21_n_0
    SLICE_X48Y44         LUT5 (Prop_lut5_I1_O)        0.124    25.519 r  soc_top_inst/mycpu_top_inst/VTop_inst/u_mmu/csr_mepc[62]_i_14/O
                         net (fo=9, routed)           0.737    26.256    soc_top_inst/mycpu_top_inst/VTop_inst/u_mmu/u_bit_fault_insn
    SLICE_X44Y48         LUT6 (Prop_lut6_I5_O)        0.124    26.380 r  soc_top_inst/mycpu_top_inst/VTop_inst/u_mmu/wb_r[is_instr_misalign]_i_10/O
                         net (fo=1, routed)           0.435    26.815    soc_top_inst/mycpu_top_inst/VTop_inst/u_mmu/wb_r[is_instr_misalign]_i_10_n_0
    SLICE_X42Y48         LUT6 (Prop_lut6_I5_O)        0.124    26.939 r  soc_top_inst/mycpu_top_inst/VTop_inst/u_mmu/wb_r[is_instr_misalign]_i_4/O
                         net (fo=6, routed)           0.861    27.801    soc_top_inst/mycpu_top_inst/VTop_inst/core/u_commit/u_csr/walk_fault
    SLICE_X32Y48         LUT3 (Prop_lut3_I0_O)        0.149    27.950 r  soc_top_inst/mycpu_top_inst/VTop_inst/core/u_commit/u_csr/csr_mstatus[63]_i_3/O
                         net (fo=97, routed)          1.010    28.960    soc_top_inst/mycpu_top_inst/VTop_inst/core/u_commit/u_csr/fetch_redirect_bubble_reg[0]
    SLICE_X14Y38         LUT6 (Prop_lut6_I4_O)        0.332    29.292 f  soc_top_inst/mycpu_top_inst/VTop_inst/core/u_commit/u_csr/csr_pmpaddr0_r[63]_i_6/O
                         net (fo=68, routed)          1.225    30.517    soc_top_inst/mycpu_top_inst/VTop_inst/core/u_commit/u_csr/wb_r_reg[valid]_7
    SLICE_X28Y35         LUT4 (Prop_lut4_I3_O)        0.124    30.641 r  soc_top_inst/mycpu_top_inst/VTop_inst/core/u_commit/u_csr/fetch_pc[63]_i_28/O
                         net (fo=3, routed)           0.420    31.061    soc_top_inst/mycpu_top_inst/VTop_inst/core/u_commit/u_csr/fetch_pc[63]_i_28_n_0
    SLICE_X29Y35         LUT6 (Prop_lut6_I2_O)        0.124    31.185 f  soc_top_inst/mycpu_top_inst/VTop_inst/core/u_commit/u_csr/fetch_pc[63]_i_22/O
                         net (fo=1, routed)           0.502    31.687    soc_top_inst/mycpu_top_inst/VTop_inst/core/u_commit/u_csr/fetch_pc[63]_i_22_n_0
    SLICE_X28Y35         LUT6 (Prop_lut6_I3_O)        0.124    31.811 r  soc_top_inst/mycpu_top_inst/VTop_inst/core/u_commit/u_csr/fetch_pc[63]_i_18/O
                         net (fo=7, routed)           0.703    32.514    soc_top_inst/mycpu_top_inst/VTop_inst/core/u_commit/u_csr/delegate_to_s7_return
    SLICE_X28Y33         LUT4 (Prop_lut4_I0_O)        0.153    32.667 f  soc_top_inst/mycpu_top_inst/VTop_inst/core/u_commit/u_csr/fetch_pc[63]_i_11/O
                         net (fo=59, routed)          1.460    34.127    soc_top_inst/mycpu_top_inst/VTop_inst/core/u_commit/u_csr/fetch_pc[63]_i_11_n_0
    SLICE_X9Y35          LUT6 (Prop_lut6_I1_O)        0.327    34.454 r  soc_top_inst/mycpu_top_inst/VTop_inst/core/u_commit/u_csr/fetch_pc[33]_i_3/O
                         net (fo=1, routed)           1.176    35.629    soc_top_inst/mycpu_top_inst/VTop_inst/core/u_commit/u_csr/trap_redirect_pc[33]
    SLICE_X30Y48         LUT6 (Prop_lut6_I5_O)        0.124    35.753 r  soc_top_inst/mycpu_top_inst/VTop_inst/core/u_commit/u_csr/fetch_pc[33]_i_1/O
                         net (fo=1, routed)           0.000    35.753    soc_top_inst/mycpu_top_inst/VTop_inst/core/p_0_in[33]
    SLICE_X30Y48         FDRE                                         r  soc_top_inst/mycpu_top_inst/VTop_inst/core/fetch_pc_reg[33]/D
  -------------------------------------------------------------------    -------------------

                         (clock cpu_clk_clk_wiz_0 rise edge)
                                                     40.000    40.000 r  
    W5                   IBUF                         0.000    40.000 r  clk_IBUF_inst/O
                         net (fo=27, routed)          1.162    41.162    soc_top_inst/clk_wiz_0/inst/sys_clk
    MMCME2_ADV_X1Y0      MMCME2_ADV (Prop_mmcme2_adv_CLKIN1_CLKOUT0)
                                                     -7.217    33.944 r  soc_top_inst/clk_wiz_0/inst/mmcm_adv_inst/CLKOUT0
                         net (fo=1, routed)           1.581    35.526    soc_top_inst/clk_wiz_0/inst/cpu_clk_clk_wiz_0
    BUFGCTRL_X0Y0        BUFG (Prop_bufg_I_O)         0.091    35.617 r  soc_top_inst/clk_wiz_0/inst/clkout1_buf/O
                         net (fo=6623, routed)        1.446    37.063    soc_top_inst/mycpu_top_inst/VTop_inst/core/cpu_clk
    SLICE_X30Y48         FDRE                                         r  soc_top_inst/mycpu_top_inst/VTop_inst/core/fetch_pc_reg[33]/C
                         clock pessimism              0.493    37.556    
                         clock uncertainty           -0.098    37.459    
    SLICE_X30Y48         FDRE (Setup_fdre_C_D)        0.081    37.540    soc_top_inst/mycpu_top_inst/VTop_inst/core/fetch_pc_reg[33]
  -------------------------------------------------------------------
                         required time                         37.540    
                         arrival time                         -35.753    
  -------------------------------------------------------------------
                         slack                                  1.786    

Slack (MET) :             1.798ns  (required time - arrival time)
  Source:                 soc_top_inst/mycpu_top_inst/VTop_inst/core/u_commit/u_csr/csr_pmpaddr0_r_reg[51]/C
                            (rising edge-triggered cell FDRE clocked by cpu_clk_clk_wiz_0  {rise@0.000ns fall@20.000ns period=40.000ns})
  Destination:            soc_top_inst/mycpu_top_inst/VTop_inst/core/ex_r_reg[op2][62]/R
                            (rising edge-triggered cell FDRE clocked by cpu_clk_clk_wiz_0  {rise@0.000ns fall@20.000ns period=40.000ns})
  Path Group:             cpu_clk_clk_wiz_0
  Path Type:              Setup (Max at Slow Process Corner)
  Requirement:            40.000ns  (cpu_clk_clk_wiz_0 rise@40.000ns - cpu_clk_clk_wiz_0 rise@0.000ns)
  Data Path Delay:        37.446ns  (logic 10.811ns (28.871%)  route 26.635ns (71.129%))
  Logic Levels:           54  (CARRY4=20 LUT2=4 LUT3=4 LUT4=4 LUT5=6 LUT6=16)
  Clock Path Skew:        -0.135ns (DCD - SCD + CPR)
    Destination Clock Delay (DCD):    -2.954ns = ( 37.046 - 40.000 ) 
    Source Clock Delay      (SCD):    -2.406ns
    Clock Pessimism Removal (CPR):    0.413ns
  Clock Uncertainty:      0.098ns  ((TSJ^2 + DJ^2)^1/2) / 2 + PE
    Total System Jitter     (TSJ):    0.071ns
    Discrete Jitter          (DJ):    0.182ns
    Phase Error              (PE):    0.000ns

    Location             Delay type                Incr(ns)  Path(ns)    Netlist Resource(s)
  -------------------------------------------------------------------    -------------------
                         (clock cpu_clk_clk_wiz_0 rise edge)
                                                      0.000     0.000 r  
    W5                   IBUF                         0.000     0.000 r  clk_IBUF_inst/O
                         net (fo=27, routed)          1.233     1.233    soc_top_inst/clk_wiz_0/inst/sys_clk
    MMCME2_ADV_X1Y0      MMCME2_ADV (Prop_mmcme2_adv_CLKIN1_CLKOUT0)
                                                     -6.961    -5.728 r  soc_top_inst/clk_wiz_0/inst/mmcm_adv_inst/CLKOUT0
                         net (fo=1, routed)           1.661    -4.066    soc_top_inst/clk_wiz_0/inst/cpu_clk_clk_wiz_0
    BUFGCTRL_X0Y0        BUFG (Prop_bufg_I_O)         0.096    -3.970 r  soc_top_inst/clk_wiz_0/inst/clkout1_buf/O
                         net (fo=6623, routed)        1.564    -2.406    soc_top_inst/mycpu_top_inst/VTop_inst/core/u_commit/u_csr/cpu_clk
    SLICE_X15Y36         FDRE                                         r  soc_top_inst/mycpu_top_inst/VTop_inst/core/u_commit/u_csr/csr_pmpaddr0_r_reg[51]/C
  -------------------------------------------------------------------    -------------------
    SLICE_X15Y36         FDRE (Prop_fdre_C_Q)         0.456    -1.950 r  soc_top_inst/mycpu_top_inst/VTop_inst/core/u_commit/u_csr/csr_pmpaddr0_r_reg[51]/Q
                         net (fo=21, routed)          1.300    -0.650    soc_top_inst/mycpu_top_inst/VTop_inst/core/u_commit/u_csr/csr_pmpaddr0_r_reg[55]_0[51]
    SLICE_X32Y34         LUT6 (Prop_lut6_I3_O)        0.124    -0.526 f  soc_top_inst/mycpu_top_inst/VTop_inst/core/u_commit/u_csr/dbg_cpu_valid_INST_0_i_1271/O
                         net (fo=1, routed)           0.564     0.038    soc_top_inst/mycpu_top_inst/VTop_inst/core/u_commit/u_csr/dbg_cpu_valid_INST_0_i_1271_n_0
    SLICE_X34Y34         LUT6 (Prop_lut6_I2_O)        0.124     0.162 f  soc_top_inst/mycpu_top_inst/VTop_inst/core/u_commit/u_csr/dbg_cpu_valid_INST_0_i_1268/O
                         net (fo=1, routed)           0.427     0.589    soc_top_inst/mycpu_top_inst/VTop_inst/core/u_commit/u_csr/dbg_cpu_valid_INST_0_i_1268_n_0
    SLICE_X34Y33         LUT6 (Prop_lut6_I2_O)        0.124     0.713 f  soc_top_inst/mycpu_top_inst/VTop_inst/core/u_commit/u_csr/dbg_cpu_valid_INST_0_i_1266/O
                         net (fo=1, routed)           0.550     1.264    soc_top_inst/mycpu_top_inst/VTop_inst/core/u_commit/u_csr/dbg_cpu_valid_INST_0_i_1266_n_0
    SLICE_X37Y31         LUT6 (Prop_lut6_I0_O)        0.124     1.388 f  soc_top_inst/mycpu_top_inst/VTop_inst/core/u_commit/u_csr/dbg_cpu_valid_INST_0_i_1222/O
                         net (fo=1, routed)           0.483     1.870    soc_top_inst/mycpu_top_inst/VTop_inst/core/u_commit/u_csr/dbg_cpu_valid_INST_0_i_1222_n_0
    SLICE_X38Y31         LUT6 (Prop_lut6_I2_O)        0.124     1.994 f  soc_top_inst/mycpu_top_inst/VTop_inst/core/u_commit/u_csr/dbg_cpu_valid_INST_0_i_1117/O
                         net (fo=1, routed)           0.466     2.460    soc_top_inst/mycpu_top_inst/VTop_inst/core/u_commit/u_csr/dbg_cpu_valid_INST_0_i_1117_n_0
    SLICE_X38Y31         LUT6 (Prop_lut6_I2_O)        0.124     2.584 f  soc_top_inst/mycpu_top_inst/VTop_inst/core/u_commit/u_csr/dbg_cpu_valid_INST_0_i_961/O
                         net (fo=1, routed)           0.305     2.890    soc_top_inst/mycpu_top_inst/VTop_inst/core/u_commit/u_csr/dbg_cpu_valid_INST_0_i_961_n_0
    SLICE_X40Y31         LUT6 (Prop_lut6_I2_O)        0.124     3.014 f  soc_top_inst/mycpu_top_inst/VTop_inst/core/u_commit/u_csr/dbg_cpu_valid_INST_0_i_792/O
                         net (fo=1, routed)           0.300     3.313    soc_top_inst/mycpu_top_inst/VTop_inst/core/u_commit/u_csr/dbg_cpu_valid_INST_0_i_792_n_0
    SLICE_X40Y32         LUT6 (Prop_lut6_I4_O)        0.124     3.437 f  soc_top_inst/mycpu_top_inst/VTop_inst/core/u_commit/u_csr/dbg_cpu_valid_INST_0_i_614/O
                         net (fo=16, routed)          0.865     4.302    soc_top_inst/mycpu_top_inst/VTop_inst/core/u_commit/u_csr/u_mmu/ones__0[1]
    SLICE_X40Y33         LUT3 (Prop_lut3_I2_O)        0.152     4.454 r  soc_top_inst/mycpu_top_inst/VTop_inst/core/u_commit/u_csr/dbg_cpu_valid_INST_0_i_441/O
                         net (fo=22, routed)          0.760     5.214    soc_top_inst/mycpu_top_inst/VTop_inst/core/u_commit/u_csr/dbg_cpu_valid_INST_0_i_441_n_0
    SLICE_X43Y31         LUT2 (Prop_lut2_I1_O)        0.326     5.540 r  soc_top_inst/mycpu_top_inst/VTop_inst/core/u_commit/u_csr/dbg_cpu_valid_INST_0_i_1233/O
                         net (fo=1, routed)           0.000     5.540    soc_top_inst/mycpu_top_inst/VTop_inst/core/u_commit/u_csr/dbg_cpu_valid_INST_0_i_1233_n_0
    SLICE_X43Y31         CARRY4 (Prop_carry4_S[0]_CO[3])
                                                      0.532     6.072 r  soc_top_inst/mycpu_top_inst/VTop_inst/core/u_commit/u_csr/dbg_cpu_valid_INST_0_i_1126/CO[3]
                         net (fo=1, routed)           0.000     6.072    soc_top_inst/mycpu_top_inst/VTop_inst/core/u_commit/u_csr/dbg_cpu_valid_INST_0_i_1126_n_0
    SLICE_X43Y32         CARRY4 (Prop_carry4_CI_CO[3])
                                                      0.114     6.186 r  soc_top_inst/mycpu_top_inst/VTop_inst/core/u_commit/u_csr/dbg_cpu_valid_INST_0_i_979/CO[3]
                         net (fo=1, routed)           0.000     6.186    soc_top_inst/mycpu_top_inst/VTop_inst/core/u_commit/u_csr/dbg_cpu_valid_INST_0_i_979_n_0
    SLICE_X43Y33         CARRY4 (Prop_carry4_CI_CO[3])
                                                      0.114     6.300 r  soc_top_inst/mycpu_top_inst/VTop_inst/core/u_commit/u_csr/dbg_cpu_valid_INST_0_i_810/CO[3]
                         net (fo=1, routed)           0.000     6.300    soc_top_inst/mycpu_top_inst/VTop_inst/core/u_commit/u_csr/dbg_cpu_valid_INST_0_i_810_n_0
    SLICE_X43Y34         CARRY4 (Prop_carry4_CI_CO[3])
                                                      0.114     6.414 r  soc_top_inst/mycpu_top_inst/VTop_inst/core/u_commit/u_csr/dbg_cpu_valid_INST_0_i_809/CO[3]
                         net (fo=1, routed)           0.000     6.414    soc_top_inst/mycpu_top_inst/VTop_inst/core/u_commit/u_csr/dbg_cpu_valid_INST_0_i_809_n_0
    SLICE_X43Y35         CARRY4 (Prop_carry4_CI_O[1])
                                                      0.334     6.748 r  soc_top_inst/mycpu_top_inst/VTop_inst/core/u_commit/u_csr/dbg_cpu_valid_INST_0_i_629/O[1]
                         net (fo=8, routed)           0.869     7.617    soc_top_inst/mycpu_top_inst/VTop_inst/core/u_commit/u_csr/dbg_cpu_valid_INST_0_i_826_0[1]
    SLICE_X41Y35         LUT4 (Prop_lut4_I0_O)        0.303     7.920 r  soc_top_inst/mycpu_top_inst/VTop_inst/core/u_commit/u_csr/dbg_cpu_valid_INST_0_i_956/O
                         net (fo=1, routed)           0.000     7.920    soc_top_inst/mycpu_top_inst/VTop_inst/core/u_commit/u_csr/dbg_cpu_valid_INST_0_i_956_n_0
    SLICE_X41Y35         CARRY4 (Prop_carry4_S[1]_CO[3])
                                                      0.550     8.470 r  soc_top_inst/mycpu_top_inst/VTop_inst/core/u_commit/u_csr/dbg_cpu_valid_INST_0_i_762/CO[3]
                         net (fo=1, routed)           0.000     8.470    soc_top_inst/mycpu_top_inst/VTop_inst/core/u_commit/u_csr/dbg_cpu_valid_INST_0_i_762_n_0
    SLICE_X41Y36         CARRY4 (Prop_carry4_CI_CO[3])
                                                      0.114     8.584 r  soc_top_inst/mycpu_top_inst/VTop_inst/core/u_commit/u_csr/dbg_cpu_valid_INST_0_i_761/CO[3]
                         net (fo=1, routed)           0.000     8.584    soc_top_inst/mycpu_top_inst/VTop_inst/core/u_commit/u_csr/dbg_cpu_valid_INST_0_i_761_n_0
    SLICE_X41Y37         CARRY4 (Prop_carry4_CI_CO[3])
                                                      0.114     8.698 r  soc_top_inst/mycpu_top_inst/VTop_inst/core/u_commit/u_csr/dbg_cpu_valid_INST_0_i_591/CO[3]
                         net (fo=1, routed)           0.000     8.698    soc_top_inst/mycpu_top_inst/VTop_inst/core/u_commit/u_csr/dbg_cpu_valid_INST_0_i_591_n_0
    SLICE_X41Y38         CARRY4 (Prop_carry4_CI_CO[3])
                                                      0.114     8.812 r  soc_top_inst/mycpu_top_inst/VTop_inst/core/u_commit/u_csr/dbg_cpu_valid_INST_0_i_590/CO[3]
                         net (fo=1, routed)           0.000     8.812    soc_top_inst/mycpu_top_inst/VTop_inst/core/u_commit/u_csr/dbg_cpu_valid_INST_0_i_590_n_0
    SLICE_X41Y39         CARRY4 (Prop_carry4_CI_CO[3])
                                                      0.114     8.926 r  soc_top_inst/mycpu_top_inst/VTop_inst/core/u_commit/u_csr/dbg_cpu_valid_INST_0_i_418/CO[3]
                         net (fo=1, routed)           0.000     8.926    soc_top_inst/mycpu_top_inst/VTop_inst/core/u_commit/u_csr/dbg_cpu_valid_INST_0_i_418_n_0
    SLICE_X41Y40         CARRY4 (Prop_carry4_CI_CO[3])
                                                      0.114     9.040 r  soc_top_inst/mycpu_top_inst/VTop_inst/core/u_commit/u_csr/dbg_cpu_valid_INST_0_i_417/CO[3]
                         net (fo=1, routed)           0.000     9.040    soc_top_inst/mycpu_top_inst/VTop_inst/core/u_commit/u_csr/dbg_cpu_valid_INST_0_i_417_n_0
    SLICE_X41Y41         CARRY4 (Prop_carry4_CI_CO[3])
                                                      0.114     9.154 r  soc_top_inst/mycpu_top_inst/VTop_inst/core/u_commit/u_csr/dbg_cpu_valid_INST_0_i_257/CO[3]
                         net (fo=1, routed)           0.000     9.154    soc_top_inst/mycpu_top_inst/VTop_inst/core/u_commit/u_csr/dbg_cpu_valid_INST_0_i_257_n_0
    SLICE_X41Y42         CARRY4 (Prop_carry4_CI_CO[3])
                                                      0.114     9.268 r  soc_top_inst/mycpu_top_inst/VTop_inst/core/u_commit/u_csr/dbg_cpu_valid_INST_0_i_256/CO[3]
                         net (fo=1, routed)           0.000     9.268    soc_top_inst/mycpu_top_inst/VTop_inst/core/u_commit/u_csr/dbg_cpu_valid_INST_0_i_256_n_0
    SLICE_X41Y43         CARRY4 (Prop_carry4_CI_CO[3])
                                                      0.114     9.382 r  soc_top_inst/mycpu_top_inst/VTop_inst/core/u_commit/u_csr/dbg_cpu_valid_INST_0_i_138/CO[3]
                         net (fo=1, routed)           0.000     9.382    soc_top_inst/mycpu_top_inst/VTop_inst/core/u_commit/u_csr/dbg_cpu_valid_INST_0_i_138_n_0
    SLICE_X41Y44         CARRY4 (Prop_carry4_CI_O[1])
                                                      0.334     9.716 r  soc_top_inst/mycpu_top_inst/VTop_inst/core/u_commit/u_csr/dbg_cpu_valid_INST_0_i_137/O[1]
                         net (fo=6, routed)           0.955    10.672    soc_top_inst/mycpu_top_inst/VTop_inst/core/u_commit/u_csr/dbg_cpu_valid_INST_0_i_137_n_6
    SLICE_X38Y42         LUT4 (Prop_lut4_I3_O)        0.303    10.975 r  soc_top_inst/mycpu_top_inst/VTop_inst/core/u_commit/u_csr/dbg_cpu_valid_INST_0_i_65/O
                         net (fo=1, routed)           0.000    10.975    soc_top_inst/mycpu_top_inst/VTop_inst/core/u_commit/u_csr/dbg_cpu_valid_INST_0_i_65_n_0
    SLICE_X38Y42         CARRY4 (Prop_carry4_S[1]_CO[3])
                                                      0.533    11.508 r  soc_top_inst/mycpu_top_inst/VTop_inst/core/u_commit/u_csr/dbg_cpu_valid_INST_0_i_27/CO[3]
                         net (fo=2, routed)           0.862    12.370    soc_top_inst/mycpu_top_inst/VTop_inst/core/u_commit/u_csr/u_mmu/pmp_entry_match11
    SLICE_X43Y44         LUT5 (Prop_lut5_I1_O)        0.119    12.489 r  soc_top_inst/mycpu_top_inst/VTop_inst/core/u_commit/u_csr/dbg_cpu_valid_INST_0_i_18/O
                         net (fo=1, routed)           0.307    12.796    soc_top_inst/mycpu_top_inst/VTop_inst/core/u_commit/u_csr/u_mmu/pmp_entry_match1_return
    SLICE_X44Y44         LUT6 (Prop_lut6_I3_O)        0.332    13.128 f  soc_top_inst/mycpu_top_inst/VTop_inst/core/u_commit/u_csr/dbg_cpu_valid_INST_0_i_7/O
                         net (fo=4, routed)           0.456    13.584    soc_top_inst/mycpu_top_inst/VTop_inst/core/u_commit/u_csr/dreq_out14_out
    SLICE_X44Y44         LUT6 (Prop_lut6_I3_O)        0.124    13.708 f  soc_top_inst/mycpu_top_inst/VTop_inst/core/u_commit/u_csr/dbg_cpu_valid_INST_0_i_2/O
                         net (fo=142, routed)         0.660    14.368    soc_top_inst/mycpu_top_inst/VTop_inst/icvt/inst/lock_select_reg[0]
    SLICE_X47Y40         LUT4 (Prop_lut4_I3_O)        0.124    14.492 f  soc_top_inst/mycpu_top_inst/VTop_inst/icvt/inst/lock_select[0]_i_2/O
                         net (fo=163, routed)         1.567    16.059    soc_top_inst/mycpu_top_inst/VTop_inst/u_mmu/any_valid1
    SLICE_X59Y42         LUT6 (Prop_lut6_I0_O)        0.124    16.183 f  soc_top_inst/mycpu_top_inst/VTop_inst/u_mmu/lock_req[addr][32]_i_1/O
                         net (fo=2, routed)           0.693    16.876    soc_top_inst/mycpu_top_inst/VTop_inst/mux/lock_req_reg[addr][63]_3[32]
    SLICE_X59Y42         LUT3 (Prop_lut3_I2_O)        0.150    17.026 f  soc_top_inst/mycpu_top_inst/VTop_inst/mux/uart_thr_write_req1_carry__1_i_7/O
                         net (fo=10, routed)          1.039    18.065    soc_top_inst/mycpu_top_inst/VTop_inst/mux/addr[32]
    SLICE_X54Y40         LUT2 (Prop_lut2_I0_O)        0.326    18.391 r  soc_top_inst/mycpu_top_inst/VTop_inst/mux/cpu_rmw_pending_strobe[3]_i_60/O
                         net (fo=1, routed)           0.000    18.391    soc_top_inst/mycpu_top_inst/VTop_inst/mux/cpu_rmw_pending_strobe[3]_i_60_n_0
    SLICE_X54Y40         CARRY4 (Prop_carry4_S[0]_CO[3])
                                                      0.513    18.904 r  soc_top_inst/mycpu_top_inst/VTop_inst/mux/cpu_rmw_pending_strobe_reg[3]_i_42/CO[3]
                         net (fo=1, routed)           0.000    18.904    soc_top_inst/mycpu_top_inst/VTop_inst/mux/cpu_rmw_pending_strobe_reg[3]_i_42_n_0
    SLICE_X54Y41         CARRY4 (Prop_carry4_CI_CO[3])
                                                      0.117    19.021 r  soc_top_inst/mycpu_top_inst/VTop_inst/mux/cpu_rmw_pending_strobe_reg[3]_i_28/CO[3]
                         net (fo=1, routed)           0.000    19.021    soc_top_inst/mycpu_top_inst/VTop_inst/mux/cpu_rmw_pending_strobe_reg[3]_i_28_n_0
    SLICE_X54Y42         CARRY4 (Prop_carry4_CI_CO[3])
                                                      0.117    19.138 r  soc_top_inst/mycpu_top_inst/VTop_inst/mux/cpu_rmw_pending_strobe_reg[3]_i_14/CO[3]
                         net (fo=1, routed)           0.000    19.138    soc_top_inst/mycpu_top_inst/VTop_inst/mux/cpu_rmw_pending_strobe_reg[3]_i_14_n_0
    SLICE_X54Y43         CARRY4 (Prop_carry4_CI_CO[3])
                                                      0.117    19.255 f  soc_top_inst/mycpu_top_inst/VTop_inst/mux/cpu_rmw_pending_strobe_reg[3]_i_4/CO[3]
                         net (fo=11, routed)          1.398    20.652    soc_top_inst/mycpu_top_inst/VTop_inst/mux/device_inst/is_disk_data_read0
    SLICE_X58Y42         LUT5 (Prop_lut5_I0_O)        0.152    20.804 r  soc_top_inst/mycpu_top_inst/VTop_inst/mux/gen_real_disk.disk_raddr_offset[2]_i_2/O
                         net (fo=6, routed)           0.600    21.404    soc_top_inst/device_inst/gen_real_disk.disk_read_pending_reg_0
    SLICE_X58Y44         LUT5 (Prop_lut5_I3_O)        0.332    21.736 r  soc_top_inst/device_inst/lock_select[0]_i_5/O
                         net (fo=2, routed)           0.911    22.647    soc_top_inst/bram_wrapper_inst/device_last
    SLICE_X56Y47         LUT3 (Prop_lut3_I2_O)        0.150    22.797 r  soc_top_inst/bram_wrapper_inst/lock_select[0]_i_4/O
                         net (fo=8, routed)           0.836    23.634    soc_top_inst/bram_wrapper_inst/last
    SLICE_X48Y47         LUT2 (Prop_lut2_I0_O)        0.348    23.982 f  soc_top_inst/bram_wrapper_inst/req_inflight_i_3__0/O
                         net (fo=3, routed)           0.513    24.494    soc_top_inst/mycpu_top_inst/VTop_inst/u_mmu/csr_mepc[62]_i_14_1
    SLICE_X48Y47         LUT5 (Prop_lut5_I2_O)        0.124    24.618 r  soc_top_inst/mycpu_top_inst/VTop_inst/u_mmu/csr_mepc[62]_i_21/O
                         net (fo=1, routed)           0.777    25.395    soc_top_inst/mycpu_top_inst/VTop_inst/u_mmu/csr_mepc[62]_i_21_n_0
    SLICE_X48Y44         LUT5 (Prop_lut5_I1_O)        0.124    25.519 r  soc_top_inst/mycpu_top_inst/VTop_inst/u_mmu/csr_mepc[62]_i_14/O
                         net (fo=9, routed)           0.737    26.256    soc_top_inst/mycpu_top_inst/VTop_inst/u_mmu/u_bit_fault_insn
    SLICE_X44Y48         LUT6 (Prop_lut6_I5_O)        0.124    26.380 r  soc_top_inst/mycpu_top_inst/VTop_inst/u_mmu/wb_r[is_instr_misalign]_i_10/O
                         net (fo=1, routed)           0.435    26.815    soc_top_inst/mycpu_top_inst/VTop_inst/u_mmu/wb_r[is_instr_misalign]_i_10_n_0
    SLICE_X42Y48         LUT6 (Prop_lut6_I5_O)        0.124    26.939 r  soc_top_inst/mycpu_top_inst/VTop_inst/u_mmu/wb_r[is_instr_misalign]_i_4/O
                         net (fo=6, routed)           0.861    27.801    soc_top_inst/mycpu_top_inst/VTop_inst/core/u_commit/u_csr/walk_fault
    SLICE_X32Y48         LUT3 (Prop_lut3_I0_O)        0.149    27.950 r  soc_top_inst/mycpu_top_inst/VTop_inst/core/u_commit/u_csr/csr_mstatus[63]_i_3/O
                         net (fo=97, routed)          1.010    28.960    soc_top_inst/mycpu_top_inst/VTop_inst/core/u_commit/u_csr/fetch_redirect_bubble_reg[0]
    SLICE_X14Y38         LUT6 (Prop_lut6_I4_O)        0.332    29.292 f  soc_top_inst/mycpu_top_inst/VTop_inst/core/u_commit/u_csr/csr_pmpaddr0_r[63]_i_6/O
                         net (fo=68, routed)          1.011    30.302    soc_top_inst/mycpu_top_inst/VTop_inst/core/u_commit_n_568
    SLICE_X28Y46         LUT4 (Prop_lut4_I3_O)        0.124    30.426 f  soc_top_inst/mycpu_top_inst/VTop_inst/core/wb_r[is_instr_misalign]_i_2/O
                         net (fo=7, routed)           0.473    30.899    soc_top_inst/mycpu_top_inst/VTop_inst/core/mret_redirect
    SLICE_X28Y46         LUT2 (Prop_lut2_I0_O)        0.124    31.023 f  soc_top_inst/mycpu_top_inst/VTop_inst/core/fetch_redirect_bubble[0]_i_3/O
                         net (fo=70, routed)          0.769    31.792    soc_top_inst/mycpu_top_inst/VTop_inst/core/u_commit/p_8_in
    SLICE_X29Y54         LUT6 (Prop_lut6_I1_O)        0.124    31.916 r  soc_top_inst/mycpu_top_inst/VTop_inst/core/u_commit/ex_r[is_load]_i_2/O
                         net (fo=418, routed)         0.674    32.590    soc_top_inst/mycpu_top_inst/VTop_inst/core/u_commit/ex_r55_out
    SLICE_X32Y55         LUT5 (Prop_lut5_I0_O)        0.124    32.714 r  soc_top_inst/mycpu_top_inst/VTop_inst/core/u_commit/ex_r[is_load]_i_7/O
                         net (fo=1, routed)           0.564    33.278    soc_top_inst/mycpu_top_inst/VTop_inst/core/u_commit/ex_r[is_load]_i_7_n_0
    SLICE_X31Y55         LUT6 (Prop_lut6_I5_O)        0.124    33.402 r  soc_top_inst/mycpu_top_inst/VTop_inst/core/u_commit/ex_r[is_load]_i_1/O
                         net (fo=418, routed)         1.638    35.040    soc_top_inst/mycpu_top_inst/VTop_inst/core/ex_r
    SLICE_X10Y70         FDRE                                         r  soc_top_inst/mycpu_top_inst/VTop_inst/core/ex_r_reg[op2][62]/R
  -------------------------------------------------------------------    -------------------

                         (clock cpu_clk_clk_wiz_0 rise edge)
                                                     40.000    40.000 r  
    W5                   IBUF                         0.000    40.000 r  clk_IBUF_inst/O
                         net (fo=27, routed)          1.162    41.162    soc_top_inst/clk_wiz_0/inst/sys_clk
    MMCME2_ADV_X1Y0      MMCME2_ADV (Prop_mmcme2_adv_CLKIN1_CLKOUT0)
                                                     -7.217    33.944 r  soc_top_inst/clk_wiz_0/inst/mmcm_adv_inst/CLKOUT0
                         net (fo=1, routed)           1.581    35.526    soc_top_inst/clk_wiz_0/inst/cpu_clk_clk_wiz_0
    BUFGCTRL_X0Y0        BUFG (Prop_bufg_I_O)         0.091    35.617 r  soc_top_inst/clk_wiz_0/inst/clkout1_buf/O
                         net (fo=6623, routed)        1.430    37.046    soc_top_inst/mycpu_top_inst/VTop_inst/core/cpu_clk
    SLICE_X10Y70         FDRE                                         r  soc_top_inst/mycpu_top_inst/VTop_inst/core/ex_r_reg[op2][62]/C
                         clock pessimism              0.413    37.459    
                         clock uncertainty           -0.098    37.362    
    SLICE_X10Y70         FDRE (Setup_fdre_C_R)       -0.524    36.838    soc_top_inst/mycpu_top_inst/VTop_inst/core/ex_r_reg[op2][62]
  -------------------------------------------------------------------
                         required time                         36.838    
                         arrival time                         -35.040    
  -------------------------------------------------------------------
                         slack                                  1.798    

Slack (MET) :             1.805ns  (required time - arrival time)
  Source:                 soc_top_inst/mycpu_top_inst/VTop_inst/core/u_commit/u_csr/csr_pmpaddr0_r_reg[51]/C
                            (rising edge-triggered cell FDRE clocked by cpu_clk_clk_wiz_0  {rise@0.000ns fall@20.000ns period=40.000ns})
  Destination:            soc_top_inst/mycpu_top_inst/VTop_inst/core/ex_r_reg[rs2_store][59]/R
                            (rising edge-triggered cell FDRE clocked by cpu_clk_clk_wiz_0  {rise@0.000ns fall@20.000ns period=40.000ns})
  Path Group:             cpu_clk_clk_wiz_0
  Path Type:              Setup (Max at Slow Process Corner)
  Requirement:            40.000ns  (cpu_clk_clk_wiz_0 rise@40.000ns - cpu_clk_clk_wiz_0 rise@0.000ns)
  Data Path Delay:        37.505ns  (logic 10.811ns (28.826%)  route 26.694ns (71.174%))
  Logic Levels:           54  (CARRY4=20 LUT2=4 LUT3=4 LUT4=4 LUT5=6 LUT6=16)
  Clock Path Skew:        -0.069ns (DCD - SCD + CPR)
    Destination Clock Delay (DCD):    -2.888ns = ( 37.112 - 40.000 ) 
    Source Clock Delay      (SCD):    -2.406ns
    Clock Pessimism Removal (CPR):    0.413ns
  Clock Uncertainty:      0.098ns  ((TSJ^2 + DJ^2)^1/2) / 2 + PE
    Total System Jitter     (TSJ):    0.071ns
    Discrete Jitter          (DJ):    0.182ns
    Phase Error              (PE):    0.000ns

    Location             Delay type                Incr(ns)  Path(ns)    Netlist Resource(s)
  -------------------------------------------------------------------    -------------------
                         (clock cpu_clk_clk_wiz_0 rise edge)
                                                      0.000     0.000 r  
    W5                   IBUF                         0.000     0.000 r  clk_IBUF_inst/O
                         net (fo=27, routed)          1.233     1.233    soc_top_inst/clk_wiz_0/inst/sys_clk
    MMCME2_ADV_X1Y0      MMCME2_ADV (Prop_mmcme2_adv_CLKIN1_CLKOUT0)
                                                     -6.961    -5.728 r  soc_top_inst/clk_wiz_0/inst/mmcm_adv_inst/CLKOUT0
                         net (fo=1, routed)           1.661    -4.066    soc_top_inst/clk_wiz_0/inst/cpu_clk_clk_wiz_0
    BUFGCTRL_X0Y0        BUFG (Prop_bufg_I_O)         0.096    -3.970 r  soc_top_inst/clk_wiz_0/inst/clkout1_buf/O
                         net (fo=6623, routed)        1.564    -2.406    soc_top_inst/mycpu_top_inst/VTop_inst/core/u_commit/u_csr/cpu_clk
    SLICE_X15Y36         FDRE                                         r  soc_top_inst/mycpu_top_inst/VTop_inst/core/u_commit/u_csr/csr_pmpaddr0_r_reg[51]/C
  -------------------------------------------------------------------    -------------------
    SLICE_X15Y36         FDRE (Prop_fdre_C_Q)         0.456    -1.950 r  soc_top_inst/mycpu_top_inst/VTop_inst/core/u_commit/u_csr/csr_pmpaddr0_r_reg[51]/Q
                         net (fo=21, routed)          1.300    -0.650    soc_top_inst/mycpu_top_inst/VTop_inst/core/u_commit/u_csr/csr_pmpaddr0_r_reg[55]_0[51]
    SLICE_X32Y34         LUT6 (Prop_lut6_I3_O)        0.124    -0.526 f  soc_top_inst/mycpu_top_inst/VTop_inst/core/u_commit/u_csr/dbg_cpu_valid_INST_0_i_1271/O
                         net (fo=1, routed)           0.564     0.038    soc_top_inst/mycpu_top_inst/VTop_inst/core/u_commit/u_csr/dbg_cpu_valid_INST_0_i_1271_n_0
    SLICE_X34Y34         LUT6 (Prop_lut6_I2_O)        0.124     0.162 f  soc_top_inst/mycpu_top_inst/VTop_inst/core/u_commit/u_csr/dbg_cpu_valid_INST_0_i_1268/O
                         net (fo=1, routed)           0.427     0.589    soc_top_inst/mycpu_top_inst/VTop_inst/core/u_commit/u_csr/dbg_cpu_valid_INST_0_i_1268_n_0
    SLICE_X34Y33         LUT6 (Prop_lut6_I2_O)        0.124     0.713 f  soc_top_inst/mycpu_top_inst/VTop_inst/core/u_commit/u_csr/dbg_cpu_valid_INST_0_i_1266/O
                         net (fo=1, routed)           0.550     1.264    soc_top_inst/mycpu_top_inst/VTop_inst/core/u_commit/u_csr/dbg_cpu_valid_INST_0_i_1266_n_0
    SLICE_X37Y31         LUT6 (Prop_lut6_I0_O)        0.124     1.388 f  soc_top_inst/mycpu_top_inst/VTop_inst/core/u_commit/u_csr/dbg_cpu_valid_INST_0_i_1222/O
                         net (fo=1, routed)           0.483     1.870    soc_top_inst/mycpu_top_inst/VTop_inst/core/u_commit/u_csr/dbg_cpu_valid_INST_0_i_1222_n_0
    SLICE_X38Y31         LUT6 (Prop_lut6_I2_O)        0.124     1.994 f  soc_top_inst/mycpu_top_inst/VTop_inst/core/u_commit/u_csr/dbg_cpu_valid_INST_0_i_1117/O
                         net (fo=1, routed)           0.466     2.460    soc_top_inst/mycpu_top_inst/VTop_inst/core/u_commit/u_csr/dbg_cpu_valid_INST_0_i_1117_n_0
    SLICE_X38Y31         LUT6 (Prop_lut6_I2_O)        0.124     2.584 f  soc_top_inst/mycpu_top_inst/VTop_inst/core/u_commit/u_csr/dbg_cpu_valid_INST_0_i_961/O
                         net (fo=1, routed)           0.305     2.890    soc_top_inst/mycpu_top_inst/VTop_inst/core/u_commit/u_csr/dbg_cpu_valid_INST_0_i_961_n_0
    SLICE_X40Y31         LUT6 (Prop_lut6_I2_O)        0.124     3.014 f  soc_top_inst/mycpu_top_inst/VTop_inst/core/u_commit/u_csr/dbg_cpu_valid_INST_0_i_792/O
                         net (fo=1, routed)           0.300     3.313    soc_top_inst/mycpu_top_inst/VTop_inst/core/u_commit/u_csr/dbg_cpu_valid_INST_0_i_792_n_0
    SLICE_X40Y32         LUT6 (Prop_lut6_I4_O)        0.124     3.437 f  soc_top_inst/mycpu_top_inst/VTop_inst/core/u_commit/u_csr/dbg_cpu_valid_INST_0_i_614/O
                         net (fo=16, routed)          0.865     4.302    soc_top_inst/mycpu_top_inst/VTop_inst/core/u_commit/u_csr/u_mmu/ones__0[1]
    SLICE_X40Y33         LUT3 (Prop_lut3_I2_O)        0.152     4.454 r  soc_top_inst/mycpu_top_inst/VTop_inst/core/u_commit/u_csr/dbg_cpu_valid_INST_0_i_441/O
                         net (fo=22, routed)          0.760     5.214    soc_top_inst/mycpu_top_inst/VTop_inst/core/u_commit/u_csr/dbg_cpu_valid_INST_0_i_441_n_0
    SLICE_X43Y31         LUT2 (Prop_lut2_I1_O)        0.326     5.540 r  soc_top_inst/mycpu_top_inst/VTop_inst/core/u_commit/u_csr/dbg_cpu_valid_INST_0_i_1233/O
                         net (fo=1, routed)           0.000     5.540    soc_top_inst/mycpu_top_inst/VTop_inst/core/u_commit/u_csr/dbg_cpu_valid_INST_0_i_1233_n_0
    SLICE_X43Y31         CARRY4 (Prop_carry4_S[0]_CO[3])
                                                      0.532     6.072 r  soc_top_inst/mycpu_top_inst/VTop_inst/core/u_commit/u_csr/dbg_cpu_valid_INST_0_i_1126/CO[3]
                         net (fo=1, routed)           0.000     6.072    soc_top_inst/mycpu_top_inst/VTop_inst/core/u_commit/u_csr/dbg_cpu_valid_INST_0_i_1126_n_0
    SLICE_X43Y32         CARRY4 (Prop_carry4_CI_CO[3])
                                                      0.114     6.186 r  soc_top_inst/mycpu_top_inst/VTop_inst/core/u_commit/u_csr/dbg_cpu_valid_INST_0_i_979/CO[3]
                         net (fo=1, routed)           0.000     6.186    soc_top_inst/mycpu_top_inst/VTop_inst/core/u_commit/u_csr/dbg_cpu_valid_INST_0_i_979_n_0
    SLICE_X43Y33         CARRY4 (Prop_carry4_CI_CO[3])
                                                      0.114     6.300 r  soc_top_inst/mycpu_top_inst/VTop_inst/core/u_commit/u_csr/dbg_cpu_valid_INST_0_i_810/CO[3]
                         net (fo=1, routed)           0.000     6.300    soc_top_inst/mycpu_top_inst/VTop_inst/core/u_commit/u_csr/dbg_cpu_valid_INST_0_i_810_n_0
    SLICE_X43Y34         CARRY4 (Prop_carry4_CI_CO[3])
                                                      0.114     6.414 r  soc_top_inst/mycpu_top_inst/VTop_inst/core/u_commit/u_csr/dbg_cpu_valid_INST_0_i_809/CO[3]
                         net (fo=1, routed)           0.000     6.414    soc_top_inst/mycpu_top_inst/VTop_inst/core/u_commit/u_csr/dbg_cpu_valid_INST_0_i_809_n_0
    SLICE_X43Y35         CARRY4 (Prop_carry4_CI_O[1])
                                                      0.334     6.748 r  soc_top_inst/mycpu_top_inst/VTop_inst/core/u_commit/u_csr/dbg_cpu_valid_INST_0_i_629/O[1]
                         net (fo=8, routed)           0.869     7.617    soc_top_inst/mycpu_top_inst/VTop_inst/core/u_commit/u_csr/dbg_cpu_valid_INST_0_i_826_0[1]
    SLICE_X41Y35         LUT4 (Prop_lut4_I0_O)        0.303     7.920 r  soc_top_inst/mycpu_top_inst/VTop_inst/core/u_commit/u_csr/dbg_cpu_valid_INST_0_i_956/O
                         net (fo=1, routed)           0.000     7.920    soc_top_inst/mycpu_top_inst/VTop_inst/core/u_commit/u_csr/dbg_cpu_valid_INST_0_i_956_n_0
    SLICE_X41Y35         CARRY4 (Prop_carry4_S[1]_CO[3])
                                                      0.550     8.470 r  soc_top_inst/mycpu_top_inst/VTop_inst/core/u_commit/u_csr/dbg_cpu_valid_INST_0_i_762/CO[3]
                         net (fo=1, routed)           0.000     8.470    soc_top_inst/mycpu_top_inst/VTop_inst/core/u_commit/u_csr/dbg_cpu_valid_INST_0_i_762_n_0
    SLICE_X41Y36         CARRY4 (Prop_carry4_CI_CO[3])
                                                      0.114     8.584 r  soc_top_inst/mycpu_top_inst/VTop_inst/core/u_commit/u_csr/dbg_cpu_valid_INST_0_i_761/CO[3]
                         net (fo=1, routed)           0.000     8.584    soc_top_inst/mycpu_top_inst/VTop_inst/core/u_commit/u_csr/dbg_cpu_valid_INST_0_i_761_n_0
    SLICE_X41Y37         CARRY4 (Prop_carry4_CI_CO[3])
                                                      0.114     8.698 r  soc_top_inst/mycpu_top_inst/VTop_inst/core/u_commit/u_csr/dbg_cpu_valid_INST_0_i_591/CO[3]
                         net (fo=1, routed)           0.000     8.698    soc_top_inst/mycpu_top_inst/VTop_inst/core/u_commit/u_csr/dbg_cpu_valid_INST_0_i_591_n_0
    SLICE_X41Y38         CARRY4 (Prop_carry4_CI_CO[3])
                                                      0.114     8.812 r  soc_top_inst/mycpu_top_inst/VTop_inst/core/u_commit/u_csr/dbg_cpu_valid_INST_0_i_590/CO[3]
                         net (fo=1, routed)           0.000     8.812    soc_top_inst/mycpu_top_inst/VTop_inst/core/u_commit/u_csr/dbg_cpu_valid_INST_0_i_590_n_0
    SLICE_X41Y39         CARRY4 (Prop_carry4_CI_CO[3])
                                                      0.114     8.926 r  soc_top_inst/mycpu_top_inst/VTop_inst/core/u_commit/u_csr/dbg_cpu_valid_INST_0_i_418/CO[3]
                         net (fo=1, routed)           0.000     8.926    soc_top_inst/mycpu_top_inst/VTop_inst/core/u_commit/u_csr/dbg_cpu_valid_INST_0_i_418_n_0
    SLICE_X41Y40         CARRY4 (Prop_carry4_CI_CO[3])
                                                      0.114     9.040 r  soc_top_inst/mycpu_top_inst/VTop_inst/core/u_commit/u_csr/dbg_cpu_valid_INST_0_i_417/CO[3]
                         net (fo=1, routed)           0.000     9.040    soc_top_inst/mycpu_top_inst/VTop_inst/core/u_commit/u_csr/dbg_cpu_valid_INST_0_i_417_n_0
    SLICE_X41Y41         CARRY4 (Prop_carry4_CI_CO[3])
                                                      0.114     9.154 r  soc_top_inst/mycpu_top_inst/VTop_inst/core/u_commit/u_csr/dbg_cpu_valid_INST_0_i_257/CO[3]
                         net (fo=1, routed)           0.000     9.154    soc_top_inst/mycpu_top_inst/VTop_inst/core/u_commit/u_csr/dbg_cpu_valid_INST_0_i_257_n_0
    SLICE_X41Y42         CARRY4 (Prop_carry4_CI_CO[3])
                                                      0.114     9.268 r  soc_top_inst/mycpu_top_inst/VTop_inst/core/u_commit/u_csr/dbg_cpu_valid_INST_0_i_256/CO[3]
                         net (fo=1, routed)           0.000     9.268    soc_top_inst/mycpu_top_inst/VTop_inst/core/u_commit/u_csr/dbg_cpu_valid_INST_0_i_256_n_0
    SLICE_X41Y43         CARRY4 (Prop_carry4_CI_CO[3])
                                                      0.114     9.382 r  soc_top_inst/mycpu_top_inst/VTop_inst/core/u_commit/u_csr/dbg_cpu_valid_INST_0_i_138/CO[3]
                         net (fo=1, routed)           0.000     9.382    soc_top_inst/mycpu_top_inst/VTop_inst/core/u_commit/u_csr/dbg_cpu_valid_INST_0_i_138_n_0
    SLICE_X41Y44         CARRY4 (Prop_carry4_CI_O[1])
                                                      0.334     9.716 r  soc_top_inst/mycpu_top_inst/VTop_inst/core/u_commit/u_csr/dbg_cpu_valid_INST_0_i_137/O[1]
                         net (fo=6, routed)           0.955    10.672    soc_top_inst/mycpu_top_inst/VTop_inst/core/u_commit/u_csr/dbg_cpu_valid_INST_0_i_137_n_6
    SLICE_X38Y42         LUT4 (Prop_lut4_I3_O)        0.303    10.975 r  soc_top_inst/mycpu_top_inst/VTop_inst/core/u_commit/u_csr/dbg_cpu_valid_INST_0_i_65/O
                         net (fo=1, routed)           0.000    10.975    soc_top_inst/mycpu_top_inst/VTop_inst/core/u_commit/u_csr/dbg_cpu_valid_INST_0_i_65_n_0
    SLICE_X38Y42         CARRY4 (Prop_carry4_S[1]_CO[3])
                                                      0.533    11.508 r  soc_top_inst/mycpu_top_inst/VTop_inst/core/u_commit/u_csr/dbg_cpu_valid_INST_0_i_27/CO[3]
                         net (fo=2, routed)           0.862    12.370    soc_top_inst/mycpu_top_inst/VTop_inst/core/u_commit/u_csr/u_mmu/pmp_entry_match11
    SLICE_X43Y44         LUT5 (Prop_lut5_I1_O)        0.119    12.489 r  soc_top_inst/mycpu_top_inst/VTop_inst/core/u_commit/u_csr/dbg_cpu_valid_INST_0_i_18/O
                         net (fo=1, routed)           0.307    12.796    soc_top_inst/mycpu_top_inst/VTop_inst/core/u_commit/u_csr/u_mmu/pmp_entry_match1_return
    SLICE_X44Y44         LUT6 (Prop_lut6_I3_O)        0.332    13.128 f  soc_top_inst/mycpu_top_inst/VTop_inst/core/u_commit/u_csr/dbg_cpu_valid_INST_0_i_7/O
                         net (fo=4, routed)           0.456    13.584    soc_top_inst/mycpu_top_inst/VTop_inst/core/u_commit/u_csr/dreq_out14_out
    SLICE_X44Y44         LUT6 (Prop_lut6_I3_O)        0.124    13.708 f  soc_top_inst/mycpu_top_inst/VTop_inst/core/u_commit/u_csr/dbg_cpu_valid_INST_0_i_2/O
                         net (fo=142, routed)         0.660    14.368    soc_top_inst/mycpu_top_inst/VTop_inst/icvt/inst/lock_select_reg[0]
    SLICE_X47Y40         LUT4 (Prop_lut4_I3_O)        0.124    14.492 f  soc_top_inst/mycpu_top_inst/VTop_inst/icvt/inst/lock_select[0]_i_2/O
                         net (fo=163, routed)         1.567    16.059    soc_top_inst/mycpu_top_inst/VTop_inst/u_mmu/any_valid1
    SLICE_X59Y42         LUT6 (Prop_lut6_I0_O)        0.124    16.183 f  soc_top_inst/mycpu_top_inst/VTop_inst/u_mmu/lock_req[addr][32]_i_1/O
                         net (fo=2, routed)           0.693    16.876    soc_top_inst/mycpu_top_inst/VTop_inst/mux/lock_req_reg[addr][63]_3[32]
    SLICE_X59Y42         LUT3 (Prop_lut3_I2_O)        0.150    17.026 f  soc_top_inst/mycpu_top_inst/VTop_inst/mux/uart_thr_write_req1_carry__1_i_7/O
                         net (fo=10, routed)          1.039    18.065    soc_top_inst/mycpu_top_inst/VTop_inst/mux/addr[32]
    SLICE_X54Y40         LUT2 (Prop_lut2_I0_O)        0.326    18.391 r  soc_top_inst/mycpu_top_inst/VTop_inst/mux/cpu_rmw_pending_strobe[3]_i_60/O
                         net (fo=1, routed)           0.000    18.391    soc_top_inst/mycpu_top_inst/VTop_inst/mux/cpu_rmw_pending_strobe[3]_i_60_n_0
    SLICE_X54Y40         CARRY4 (Prop_carry4_S[0]_CO[3])
                                                      0.513    18.904 r  soc_top_inst/mycpu_top_inst/VTop_inst/mux/cpu_rmw_pending_strobe_reg[3]_i_42/CO[3]
                         net (fo=1, routed)           0.000    18.904    soc_top_inst/mycpu_top_inst/VTop_inst/mux/cpu_rmw_pending_strobe_reg[3]_i_42_n_0
    SLICE_X54Y41         CARRY4 (Prop_carry4_CI_CO[3])
                                                      0.117    19.021 r  soc_top_inst/mycpu_top_inst/VTop_inst/mux/cpu_rmw_pending_strobe_reg[3]_i_28/CO[3]
                         net (fo=1, routed)           0.000    19.021    soc_top_inst/mycpu_top_inst/VTop_inst/mux/cpu_rmw_pending_strobe_reg[3]_i_28_n_0
    SLICE_X54Y42         CARRY4 (Prop_carry4_CI_CO[3])
                                                      0.117    19.138 r  soc_top_inst/mycpu_top_inst/VTop_inst/mux/cpu_rmw_pending_strobe_reg[3]_i_14/CO[3]
                         net (fo=1, routed)           0.000    19.138    soc_top_inst/mycpu_top_inst/VTop_inst/mux/cpu_rmw_pending_strobe_reg[3]_i_14_n_0
    SLICE_X54Y43         CARRY4 (Prop_carry4_CI_CO[3])
                                                      0.117    19.255 f  soc_top_inst/mycpu_top_inst/VTop_inst/mux/cpu_rmw_pending_strobe_reg[3]_i_4/CO[3]
                         net (fo=11, routed)          1.398    20.652    soc_top_inst/mycpu_top_inst/VTop_inst/mux/device_inst/is_disk_data_read0
    SLICE_X58Y42         LUT5 (Prop_lut5_I0_O)        0.152    20.804 r  soc_top_inst/mycpu_top_inst/VTop_inst/mux/gen_real_disk.disk_raddr_offset[2]_i_2/O
                         net (fo=6, routed)           0.600    21.404    soc_top_inst/device_inst/gen_real_disk.disk_read_pending_reg_0
    SLICE_X58Y44         LUT5 (Prop_lut5_I3_O)        0.332    21.736 r  soc_top_inst/device_inst/lock_select[0]_i_5/O
                         net (fo=2, routed)           0.911    22.647    soc_top_inst/bram_wrapper_inst/device_last
    SLICE_X56Y47         LUT3 (Prop_lut3_I2_O)        0.150    22.797 r  soc_top_inst/bram_wrapper_inst/lock_select[0]_i_4/O
                         net (fo=8, routed)           0.836    23.634    soc_top_inst/bram_wrapper_inst/last
    SLICE_X48Y47         LUT2 (Prop_lut2_I0_O)        0.348    23.982 f  soc_top_inst/bram_wrapper_inst/req_inflight_i_3__0/O
                         net (fo=3, routed)           0.513    24.494    soc_top_inst/mycpu_top_inst/VTop_inst/u_mmu/csr_mepc[62]_i_14_1
    SLICE_X48Y47         LUT5 (Prop_lut5_I2_O)        0.124    24.618 r  soc_top_inst/mycpu_top_inst/VTop_inst/u_mmu/csr_mepc[62]_i_21/O
                         net (fo=1, routed)           0.777    25.395    soc_top_inst/mycpu_top_inst/VTop_inst/u_mmu/csr_mepc[62]_i_21_n_0
    SLICE_X48Y44         LUT5 (Prop_lut5_I1_O)        0.124    25.519 r  soc_top_inst/mycpu_top_inst/VTop_inst/u_mmu/csr_mepc[62]_i_14/O
                         net (fo=9, routed)           0.737    26.256    soc_top_inst/mycpu_top_inst/VTop_inst/u_mmu/u_bit_fault_insn
    SLICE_X44Y48         LUT6 (Prop_lut6_I5_O)        0.124    26.380 r  soc_top_inst/mycpu_top_inst/VTop_inst/u_mmu/wb_r[is_instr_misalign]_i_10/O
                         net (fo=1, routed)           0.435    26.815    soc_top_inst/mycpu_top_inst/VTop_inst/u_mmu/wb_r[is_instr_misalign]_i_10_n_0
    SLICE_X42Y48         LUT6 (Prop_lut6_I5_O)        0.124    26.939 r  soc_top_inst/mycpu_top_inst/VTop_inst/u_mmu/wb_r[is_instr_misalign]_i_4/O
                         net (fo=6, routed)           0.861    27.801    soc_top_inst/mycpu_top_inst/VTop_inst/core/u_commit/u_csr/walk_fault
    SLICE_X32Y48         LUT3 (Prop_lut3_I0_O)        0.149    27.950 r  soc_top_inst/mycpu_top_inst/VTop_inst/core/u_commit/u_csr/csr_mstatus[63]_i_3/O
                         net (fo=97, routed)          1.010    28.960    soc_top_inst/mycpu_top_inst/VTop_inst/core/u_commit/u_csr/fetch_redirect_bubble_reg[0]
    SLICE_X14Y38         LUT6 (Prop_lut6_I4_O)        0.332    29.292 f  soc_top_inst/mycpu_top_inst/VTop_inst/core/u_commit/u_csr/csr_pmpaddr0_r[63]_i_6/O
                         net (fo=68, routed)          1.011    30.302    soc_top_inst/mycpu_top_inst/VTop_inst/core/u_commit_n_568
    SLICE_X28Y46         LUT4 (Prop_lut4_I3_O)        0.124    30.426 f  soc_top_inst/mycpu_top_inst/VTop_inst/core/wb_r[is_instr_misalign]_i_2/O
                         net (fo=7, routed)           0.473    30.899    soc_top_inst/mycpu_top_inst/VTop_inst/core/mret_redirect
    SLICE_X28Y46         LUT2 (Prop_lut2_I0_O)        0.124    31.023 f  soc_top_inst/mycpu_top_inst/VTop_inst/core/fetch_redirect_bubble[0]_i_3/O
                         net (fo=70, routed)          0.769    31.792    soc_top_inst/mycpu_top_inst/VTop_inst/core/u_commit/p_8_in
    SLICE_X29Y54         LUT6 (Prop_lut6_I1_O)        0.124    31.916 r  soc_top_inst/mycpu_top_inst/VTop_inst/core/u_commit/ex_r[is_load]_i_2/O
                         net (fo=418, routed)         0.674    32.590    soc_top_inst/mycpu_top_inst/VTop_inst/core/u_commit/ex_r55_out
    SLICE_X32Y55         LUT5 (Prop_lut5_I0_O)        0.124    32.714 r  soc_top_inst/mycpu_top_inst/VTop_inst/core/u_commit/ex_r[is_load]_i_7/O
                         net (fo=1, routed)           0.564    33.278    soc_top_inst/mycpu_top_inst/VTop_inst/core/u_commit/ex_r[is_load]_i_7_n_0
    SLICE_X31Y55         LUT6 (Prop_lut6_I5_O)        0.124    33.402 r  soc_top_inst/mycpu_top_inst/VTop_inst/core/u_commit/ex_r[is_load]_i_1/O
                         net (fo=418, routed)         1.697    35.099    soc_top_inst/mycpu_top_inst/VTop_inst/core/ex_r
    SLICE_X6Y70          FDRE                                         r  soc_top_inst/mycpu_top_inst/VTop_inst/core/ex_r_reg[rs2_store][59]/R
  -------------------------------------------------------------------    -------------------

                         (clock cpu_clk_clk_wiz_0 rise edge)
                                                     40.000    40.000 r  
    W5                   IBUF                         0.000    40.000 r  clk_IBUF_inst/O
                         net (fo=27, routed)          1.162    41.162    soc_top_inst/clk_wiz_0/inst/sys_clk
    MMCME2_ADV_X1Y0      MMCME2_ADV (Prop_mmcme2_adv_CLKIN1_CLKOUT0)
                                                     -7.217    33.944 r  soc_top_inst/clk_wiz_0/inst/mmcm_adv_inst/CLKOUT0
                         net (fo=1, routed)           1.581    35.526    soc_top_inst/clk_wiz_0/inst/cpu_clk_clk_wiz_0
    BUFGCTRL_X0Y0        BUFG (Prop_bufg_I_O)         0.091    35.617 r  soc_top_inst/clk_wiz_0/inst/clkout1_buf/O
                         net (fo=6623, routed)        1.496    37.112    soc_top_inst/mycpu_top_inst/VTop_inst/core/cpu_clk
    SLICE_X6Y70          FDRE                                         r  soc_top_inst/mycpu_top_inst/VTop_inst/core/ex_r_reg[rs2_store][59]/C
                         clock pessimism              0.413    37.525    
                         clock uncertainty           -0.098    37.428    
    SLICE_X6Y70          FDRE (Setup_fdre_C_R)       -0.524    36.904    soc_top_inst/mycpu_top_inst/VTop_inst/core/ex_r_reg[rs2_store][59]
  -------------------------------------------------------------------
                         required time                         36.904    
                         arrival time                         -35.099    
  -------------------------------------------------------------------
                         slack                                  1.805    

Slack (MET) :             1.813ns  (required time - arrival time)
  Source:                 soc_top_inst/mycpu_top_inst/VTop_inst/core/u_commit/u_csr/csr_pmpaddr0_r_reg[51]/C
                            (rising edge-triggered cell FDRE clocked by cpu_clk_clk_wiz_0  {rise@0.000ns fall@20.000ns period=40.000ns})
  Destination:            soc_top_inst/mycpu_top_inst/VTop_inst/core/fetch_pc_reg[55]/D
                            (rising edge-triggered cell FDRE clocked by cpu_clk_clk_wiz_0  {rise@0.000ns fall@20.000ns period=40.000ns})
  Path Group:             cpu_clk_clk_wiz_0
  Path Type:              Setup (Max at Slow Process Corner)
  Requirement:            40.000ns  (cpu_clk_clk_wiz_0 rise@40.000ns - cpu_clk_clk_wiz_0 rise@0.000ns)
  Data Path Delay:        37.992ns  (logic 11.167ns (29.393%)  route 26.825ns (70.607%))
  Logic Levels:           55  (CARRY4=20 LUT2=3 LUT3=4 LUT4=5 LUT5=5 LUT6=18)
  Clock Path Skew:        -0.129ns (DCD - SCD + CPR)
    Destination Clock Delay (DCD):    -2.948ns = ( 37.052 - 40.000 ) 
    Source Clock Delay      (SCD):    -2.406ns
    Clock Pessimism Removal (CPR):    0.413ns
  Clock Uncertainty:      0.098ns  ((TSJ^2 + DJ^2)^1/2) / 2 + PE
    Total System Jitter     (TSJ):    0.071ns
    Discrete Jitter          (DJ):    0.182ns
    Phase Error              (PE):    0.000ns

    Location             Delay type                Incr(ns)  Path(ns)    Netlist Resource(s)
  -------------------------------------------------------------------    -------------------
                         (clock cpu_clk_clk_wiz_0 rise edge)
                                                      0.000     0.000 r  
    W5                   IBUF                         0.000     0.000 r  clk_IBUF_inst/O
                         net (fo=27, routed)          1.233     1.233    soc_top_inst/clk_wiz_0/inst/sys_clk
    MMCME2_ADV_X1Y0      MMCME2_ADV (Prop_mmcme2_adv_CLKIN1_CLKOUT0)
                                                     -6.961    -5.728 r  soc_top_inst/clk_wiz_0/inst/mmcm_adv_inst/CLKOUT0
                         net (fo=1, routed)           1.661    -4.066    soc_top_inst/clk_wiz_0/inst/cpu_clk_clk_wiz_0
    BUFGCTRL_X0Y0        BUFG (Prop_bufg_I_O)         0.096    -3.970 r  soc_top_inst/clk_wiz_0/inst/clkout1_buf/O
                         net (fo=6623, routed)        1.564    -2.406    soc_top_inst/mycpu_top_inst/VTop_inst/core/u_commit/u_csr/cpu_clk
    SLICE_X15Y36         FDRE                                         r  soc_top_inst/mycpu_top_inst/VTop_inst/core/u_commit/u_csr/csr_pmpaddr0_r_reg[51]/C
  -------------------------------------------------------------------    -------------------
    SLICE_X15Y36         FDRE (Prop_fdre_C_Q)         0.456    -1.950 r  soc_top_inst/mycpu_top_inst/VTop_inst/core/u_commit/u_csr/csr_pmpaddr0_r_reg[51]/Q
                         net (fo=21, routed)          1.300    -0.650    soc_top_inst/mycpu_top_inst/VTop_inst/core/u_commit/u_csr/csr_pmpaddr0_r_reg[55]_0[51]
    SLICE_X32Y34         LUT6 (Prop_lut6_I3_O)        0.124    -0.526 f  soc_top_inst/mycpu_top_inst/VTop_inst/core/u_commit/u_csr/dbg_cpu_valid_INST_0_i_1271/O
                         net (fo=1, routed)           0.564     0.038    soc_top_inst/mycpu_top_inst/VTop_inst/core/u_commit/u_csr/dbg_cpu_valid_INST_0_i_1271_n_0
    SLICE_X34Y34         LUT6 (Prop_lut6_I2_O)        0.124     0.162 f  soc_top_inst/mycpu_top_inst/VTop_inst/core/u_commit/u_csr/dbg_cpu_valid_INST_0_i_1268/O
                         net (fo=1, routed)           0.427     0.589    soc_top_inst/mycpu_top_inst/VTop_inst/core/u_commit/u_csr/dbg_cpu_valid_INST_0_i_1268_n_0
    SLICE_X34Y33         LUT6 (Prop_lut6_I2_O)        0.124     0.713 f  soc_top_inst/mycpu_top_inst/VTop_inst/core/u_commit/u_csr/dbg_cpu_valid_INST_0_i_1266/O
                         net (fo=1, routed)           0.550     1.264    soc_top_inst/mycpu_top_inst/VTop_inst/core/u_commit/u_csr/dbg_cpu_valid_INST_0_i_1266_n_0
    SLICE_X37Y31         LUT6 (Prop_lut6_I0_O)        0.124     1.388 f  soc_top_inst/mycpu_top_inst/VTop_inst/core/u_commit/u_csr/dbg_cpu_valid_INST_0_i_1222/O
                         net (fo=1, routed)           0.483     1.870    soc_top_inst/mycpu_top_inst/VTop_inst/core/u_commit/u_csr/dbg_cpu_valid_INST_0_i_1222_n_0
    SLICE_X38Y31         LUT6 (Prop_lut6_I2_O)        0.124     1.994 f  soc_top_inst/mycpu_top_inst/VTop_inst/core/u_commit/u_csr/dbg_cpu_valid_INST_0_i_1117/O
                         net (fo=1, routed)           0.466     2.460    soc_top_inst/mycpu_top_inst/VTop_inst/core/u_commit/u_csr/dbg_cpu_valid_INST_0_i_1117_n_0
    SLICE_X38Y31         LUT6 (Prop_lut6_I2_O)        0.124     2.584 f  soc_top_inst/mycpu_top_inst/VTop_inst/core/u_commit/u_csr/dbg_cpu_valid_INST_0_i_961/O
                         net (fo=1, routed)           0.305     2.890    soc_top_inst/mycpu_top_inst/VTop_inst/core/u_commit/u_csr/dbg_cpu_valid_INST_0_i_961_n_0
    SLICE_X40Y31         LUT6 (Prop_lut6_I2_O)        0.124     3.014 f  soc_top_inst/mycpu_top_inst/VTop_inst/core/u_commit/u_csr/dbg_cpu_valid_INST_0_i_792/O
                         net (fo=1, routed)           0.300     3.313    soc_top_inst/mycpu_top_inst/VTop_inst/core/u_commit/u_csr/dbg_cpu_valid_INST_0_i_792_n_0
    SLICE_X40Y32         LUT6 (Prop_lut6_I4_O)        0.124     3.437 f  soc_top_inst/mycpu_top_inst/VTop_inst/core/u_commit/u_csr/dbg_cpu_valid_INST_0_i_614/O
                         net (fo=16, routed)          0.865     4.302    soc_top_inst/mycpu_top_inst/VTop_inst/core/u_commit/u_csr/u_mmu/ones__0[1]
    SLICE_X40Y33         LUT3 (Prop_lut3_I2_O)        0.152     4.454 r  soc_top_inst/mycpu_top_inst/VTop_inst/core/u_commit/u_csr/dbg_cpu_valid_INST_0_i_441/O
                         net (fo=22, routed)          0.760     5.214    soc_top_inst/mycpu_top_inst/VTop_inst/core/u_commit/u_csr/dbg_cpu_valid_INST_0_i_441_n_0
    SLICE_X43Y31         LUT2 (Prop_lut2_I1_O)        0.326     5.540 r  soc_top_inst/mycpu_top_inst/VTop_inst/core/u_commit/u_csr/dbg_cpu_valid_INST_0_i_1233/O
                         net (fo=1, routed)           0.000     5.540    soc_top_inst/mycpu_top_inst/VTop_inst/core/u_commit/u_csr/dbg_cpu_valid_INST_0_i_1233_n_0
    SLICE_X43Y31         CARRY4 (Prop_carry4_S[0]_CO[3])
                                                      0.532     6.072 r  soc_top_inst/mycpu_top_inst/VTop_inst/core/u_commit/u_csr/dbg_cpu_valid_INST_0_i_1126/CO[3]
                         net (fo=1, routed)           0.000     6.072    soc_top_inst/mycpu_top_inst/VTop_inst/core/u_commit/u_csr/dbg_cpu_valid_INST_0_i_1126_n_0
    SLICE_X43Y32         CARRY4 (Prop_carry4_CI_CO[3])
                                                      0.114     6.186 r  soc_top_inst/mycpu_top_inst/VTop_inst/core/u_commit/u_csr/dbg_cpu_valid_INST_0_i_979/CO[3]
                         net (fo=1, routed)           0.000     6.186    soc_top_inst/mycpu_top_inst/VTop_inst/core/u_commit/u_csr/dbg_cpu_valid_INST_0_i_979_n_0
    SLICE_X43Y33         CARRY4 (Prop_carry4_CI_CO[3])
                                                      0.114     6.300 r  soc_top_inst/mycpu_top_inst/VTop_inst/core/u_commit/u_csr/dbg_cpu_valid_INST_0_i_810/CO[3]
                         net (fo=1, routed)           0.000     6.300    soc_top_inst/mycpu_top_inst/VTop_inst/core/u_commit/u_csr/dbg_cpu_valid_INST_0_i_810_n_0
    SLICE_X43Y34         CARRY4 (Prop_carry4_CI_CO[3])
                                                      0.114     6.414 r  soc_top_inst/mycpu_top_inst/VTop_inst/core/u_commit/u_csr/dbg_cpu_valid_INST_0_i_809/CO[3]
                         net (fo=1, routed)           0.000     6.414    soc_top_inst/mycpu_top_inst/VTop_inst/core/u_commit/u_csr/dbg_cpu_valid_INST_0_i_809_n_0
    SLICE_X43Y35         CARRY4 (Prop_carry4_CI_O[1])
                                                      0.334     6.748 r  soc_top_inst/mycpu_top_inst/VTop_inst/core/u_commit/u_csr/dbg_cpu_valid_INST_0_i_629/O[1]
                         net (fo=8, routed)           0.869     7.617    soc_top_inst/mycpu_top_inst/VTop_inst/core/u_commit/u_csr/dbg_cpu_valid_INST_0_i_826_0[1]
    SLICE_X41Y35         LUT4 (Prop_lut4_I0_O)        0.303     7.920 r  soc_top_inst/mycpu_top_inst/VTop_inst/core/u_commit/u_csr/dbg_cpu_valid_INST_0_i_956/O
                         net (fo=1, routed)           0.000     7.920    soc_top_inst/mycpu_top_inst/VTop_inst/core/u_commit/u_csr/dbg_cpu_valid_INST_0_i_956_n_0
    SLICE_X41Y35         CARRY4 (Prop_carry4_S[1]_CO[3])
                                                      0.550     8.470 r  soc_top_inst/mycpu_top_inst/VTop_inst/core/u_commit/u_csr/dbg_cpu_valid_INST_0_i_762/CO[3]
                         net (fo=1, routed)           0.000     8.470    soc_top_inst/mycpu_top_inst/VTop_inst/core/u_commit/u_csr/dbg_cpu_valid_INST_0_i_762_n_0
    SLICE_X41Y36         CARRY4 (Prop_carry4_CI_CO[3])
                                                      0.114     8.584 r  soc_top_inst/mycpu_top_inst/VTop_inst/core/u_commit/u_csr/dbg_cpu_valid_INST_0_i_761/CO[3]
                         net (fo=1, routed)           0.000     8.584    soc_top_inst/mycpu_top_inst/VTop_inst/core/u_commit/u_csr/dbg_cpu_valid_INST_0_i_761_n_0
    SLICE_X41Y37         CARRY4 (Prop_carry4_CI_CO[3])
                                                      0.114     8.698 r  soc_top_inst/mycpu_top_inst/VTop_inst/core/u_commit/u_csr/dbg_cpu_valid_INST_0_i_591/CO[3]
                         net (fo=1, routed)           0.000     8.698    soc_top_inst/mycpu_top_inst/VTop_inst/core/u_commit/u_csr/dbg_cpu_valid_INST_0_i_591_n_0
    SLICE_X41Y38         CARRY4 (Prop_carry4_CI_CO[3])
                                                      0.114     8.812 r  soc_top_inst/mycpu_top_inst/VTop_inst/core/u_commit/u_csr/dbg_cpu_valid_INST_0_i_590/CO[3]
                         net (fo=1, routed)           0.000     8.812    soc_top_inst/mycpu_top_inst/VTop_inst/core/u_commit/u_csr/dbg_cpu_valid_INST_0_i_590_n_0
    SLICE_X41Y39         CARRY4 (Prop_carry4_CI_CO[3])
                                                      0.114     8.926 r  soc_top_inst/mycpu_top_inst/VTop_inst/core/u_commit/u_csr/dbg_cpu_valid_INST_0_i_418/CO[3]
                         net (fo=1, routed)           0.000     8.926    soc_top_inst/mycpu_top_inst/VTop_inst/core/u_commit/u_csr/dbg_cpu_valid_INST_0_i_418_n_0
    SLICE_X41Y40         CARRY4 (Prop_carry4_CI_CO[3])
                                                      0.114     9.040 r  soc_top_inst/mycpu_top_inst/VTop_inst/core/u_commit/u_csr/dbg_cpu_valid_INST_0_i_417/CO[3]
                         net (fo=1, routed)           0.000     9.040    soc_top_inst/mycpu_top_inst/VTop_inst/core/u_commit/u_csr/dbg_cpu_valid_INST_0_i_417_n_0
    SLICE_X41Y41         CARRY4 (Prop_carry4_CI_CO[3])
                                                      0.114     9.154 r  soc_top_inst/mycpu_top_inst/VTop_inst/core/u_commit/u_csr/dbg_cpu_valid_INST_0_i_257/CO[3]
                         net (fo=1, routed)           0.000     9.154    soc_top_inst/mycpu_top_inst/VTop_inst/core/u_commit/u_csr/dbg_cpu_valid_INST_0_i_257_n_0
    SLICE_X41Y42         CARRY4 (Prop_carry4_CI_CO[3])
                                                      0.114     9.268 r  soc_top_inst/mycpu_top_inst/VTop_inst/core/u_commit/u_csr/dbg_cpu_valid_INST_0_i_256/CO[3]
                         net (fo=1, routed)           0.000     9.268    soc_top_inst/mycpu_top_inst/VTop_inst/core/u_commit/u_csr/dbg_cpu_valid_INST_0_i_256_n_0
    SLICE_X41Y43         CARRY4 (Prop_carry4_CI_CO[3])
                                                      0.114     9.382 r  soc_top_inst/mycpu_top_inst/VTop_inst/core/u_commit/u_csr/dbg_cpu_valid_INST_0_i_138/CO[3]
                         net (fo=1, routed)           0.000     9.382    soc_top_inst/mycpu_top_inst/VTop_inst/core/u_commit/u_csr/dbg_cpu_valid_INST_0_i_138_n_0
    SLICE_X41Y44         CARRY4 (Prop_carry4_CI_O[1])
                                                      0.334     9.716 r  soc_top_inst/mycpu_top_inst/VTop_inst/core/u_commit/u_csr/dbg_cpu_valid_INST_0_i_137/O[1]
                         net (fo=6, routed)           0.955    10.672    soc_top_inst/mycpu_top_inst/VTop_inst/core/u_commit/u_csr/dbg_cpu_valid_INST_0_i_137_n_6
    SLICE_X38Y42         LUT4 (Prop_lut4_I3_O)        0.303    10.975 r  soc_top_inst/mycpu_top_inst/VTop_inst/core/u_commit/u_csr/dbg_cpu_valid_INST_0_i_65/O
                         net (fo=1, routed)           0.000    10.975    soc_top_inst/mycpu_top_inst/VTop_inst/core/u_commit/u_csr/dbg_cpu_valid_INST_0_i_65_n_0
    SLICE_X38Y42         CARRY4 (Prop_carry4_S[1]_CO[3])
                                                      0.533    11.508 r  soc_top_inst/mycpu_top_inst/VTop_inst/core/u_commit/u_csr/dbg_cpu_valid_INST_0_i_27/CO[3]
                         net (fo=2, routed)           0.862    12.370    soc_top_inst/mycpu_top_inst/VTop_inst/core/u_commit/u_csr/u_mmu/pmp_entry_match11
    SLICE_X43Y44         LUT5 (Prop_lut5_I1_O)        0.119    12.489 r  soc_top_inst/mycpu_top_inst/VTop_inst/core/u_commit/u_csr/dbg_cpu_valid_INST_0_i_18/O
                         net (fo=1, routed)           0.307    12.796    soc_top_inst/mycpu_top_inst/VTop_inst/core/u_commit/u_csr/u_mmu/pmp_entry_match1_return
    SLICE_X44Y44         LUT6 (Prop_lut6_I3_O)        0.332    13.128 f  soc_top_inst/mycpu_top_inst/VTop_inst/core/u_commit/u_csr/dbg_cpu_valid_INST_0_i_7/O
                         net (fo=4, routed)           0.456    13.584    soc_top_inst/mycpu_top_inst/VTop_inst/core/u_commit/u_csr/dreq_out14_out
    SLICE_X44Y44         LUT6 (Prop_lut6_I3_O)        0.124    13.708 f  soc_top_inst/mycpu_top_inst/VTop_inst/core/u_commit/u_csr/dbg_cpu_valid_INST_0_i_2/O
                         net (fo=142, routed)         0.660    14.368    soc_top_inst/mycpu_top_inst/VTop_inst/icvt/inst/lock_select_reg[0]
    SLICE_X47Y40         LUT4 (Prop_lut4_I3_O)        0.124    14.492 f  soc_top_inst/mycpu_top_inst/VTop_inst/icvt/inst/lock_select[0]_i_2/O
                         net (fo=163, routed)         1.567    16.059    soc_top_inst/mycpu_top_inst/VTop_inst/u_mmu/any_valid1
    SLICE_X59Y42         LUT6 (Prop_lut6_I0_O)        0.124    16.183 f  soc_top_inst/mycpu_top_inst/VTop_inst/u_mmu/lock_req[addr][32]_i_1/O
                         net (fo=2, routed)           0.693    16.876    soc_top_inst/mycpu_top_inst/VTop_inst/mux/lock_req_reg[addr][63]_3[32]
    SLICE_X59Y42         LUT3 (Prop_lut3_I2_O)        0.150    17.026 f  soc_top_inst/mycpu_top_inst/VTop_inst/mux/uart_thr_write_req1_carry__1_i_7/O
                         net (fo=10, routed)          1.039    18.065    soc_top_inst/mycpu_top_inst/VTop_inst/mux/addr[32]
    SLICE_X54Y40         LUT2 (Prop_lut2_I0_O)        0.326    18.391 r  soc_top_inst/mycpu_top_inst/VTop_inst/mux/cpu_rmw_pending_strobe[3]_i_60/O
                         net (fo=1, routed)           0.000    18.391    soc_top_inst/mycpu_top_inst/VTop_inst/mux/cpu_rmw_pending_strobe[3]_i_60_n_0
    SLICE_X54Y40         CARRY4 (Prop_carry4_S[0]_CO[3])
                                                      0.513    18.904 r  soc_top_inst/mycpu_top_inst/VTop_inst/mux/cpu_rmw_pending_strobe_reg[3]_i_42/CO[3]
                         net (fo=1, routed)           0.000    18.904    soc_top_inst/mycpu_top_inst/VTop_inst/mux/cpu_rmw_pending_strobe_reg[3]_i_42_n_0
    SLICE_X54Y41         CARRY4 (Prop_carry4_CI_CO[3])
                                                      0.117    19.021 r  soc_top_inst/mycpu_top_inst/VTop_inst/mux/cpu_rmw_pending_strobe_reg[3]_i_28/CO[3]
                         net (fo=1, routed)           0.000    19.021    soc_top_inst/mycpu_top_inst/VTop_inst/mux/cpu_rmw_pending_strobe_reg[3]_i_28_n_0
    SLICE_X54Y42         CARRY4 (Prop_carry4_CI_CO[3])
                                                      0.117    19.138 r  soc_top_inst/mycpu_top_inst/VTop_inst/mux/cpu_rmw_pending_strobe_reg[3]_i_14/CO[3]
                         net (fo=1, routed)           0.000    19.138    soc_top_inst/mycpu_top_inst/VTop_inst/mux/cpu_rmw_pending_strobe_reg[3]_i_14_n_0
    SLICE_X54Y43         CARRY4 (Prop_carry4_CI_CO[3])
                                                      0.117    19.255 f  soc_top_inst/mycpu_top_inst/VTop_inst/mux/cpu_rmw_pending_strobe_reg[3]_i_4/CO[3]
                         net (fo=11, routed)          1.398    20.652    soc_top_inst/mycpu_top_inst/VTop_inst/mux/device_inst/is_disk_data_read0
    SLICE_X58Y42         LUT5 (Prop_lut5_I0_O)        0.152    20.804 r  soc_top_inst/mycpu_top_inst/VTop_inst/mux/gen_real_disk.disk_raddr_offset[2]_i_2/O
                         net (fo=6, routed)           0.600    21.404    soc_top_inst/device_inst/gen_real_disk.disk_read_pending_reg_0
    SLICE_X58Y44         LUT5 (Prop_lut5_I3_O)        0.332    21.736 r  soc_top_inst/device_inst/lock_select[0]_i_5/O
                         net (fo=2, routed)           0.911    22.647    soc_top_inst/bram_wrapper_inst/device_last
    SLICE_X56Y47         LUT3 (Prop_lut3_I2_O)        0.150    22.797 r  soc_top_inst/bram_wrapper_inst/lock_select[0]_i_4/O
                         net (fo=8, routed)           0.836    23.634    soc_top_inst/bram_wrapper_inst/last
    SLICE_X48Y47         LUT2 (Prop_lut2_I0_O)        0.348    23.982 f  soc_top_inst/bram_wrapper_inst/req_inflight_i_3__0/O
                         net (fo=3, routed)           0.513    24.494    soc_top_inst/mycpu_top_inst/VTop_inst/u_mmu/csr_mepc[62]_i_14_1
    SLICE_X48Y47         LUT5 (Prop_lut5_I2_O)        0.124    24.618 r  soc_top_inst/mycpu_top_inst/VTop_inst/u_mmu/csr_mepc[62]_i_21/O
                         net (fo=1, routed)           0.777    25.395    soc_top_inst/mycpu_top_inst/VTop_inst/u_mmu/csr_mepc[62]_i_21_n_0
    SLICE_X48Y44         LUT5 (Prop_lut5_I1_O)        0.124    25.519 r  soc_top_inst/mycpu_top_inst/VTop_inst/u_mmu/csr_mepc[62]_i_14/O
                         net (fo=9, routed)           0.737    26.256    soc_top_inst/mycpu_top_inst/VTop_inst/u_mmu/u_bit_fault_insn
    SLICE_X44Y48         LUT6 (Prop_lut6_I5_O)        0.124    26.380 r  soc_top_inst/mycpu_top_inst/VTop_inst/u_mmu/wb_r[is_instr_misalign]_i_10/O
                         net (fo=1, routed)           0.435    26.815    soc_top_inst/mycpu_top_inst/VTop_inst/u_mmu/wb_r[is_instr_misalign]_i_10_n_0
    SLICE_X42Y48         LUT6 (Prop_lut6_I5_O)        0.124    26.939 r  soc_top_inst/mycpu_top_inst/VTop_inst/u_mmu/wb_r[is_instr_misalign]_i_4/O
                         net (fo=6, routed)           0.861    27.801    soc_top_inst/mycpu_top_inst/VTop_inst/core/u_commit/u_csr/walk_fault
    SLICE_X32Y48         LUT3 (Prop_lut3_I0_O)        0.149    27.950 r  soc_top_inst/mycpu_top_inst/VTop_inst/core/u_commit/u_csr/csr_mstatus[63]_i_3/O
                         net (fo=97, routed)          1.010    28.960    soc_top_inst/mycpu_top_inst/VTop_inst/core/u_commit/u_csr/fetch_redirect_bubble_reg[0]
    SLICE_X14Y38         LUT6 (Prop_lut6_I4_O)        0.332    29.292 f  soc_top_inst/mycpu_top_inst/VTop_inst/core/u_commit/u_csr/csr_pmpaddr0_r[63]_i_6/O
                         net (fo=68, routed)          1.225    30.517    soc_top_inst/mycpu_top_inst/VTop_inst/core/u_commit/u_csr/wb_r_reg[valid]_7
    SLICE_X28Y35         LUT4 (Prop_lut4_I3_O)        0.124    30.641 r  soc_top_inst/mycpu_top_inst/VTop_inst/core/u_commit/u_csr/fetch_pc[63]_i_28/O
                         net (fo=3, routed)           0.420    31.061    soc_top_inst/mycpu_top_inst/VTop_inst/core/u_commit/u_csr/fetch_pc[63]_i_28_n_0
    SLICE_X29Y35         LUT6 (Prop_lut6_I2_O)        0.124    31.185 f  soc_top_inst/mycpu_top_inst/VTop_inst/core/u_commit/u_csr/fetch_pc[63]_i_22/O
                         net (fo=1, routed)           0.502    31.687    soc_top_inst/mycpu_top_inst/VTop_inst/core/u_commit/u_csr/fetch_pc[63]_i_22_n_0
    SLICE_X28Y35         LUT6 (Prop_lut6_I3_O)        0.124    31.811 r  soc_top_inst/mycpu_top_inst/VTop_inst/core/u_commit/u_csr/fetch_pc[63]_i_18/O
                         net (fo=7, routed)           0.703    32.514    soc_top_inst/mycpu_top_inst/VTop_inst/core/u_commit/u_csr/delegate_to_s7_return
    SLICE_X28Y33         LUT4 (Prop_lut4_I0_O)        0.153    32.667 f  soc_top_inst/mycpu_top_inst/VTop_inst/core/u_commit/u_csr/fetch_pc[63]_i_11/O
                         net (fo=59, routed)          1.296    33.963    soc_top_inst/mycpu_top_inst/VTop_inst/core/u_commit/u_csr/fetch_pc[63]_i_11_n_0
    SLICE_X13Y40         LUT6 (Prop_lut6_I1_O)        0.327    34.290 r  soc_top_inst/mycpu_top_inst/VTop_inst/core/u_commit/u_csr/fetch_pc[55]_i_3/O
                         net (fo=1, routed)           1.172    35.462    soc_top_inst/mycpu_top_inst/VTop_inst/core/u_commit/u_csr/trap_redirect_pc[55]
    SLICE_X31Y50         LUT6 (Prop_lut6_I5_O)        0.124    35.586 r  soc_top_inst/mycpu_top_inst/VTop_inst/core/u_commit/u_csr/fetch_pc[55]_i_1/O
                         net (fo=1, routed)           0.000    35.586    soc_top_inst/mycpu_top_inst/VTop_inst/core/p_0_in[55]
    SLICE_X31Y50         FDRE                                         r  soc_top_inst/mycpu_top_inst/VTop_inst/core/fetch_pc_reg[55]/D
  -------------------------------------------------------------------    -------------------

                         (clock cpu_clk_clk_wiz_0 rise edge)
                                                     40.000    40.000 r  
    W5                   IBUF                         0.000    40.000 r  clk_IBUF_inst/O
                         net (fo=27, routed)          1.162    41.162    soc_top_inst/clk_wiz_0/inst/sys_clk
    MMCME2_ADV_X1Y0      MMCME2_ADV (Prop_mmcme2_adv_CLKIN1_CLKOUT0)
                                                     -7.217    33.944 r  soc_top_inst/clk_wiz_0/inst/mmcm_adv_inst/CLKOUT0
                         net (fo=1, routed)           1.581    35.526    soc_top_inst/clk_wiz_0/inst/cpu_clk_clk_wiz_0
    BUFGCTRL_X0Y0        BUFG (Prop_bufg_I_O)         0.091    35.617 r  soc_top_inst/clk_wiz_0/inst/clkout1_buf/O
                         net (fo=6623, routed)        1.436    37.052    soc_top_inst/mycpu_top_inst/VTop_inst/core/cpu_clk
    SLICE_X31Y50         FDRE                                         r  soc_top_inst/mycpu_top_inst/VTop_inst/core/fetch_pc_reg[55]/C
                         clock pessimism              0.413    37.465    
                         clock uncertainty           -0.098    37.368    
    SLICE_X31Y50         FDRE (Setup_fdre_C_D)        0.031    37.399    soc_top_inst/mycpu_top_inst/VTop_inst/core/fetch_pc_reg[55]
  -------------------------------------------------------------------
                         required time                         37.399    
                         arrival time                         -35.586    
  -------------------------------------------------------------------
                         slack                                  1.813    

Slack (MET) :             1.831ns  (required time - arrival time)
  Source:                 soc_top_inst/mycpu_top_inst/VTop_inst/core/u_commit/u_csr/csr_pmpaddr0_r_reg[51]/C
                            (rising edge-triggered cell FDRE clocked by cpu_clk_clk_wiz_0  {rise@0.000ns fall@20.000ns period=40.000ns})
  Destination:            soc_top_inst/mycpu_top_inst/VTop_inst/core/ex_r_reg[op2][60]/R
                            (rising edge-triggered cell FDRE clocked by cpu_clk_clk_wiz_0  {rise@0.000ns fall@20.000ns period=40.000ns})
  Path Group:             cpu_clk_clk_wiz_0
  Path Type:              Setup (Max at Slow Process Corner)
  Requirement:            40.000ns  (cpu_clk_clk_wiz_0 rise@40.000ns - cpu_clk_clk_wiz_0 rise@0.000ns)
  Data Path Delay:        37.484ns  (logic 10.811ns (28.842%)  route 26.673ns (71.158%))
  Logic Levels:           54  (CARRY4=20 LUT2=4 LUT3=4 LUT4=4 LUT5=6 LUT6=16)
  Clock Path Skew:        -0.064ns (DCD - SCD + CPR)
    Destination Clock Delay (DCD):    -2.883ns = ( 37.117 - 40.000 ) 
    Source Clock Delay      (SCD):    -2.406ns
    Clock Pessimism Removal (CPR):    0.413ns
  Clock Uncertainty:      0.098ns  ((TSJ^2 + DJ^2)^1/2) / 2 + PE
    Total System Jitter     (TSJ):    0.071ns
    Discrete Jitter          (DJ):    0.182ns
    Phase Error              (PE):    0.000ns

    Location             Delay type                Incr(ns)  Path(ns)    Netlist Resource(s)
  -------------------------------------------------------------------    -------------------
                         (clock cpu_clk_clk_wiz_0 rise edge)
                                                      0.000     0.000 r  
    W5                   IBUF                         0.000     0.000 r  clk_IBUF_inst/O
                         net (fo=27, routed)          1.233     1.233    soc_top_inst/clk_wiz_0/inst/sys_clk
    MMCME2_ADV_X1Y0      MMCME2_ADV (Prop_mmcme2_adv_CLKIN1_CLKOUT0)
                                                     -6.961    -5.728 r  soc_top_inst/clk_wiz_0/inst/mmcm_adv_inst/CLKOUT0
                         net (fo=1, routed)           1.661    -4.066    soc_top_inst/clk_wiz_0/inst/cpu_clk_clk_wiz_0
    BUFGCTRL_X0Y0        BUFG (Prop_bufg_I_O)         0.096    -3.970 r  soc_top_inst/clk_wiz_0/inst/clkout1_buf/O
                         net (fo=6623, routed)        1.564    -2.406    soc_top_inst/mycpu_top_inst/VTop_inst/core/u_commit/u_csr/cpu_clk
    SLICE_X15Y36         FDRE                                         r  soc_top_inst/mycpu_top_inst/VTop_inst/core/u_commit/u_csr/csr_pmpaddr0_r_reg[51]/C
  -------------------------------------------------------------------    -------------------
    SLICE_X15Y36         FDRE (Prop_fdre_C_Q)         0.456    -1.950 r  soc_top_inst/mycpu_top_inst/VTop_inst/core/u_commit/u_csr/csr_pmpaddr0_r_reg[51]/Q
                         net (fo=21, routed)          1.300    -0.650    soc_top_inst/mycpu_top_inst/VTop_inst/core/u_commit/u_csr/csr_pmpaddr0_r_reg[55]_0[51]
    SLICE_X32Y34         LUT6 (Prop_lut6_I3_O)        0.124    -0.526 f  soc_top_inst/mycpu_top_inst/VTop_inst/core/u_commit/u_csr/dbg_cpu_valid_INST_0_i_1271/O
                         net (fo=1, routed)           0.564     0.038    soc_top_inst/mycpu_top_inst/VTop_inst/core/u_commit/u_csr/dbg_cpu_valid_INST_0_i_1271_n_0
    SLICE_X34Y34         LUT6 (Prop_lut6_I2_O)        0.124     0.162 f  soc_top_inst/mycpu_top_inst/VTop_inst/core/u_commit/u_csr/dbg_cpu_valid_INST_0_i_1268/O
                         net (fo=1, routed)           0.427     0.589    soc_top_inst/mycpu_top_inst/VTop_inst/core/u_commit/u_csr/dbg_cpu_valid_INST_0_i_1268_n_0
    SLICE_X34Y33         LUT6 (Prop_lut6_I2_O)        0.124     0.713 f  soc_top_inst/mycpu_top_inst/VTop_inst/core/u_commit/u_csr/dbg_cpu_valid_INST_0_i_1266/O
                         net (fo=1, routed)           0.550     1.264    soc_top_inst/mycpu_top_inst/VTop_inst/core/u_commit/u_csr/dbg_cpu_valid_INST_0_i_1266_n_0
    SLICE_X37Y31         LUT6 (Prop_lut6_I0_O)        0.124     1.388 f  soc_top_inst/mycpu_top_inst/VTop_inst/core/u_commit/u_csr/dbg_cpu_valid_INST_0_i_1222/O
                         net (fo=1, routed)           0.483     1.870    soc_top_inst/mycpu_top_inst/VTop_inst/core/u_commit/u_csr/dbg_cpu_valid_INST_0_i_1222_n_0
    SLICE_X38Y31         LUT6 (Prop_lut6_I2_O)        0.124     1.994 f  soc_top_inst/mycpu_top_inst/VTop_inst/core/u_commit/u_csr/dbg_cpu_valid_INST_0_i_1117/O
                         net (fo=1, routed)           0.466     2.460    soc_top_inst/mycpu_top_inst/VTop_inst/core/u_commit/u_csr/dbg_cpu_valid_INST_0_i_1117_n_0
    SLICE_X38Y31         LUT6 (Prop_lut6_I2_O)        0.124     2.584 f  soc_top_inst/mycpu_top_inst/VTop_inst/core/u_commit/u_csr/dbg_cpu_valid_INST_0_i_961/O
                         net (fo=1, routed)           0.305     2.890    soc_top_inst/mycpu_top_inst/VTop_inst/core/u_commit/u_csr/dbg_cpu_valid_INST_0_i_961_n_0
    SLICE_X40Y31         LUT6 (Prop_lut6_I2_O)        0.124     3.014 f  soc_top_inst/mycpu_top_inst/VTop_inst/core/u_commit/u_csr/dbg_cpu_valid_INST_0_i_792/O
                         net (fo=1, routed)           0.300     3.313    soc_top_inst/mycpu_top_inst/VTop_inst/core/u_commit/u_csr/dbg_cpu_valid_INST_0_i_792_n_0
    SLICE_X40Y32         LUT6 (Prop_lut6_I4_O)        0.124     3.437 f  soc_top_inst/mycpu_top_inst/VTop_inst/core/u_commit/u_csr/dbg_cpu_valid_INST_0_i_614/O
                         net (fo=16, routed)          0.865     4.302    soc_top_inst/mycpu_top_inst/VTop_inst/core/u_commit/u_csr/u_mmu/ones__0[1]
    SLICE_X40Y33         LUT3 (Prop_lut3_I2_O)        0.152     4.454 r  soc_top_inst/mycpu_top_inst/VTop_inst/core/u_commit/u_csr/dbg_cpu_valid_INST_0_i_441/O
                         net (fo=22, routed)          0.760     5.214    soc_top_inst/mycpu_top_inst/VTop_inst/core/u_commit/u_csr/dbg_cpu_valid_INST_0_i_441_n_0
    SLICE_X43Y31         LUT2 (Prop_lut2_I1_O)        0.326     5.540 r  soc_top_inst/mycpu_top_inst/VTop_inst/core/u_commit/u_csr/dbg_cpu_valid_INST_0_i_1233/O
                         net (fo=1, routed)           0.000     5.540    soc_top_inst/mycpu_top_inst/VTop_inst/core/u_commit/u_csr/dbg_cpu_valid_INST_0_i_1233_n_0
    SLICE_X43Y31         CARRY4 (Prop_carry4_S[0]_CO[3])
                                                      0.532     6.072 r  soc_top_inst/mycpu_top_inst/VTop_inst/core/u_commit/u_csr/dbg_cpu_valid_INST_0_i_1126/CO[3]
                         net (fo=1, routed)           0.000     6.072    soc_top_inst/mycpu_top_inst/VTop_inst/core/u_commit/u_csr/dbg_cpu_valid_INST_0_i_1126_n_0
    SLICE_X43Y32         CARRY4 (Prop_carry4_CI_CO[3])
                                                      0.114     6.186 r  soc_top_inst/mycpu_top_inst/VTop_inst/core/u_commit/u_csr/dbg_cpu_valid_INST_0_i_979/CO[3]
                         net (fo=1, routed)           0.000     6.186    soc_top_inst/mycpu_top_inst/VTop_inst/core/u_commit/u_csr/dbg_cpu_valid_INST_0_i_979_n_0
    SLICE_X43Y33         CARRY4 (Prop_carry4_CI_CO[3])
                                                      0.114     6.300 r  soc_top_inst/mycpu_top_inst/VTop_inst/core/u_commit/u_csr/dbg_cpu_valid_INST_0_i_810/CO[3]
                         net (fo=1, routed)           0.000     6.300    soc_top_inst/mycpu_top_inst/VTop_inst/core/u_commit/u_csr/dbg_cpu_valid_INST_0_i_810_n_0
    SLICE_X43Y34         CARRY4 (Prop_carry4_CI_CO[3])
                                                      0.114     6.414 r  soc_top_inst/mycpu_top_inst/VTop_inst/core/u_commit/u_csr/dbg_cpu_valid_INST_0_i_809/CO[3]
                         net (fo=1, routed)           0.000     6.414    soc_top_inst/mycpu_top_inst/VTop_inst/core/u_commit/u_csr/dbg_cpu_valid_INST_0_i_809_n_0
    SLICE_X43Y35         CARRY4 (Prop_carry4_CI_O[1])
                                                      0.334     6.748 r  soc_top_inst/mycpu_top_inst/VTop_inst/core/u_commit/u_csr/dbg_cpu_valid_INST_0_i_629/O[1]
                         net (fo=8, routed)           0.869     7.617    soc_top_inst/mycpu_top_inst/VTop_inst/core/u_commit/u_csr/dbg_cpu_valid_INST_0_i_826_0[1]
    SLICE_X41Y35         LUT4 (Prop_lut4_I0_O)        0.303     7.920 r  soc_top_inst/mycpu_top_inst/VTop_inst/core/u_commit/u_csr/dbg_cpu_valid_INST_0_i_956/O
                         net (fo=1, routed)           0.000     7.920    soc_top_inst/mycpu_top_inst/VTop_inst/core/u_commit/u_csr/dbg_cpu_valid_INST_0_i_956_n_0
    SLICE_X41Y35         CARRY4 (Prop_carry4_S[1]_CO[3])
                                                      0.550     8.470 r  soc_top_inst/mycpu_top_inst/VTop_inst/core/u_commit/u_csr/dbg_cpu_valid_INST_0_i_762/CO[3]
                         net (fo=1, routed)           0.000     8.470    soc_top_inst/mycpu_top_inst/VTop_inst/core/u_commit/u_csr/dbg_cpu_valid_INST_0_i_762_n_0
    SLICE_X41Y36         CARRY4 (Prop_carry4_CI_CO[3])
                                                      0.114     8.584 r  soc_top_inst/mycpu_top_inst/VTop_inst/core/u_commit/u_csr/dbg_cpu_valid_INST_0_i_761/CO[3]
                         net (fo=1, routed)           0.000     8.584    soc_top_inst/mycpu_top_inst/VTop_inst/core/u_commit/u_csr/dbg_cpu_valid_INST_0_i_761_n_0
    SLICE_X41Y37         CARRY4 (Prop_carry4_CI_CO[3])
                                                      0.114     8.698 r  soc_top_inst/mycpu_top_inst/VTop_inst/core/u_commit/u_csr/dbg_cpu_valid_INST_0_i_591/CO[3]
                         net (fo=1, routed)           0.000     8.698    soc_top_inst/mycpu_top_inst/VTop_inst/core/u_commit/u_csr/dbg_cpu_valid_INST_0_i_591_n_0
    SLICE_X41Y38         CARRY4 (Prop_carry4_CI_CO[3])
                                                      0.114     8.812 r  soc_top_inst/mycpu_top_inst/VTop_inst/core/u_commit/u_csr/dbg_cpu_valid_INST_0_i_590/CO[3]
                         net (fo=1, routed)           0.000     8.812    soc_top_inst/mycpu_top_inst/VTop_inst/core/u_commit/u_csr/dbg_cpu_valid_INST_0_i_590_n_0
    SLICE_X41Y39         CARRY4 (Prop_carry4_CI_CO[3])
                                                      0.114     8.926 r  soc_top_inst/mycpu_top_inst/VTop_inst/core/u_commit/u_csr/dbg_cpu_valid_INST_0_i_418/CO[3]
                         net (fo=1, routed)           0.000     8.926    soc_top_inst/mycpu_top_inst/VTop_inst/core/u_commit/u_csr/dbg_cpu_valid_INST_0_i_418_n_0
    SLICE_X41Y40         CARRY4 (Prop_carry4_CI_CO[3])
                                                      0.114     9.040 r  soc_top_inst/mycpu_top_inst/VTop_inst/core/u_commit/u_csr/dbg_cpu_valid_INST_0_i_417/CO[3]
                         net (fo=1, routed)           0.000     9.040    soc_top_inst/mycpu_top_inst/VTop_inst/core/u_commit/u_csr/dbg_cpu_valid_INST_0_i_417_n_0
    SLICE_X41Y41         CARRY4 (Prop_carry4_CI_CO[3])
                                                      0.114     9.154 r  soc_top_inst/mycpu_top_inst/VTop_inst/core/u_commit/u_csr/dbg_cpu_valid_INST_0_i_257/CO[3]
                         net (fo=1, routed)           0.000     9.154    soc_top_inst/mycpu_top_inst/VTop_inst/core/u_commit/u_csr/dbg_cpu_valid_INST_0_i_257_n_0
    SLICE_X41Y42         CARRY4 (Prop_carry4_CI_CO[3])
                                                      0.114     9.268 r  soc_top_inst/mycpu_top_inst/VTop_inst/core/u_commit/u_csr/dbg_cpu_valid_INST_0_i_256/CO[3]
                         net (fo=1, routed)           0.000     9.268    soc_top_inst/mycpu_top_inst/VTop_inst/core/u_commit/u_csr/dbg_cpu_valid_INST_0_i_256_n_0
    SLICE_X41Y43         CARRY4 (Prop_carry4_CI_CO[3])
                                                      0.114     9.382 r  soc_top_inst/mycpu_top_inst/VTop_inst/core/u_commit/u_csr/dbg_cpu_valid_INST_0_i_138/CO[3]
                         net (fo=1, routed)           0.000     9.382    soc_top_inst/mycpu_top_inst/VTop_inst/core/u_commit/u_csr/dbg_cpu_valid_INST_0_i_138_n_0
    SLICE_X41Y44         CARRY4 (Prop_carry4_CI_O[1])
                                                      0.334     9.716 r  soc_top_inst/mycpu_top_inst/VTop_inst/core/u_commit/u_csr/dbg_cpu_valid_INST_0_i_137/O[1]
                         net (fo=6, routed)           0.955    10.672    soc_top_inst/mycpu_top_inst/VTop_inst/core/u_commit/u_csr/dbg_cpu_valid_INST_0_i_137_n_6
    SLICE_X38Y42         LUT4 (Prop_lut4_I3_O)        0.303    10.975 r  soc_top_inst/mycpu_top_inst/VTop_inst/core/u_commit/u_csr/dbg_cpu_valid_INST_0_i_65/O
                         net (fo=1, routed)           0.000    10.975    soc_top_inst/mycpu_top_inst/VTop_inst/core/u_commit/u_csr/dbg_cpu_valid_INST_0_i_65_n_0
    SLICE_X38Y42         CARRY4 (Prop_carry4_S[1]_CO[3])
                                                      0.533    11.508 r  soc_top_inst/mycpu_top_inst/VTop_inst/core/u_commit/u_csr/dbg_cpu_valid_INST_0_i_27/CO[3]
                         net (fo=2, routed)           0.862    12.370    soc_top_inst/mycpu_top_inst/VTop_inst/core/u_commit/u_csr/u_mmu/pmp_entry_match11
    SLICE_X43Y44         LUT5 (Prop_lut5_I1_O)        0.119    12.489 r  soc_top_inst/mycpu_top_inst/VTop_inst/core/u_commit/u_csr/dbg_cpu_valid_INST_0_i_18/O
                         net (fo=1, routed)           0.307    12.796    soc_top_inst/mycpu_top_inst/VTop_inst/core/u_commit/u_csr/u_mmu/pmp_entry_match1_return
    SLICE_X44Y44         LUT6 (Prop_lut6_I3_O)        0.332    13.128 f  soc_top_inst/mycpu_top_inst/VTop_inst/core/u_commit/u_csr/dbg_cpu_valid_INST_0_i_7/O
                         net (fo=4, routed)           0.456    13.584    soc_top_inst/mycpu_top_inst/VTop_inst/core/u_commit/u_csr/dreq_out14_out
    SLICE_X44Y44         LUT6 (Prop_lut6_I3_O)        0.124    13.708 f  soc_top_inst/mycpu_top_inst/VTop_inst/core/u_commit/u_csr/dbg_cpu_valid_INST_0_i_2/O
                         net (fo=142, routed)         0.660    14.368    soc_top_inst/mycpu_top_inst/VTop_inst/icvt/inst/lock_select_reg[0]
    SLICE_X47Y40         LUT4 (Prop_lut4_I3_O)        0.124    14.492 f  soc_top_inst/mycpu_top_inst/VTop_inst/icvt/inst/lock_select[0]_i_2/O
                         net (fo=163, routed)         1.567    16.059    soc_top_inst/mycpu_top_inst/VTop_inst/u_mmu/any_valid1
    SLICE_X59Y42         LUT6 (Prop_lut6_I0_O)        0.124    16.183 f  soc_top_inst/mycpu_top_inst/VTop_inst/u_mmu/lock_req[addr][32]_i_1/O
                         net (fo=2, routed)           0.693    16.876    soc_top_inst/mycpu_top_inst/VTop_inst/mux/lock_req_reg[addr][63]_3[32]
    SLICE_X59Y42         LUT3 (Prop_lut3_I2_O)        0.150    17.026 f  soc_top_inst/mycpu_top_inst/VTop_inst/mux/uart_thr_write_req1_carry__1_i_7/O
                         net (fo=10, routed)          1.039    18.065    soc_top_inst/mycpu_top_inst/VTop_inst/mux/addr[32]
    SLICE_X54Y40         LUT2 (Prop_lut2_I0_O)        0.326    18.391 r  soc_top_inst/mycpu_top_inst/VTop_inst/mux/cpu_rmw_pending_strobe[3]_i_60/O
                         net (fo=1, routed)           0.000    18.391    soc_top_inst/mycpu_top_inst/VTop_inst/mux/cpu_rmw_pending_strobe[3]_i_60_n_0
    SLICE_X54Y40         CARRY4 (Prop_carry4_S[0]_CO[3])
                                                      0.513    18.904 r  soc_top_inst/mycpu_top_inst/VTop_inst/mux/cpu_rmw_pending_strobe_reg[3]_i_42/CO[3]
                         net (fo=1, routed)           0.000    18.904    soc_top_inst/mycpu_top_inst/VTop_inst/mux/cpu_rmw_pending_strobe_reg[3]_i_42_n_0
    SLICE_X54Y41         CARRY4 (Prop_carry4_CI_CO[3])
                                                      0.117    19.021 r  soc_top_inst/mycpu_top_inst/VTop_inst/mux/cpu_rmw_pending_strobe_reg[3]_i_28/CO[3]
                         net (fo=1, routed)           0.000    19.021    soc_top_inst/mycpu_top_inst/VTop_inst/mux/cpu_rmw_pending_strobe_reg[3]_i_28_n_0
    SLICE_X54Y42         CARRY4 (Prop_carry4_CI_CO[3])
                                                      0.117    19.138 r  soc_top_inst/mycpu_top_inst/VTop_inst/mux/cpu_rmw_pending_strobe_reg[3]_i_14/CO[3]
                         net (fo=1, routed)           0.000    19.138    soc_top_inst/mycpu_top_inst/VTop_inst/mux/cpu_rmw_pending_strobe_reg[3]_i_14_n_0
    SLICE_X54Y43         CARRY4 (Prop_carry4_CI_CO[3])
                                                      0.117    19.255 f  soc_top_inst/mycpu_top_inst/VTop_inst/mux/cpu_rmw_pending_strobe_reg[3]_i_4/CO[3]
                         net (fo=11, routed)          1.398    20.652    soc_top_inst/mycpu_top_inst/VTop_inst/mux/device_inst/is_disk_data_read0
    SLICE_X58Y42         LUT5 (Prop_lut5_I0_O)        0.152    20.804 r  soc_top_inst/mycpu_top_inst/VTop_inst/mux/gen_real_disk.disk_raddr_offset[2]_i_2/O
                         net (fo=6, routed)           0.600    21.404    soc_top_inst/device_inst/gen_real_disk.disk_read_pending_reg_0
    SLICE_X58Y44         LUT5 (Prop_lut5_I3_O)        0.332    21.736 r  soc_top_inst/device_inst/lock_select[0]_i_5/O
                         net (fo=2, routed)           0.911    22.647    soc_top_inst/bram_wrapper_inst/device_last
    SLICE_X56Y47         LUT3 (Prop_lut3_I2_O)        0.150    22.797 r  soc_top_inst/bram_wrapper_inst/lock_select[0]_i_4/O
                         net (fo=8, routed)           0.836    23.634    soc_top_inst/bram_wrapper_inst/last
    SLICE_X48Y47         LUT2 (Prop_lut2_I0_O)        0.348    23.982 f  soc_top_inst/bram_wrapper_inst/req_inflight_i_3__0/O
                         net (fo=3, routed)           0.513    24.494    soc_top_inst/mycpu_top_inst/VTop_inst/u_mmu/csr_mepc[62]_i_14_1
    SLICE_X48Y47         LUT5 (Prop_lut5_I2_O)        0.124    24.618 r  soc_top_inst/mycpu_top_inst/VTop_inst/u_mmu/csr_mepc[62]_i_21/O
                         net (fo=1, routed)           0.777    25.395    soc_top_inst/mycpu_top_inst/VTop_inst/u_mmu/csr_mepc[62]_i_21_n_0
    SLICE_X48Y44         LUT5 (Prop_lut5_I1_O)        0.124    25.519 r  soc_top_inst/mycpu_top_inst/VTop_inst/u_mmu/csr_mepc[62]_i_14/O
                         net (fo=9, routed)           0.737    26.256    soc_top_inst/mycpu_top_inst/VTop_inst/u_mmu/u_bit_fault_insn
    SLICE_X44Y48         LUT6 (Prop_lut6_I5_O)        0.124    26.380 r  soc_top_inst/mycpu_top_inst/VTop_inst/u_mmu/wb_r[is_instr_misalign]_i_10/O
                         net (fo=1, routed)           0.435    26.815    soc_top_inst/mycpu_top_inst/VTop_inst/u_mmu/wb_r[is_instr_misalign]_i_10_n_0
    SLICE_X42Y48         LUT6 (Prop_lut6_I5_O)        0.124    26.939 r  soc_top_inst/mycpu_top_inst/VTop_inst/u_mmu/wb_r[is_instr_misalign]_i_4/O
                         net (fo=6, routed)           0.861    27.801    soc_top_inst/mycpu_top_inst/VTop_inst/core/u_commit/u_csr/walk_fault
    SLICE_X32Y48         LUT3 (Prop_lut3_I0_O)        0.149    27.950 r  soc_top_inst/mycpu_top_inst/VTop_inst/core/u_commit/u_csr/csr_mstatus[63]_i_3/O
                         net (fo=97, routed)          1.010    28.960    soc_top_inst/mycpu_top_inst/VTop_inst/core/u_commit/u_csr/fetch_redirect_bubble_reg[0]
    SLICE_X14Y38         LUT6 (Prop_lut6_I4_O)        0.332    29.292 f  soc_top_inst/mycpu_top_inst/VTop_inst/core/u_commit/u_csr/csr_pmpaddr0_r[63]_i_6/O
                         net (fo=68, routed)          1.011    30.302    soc_top_inst/mycpu_top_inst/VTop_inst/core/u_commit_n_568
    SLICE_X28Y46         LUT4 (Prop_lut4_I3_O)        0.124    30.426 f  soc_top_inst/mycpu_top_inst/VTop_inst/core/wb_r[is_instr_misalign]_i_2/O
                         net (fo=7, routed)           0.473    30.899    soc_top_inst/mycpu_top_inst/VTop_inst/core/mret_redirect
    SLICE_X28Y46         LUT2 (Prop_lut2_I0_O)        0.124    31.023 f  soc_top_inst/mycpu_top_inst/VTop_inst/core/fetch_redirect_bubble[0]_i_3/O
                         net (fo=70, routed)          0.769    31.792    soc_top_inst/mycpu_top_inst/VTop_inst/core/u_commit/p_8_in
    SLICE_X29Y54         LUT6 (Prop_lut6_I1_O)        0.124    31.916 r  soc_top_inst/mycpu_top_inst/VTop_inst/core/u_commit/ex_r[is_load]_i_2/O
                         net (fo=418, routed)         0.674    32.590    soc_top_inst/mycpu_top_inst/VTop_inst/core/u_commit/ex_r55_out
    SLICE_X32Y55         LUT5 (Prop_lut5_I0_O)        0.124    32.714 r  soc_top_inst/mycpu_top_inst/VTop_inst/core/u_commit/ex_r[is_load]_i_7/O
                         net (fo=1, routed)           0.564    33.278    soc_top_inst/mycpu_top_inst/VTop_inst/core/u_commit/ex_r[is_load]_i_7_n_0
    SLICE_X31Y55         LUT6 (Prop_lut6_I5_O)        0.124    33.402 r  soc_top_inst/mycpu_top_inst/VTop_inst/core/u_commit/ex_r[is_load]_i_1/O
                         net (fo=418, routed)         1.676    35.078    soc_top_inst/mycpu_top_inst/VTop_inst/core/ex_r
    SLICE_X6Y65          FDRE                                         r  soc_top_inst/mycpu_top_inst/VTop_inst/core/ex_r_reg[op2][60]/R
  -------------------------------------------------------------------    -------------------

                         (clock cpu_clk_clk_wiz_0 rise edge)
                                                     40.000    40.000 r  
    W5                   IBUF                         0.000    40.000 r  clk_IBUF_inst/O
                         net (fo=27, routed)          1.162    41.162    soc_top_inst/clk_wiz_0/inst/sys_clk
    MMCME2_ADV_X1Y0      MMCME2_ADV (Prop_mmcme2_adv_CLKIN1_CLKOUT0)
                                                     -7.217    33.944 r  soc_top_inst/clk_wiz_0/inst/mmcm_adv_inst/CLKOUT0
                         net (fo=1, routed)           1.581    35.526    soc_top_inst/clk_wiz_0/inst/cpu_clk_clk_wiz_0
    BUFGCTRL_X0Y0        BUFG (Prop_bufg_I_O)         0.091    35.617 r  soc_top_inst/clk_wiz_0/inst/clkout1_buf/O
                         net (fo=6623, routed)        1.501    37.117    soc_top_inst/mycpu_top_inst/VTop_inst/core/cpu_clk
    SLICE_X6Y65          FDRE                                         r  soc_top_inst/mycpu_top_inst/VTop_inst/core/ex_r_reg[op2][60]/C
                         clock pessimism              0.413    37.530    
                         clock uncertainty           -0.098    37.433    
    SLICE_X6Y65          FDRE (Setup_fdre_C_R)       -0.524    36.909    soc_top_inst/mycpu_top_inst/VTop_inst/core/ex_r_reg[op2][60]
  -------------------------------------------------------------------
                         required time                         36.909    
                         arrival time                         -35.078    
  -------------------------------------------------------------------
                         slack                                  1.831    

Slack (MET) :             1.833ns  (required time - arrival time)
  Source:                 soc_top_inst/mycpu_top_inst/VTop_inst/core/u_commit/u_csr/csr_pmpaddr0_r_reg[51]/C
                            (rising edge-triggered cell FDRE clocked by cpu_clk_clk_wiz_0  {rise@0.000ns fall@20.000ns period=40.000ns})
  Destination:            soc_top_inst/mycpu_top_inst/VTop_inst/core/ex_r_reg[op2][61]/R
                            (rising edge-triggered cell FDRE clocked by cpu_clk_clk_wiz_0  {rise@0.000ns fall@20.000ns period=40.000ns})
  Path Group:             cpu_clk_clk_wiz_0
  Path Type:              Setup (Max at Slow Process Corner)
  Requirement:            40.000ns  (cpu_clk_clk_wiz_0 rise@40.000ns - cpu_clk_clk_wiz_0 rise@0.000ns)
  Data Path Delay:        37.410ns  (logic 10.811ns (28.899%)  route 26.599ns (71.101%))
  Logic Levels:           54  (CARRY4=20 LUT2=4 LUT3=4 LUT4=4 LUT5=6 LUT6=16)
  Clock Path Skew:        -0.136ns (DCD - SCD + CPR)
    Destination Clock Delay (DCD):    -2.955ns = ( 37.045 - 40.000 ) 
    Source Clock Delay      (SCD):    -2.406ns
    Clock Pessimism Removal (CPR):    0.413ns
  Clock Uncertainty:      0.098ns  ((TSJ^2 + DJ^2)^1/2) / 2 + PE
    Total System Jitter     (TSJ):    0.071ns
    Discrete Jitter          (DJ):    0.182ns
    Phase Error              (PE):    0.000ns

    Location             Delay type                Incr(ns)  Path(ns)    Netlist Resource(s)
  -------------------------------------------------------------------    -------------------
                         (clock cpu_clk_clk_wiz_0 rise edge)
                                                      0.000     0.000 r  
    W5                   IBUF                         0.000     0.000 r  clk_IBUF_inst/O
                         net (fo=27, routed)          1.233     1.233    soc_top_inst/clk_wiz_0/inst/sys_clk
    MMCME2_ADV_X1Y0      MMCME2_ADV (Prop_mmcme2_adv_CLKIN1_CLKOUT0)
                                                     -6.961    -5.728 r  soc_top_inst/clk_wiz_0/inst/mmcm_adv_inst/CLKOUT0
                         net (fo=1, routed)           1.661    -4.066    soc_top_inst/clk_wiz_0/inst/cpu_clk_clk_wiz_0
    BUFGCTRL_X0Y0        BUFG (Prop_bufg_I_O)         0.096    -3.970 r  soc_top_inst/clk_wiz_0/inst/clkout1_buf/O
                         net (fo=6623, routed)        1.564    -2.406    soc_top_inst/mycpu_top_inst/VTop_inst/core/u_commit/u_csr/cpu_clk
    SLICE_X15Y36         FDRE                                         r  soc_top_inst/mycpu_top_inst/VTop_inst/core/u_commit/u_csr/csr_pmpaddr0_r_reg[51]/C
  -------------------------------------------------------------------    -------------------
    SLICE_X15Y36         FDRE (Prop_fdre_C_Q)         0.456    -1.950 r  soc_top_inst/mycpu_top_inst/VTop_inst/core/u_commit/u_csr/csr_pmpaddr0_r_reg[51]/Q
                         net (fo=21, routed)          1.300    -0.650    soc_top_inst/mycpu_top_inst/VTop_inst/core/u_commit/u_csr/csr_pmpaddr0_r_reg[55]_0[51]
    SLICE_X32Y34         LUT6 (Prop_lut6_I3_O)        0.124    -0.526 f  soc_top_inst/mycpu_top_inst/VTop_inst/core/u_commit/u_csr/dbg_cpu_valid_INST_0_i_1271/O
                         net (fo=1, routed)           0.564     0.038    soc_top_inst/mycpu_top_inst/VTop_inst/core/u_commit/u_csr/dbg_cpu_valid_INST_0_i_1271_n_0
    SLICE_X34Y34         LUT6 (Prop_lut6_I2_O)        0.124     0.162 f  soc_top_inst/mycpu_top_inst/VTop_inst/core/u_commit/u_csr/dbg_cpu_valid_INST_0_i_1268/O
                         net (fo=1, routed)           0.427     0.589    soc_top_inst/mycpu_top_inst/VTop_inst/core/u_commit/u_csr/dbg_cpu_valid_INST_0_i_1268_n_0
    SLICE_X34Y33         LUT6 (Prop_lut6_I2_O)        0.124     0.713 f  soc_top_inst/mycpu_top_inst/VTop_inst/core/u_commit/u_csr/dbg_cpu_valid_INST_0_i_1266/O
                         net (fo=1, routed)           0.550     1.264    soc_top_inst/mycpu_top_inst/VTop_inst/core/u_commit/u_csr/dbg_cpu_valid_INST_0_i_1266_n_0
    SLICE_X37Y31         LUT6 (Prop_lut6_I0_O)        0.124     1.388 f  soc_top_inst/mycpu_top_inst/VTop_inst/core/u_commit/u_csr/dbg_cpu_valid_INST_0_i_1222/O
                         net (fo=1, routed)           0.483     1.870    soc_top_inst/mycpu_top_inst/VTop_inst/core/u_commit/u_csr/dbg_cpu_valid_INST_0_i_1222_n_0
    SLICE_X38Y31         LUT6 (Prop_lut6_I2_O)        0.124     1.994 f  soc_top_inst/mycpu_top_inst/VTop_inst/core/u_commit/u_csr/dbg_cpu_valid_INST_0_i_1117/O
                         net (fo=1, routed)           0.466     2.460    soc_top_inst/mycpu_top_inst/VTop_inst/core/u_commit/u_csr/dbg_cpu_valid_INST_0_i_1117_n_0
    SLICE_X38Y31         LUT6 (Prop_lut6_I2_O)        0.124     2.584 f  soc_top_inst/mycpu_top_inst/VTop_inst/core/u_commit/u_csr/dbg_cpu_valid_INST_0_i_961/O
                         net (fo=1, routed)           0.305     2.890    soc_top_inst/mycpu_top_inst/VTop_inst/core/u_commit/u_csr/dbg_cpu_valid_INST_0_i_961_n_0
    SLICE_X40Y31         LUT6 (Prop_lut6_I2_O)        0.124     3.014 f  soc_top_inst/mycpu_top_inst/VTop_inst/core/u_commit/u_csr/dbg_cpu_valid_INST_0_i_792/O
                         net (fo=1, routed)           0.300     3.313    soc_top_inst/mycpu_top_inst/VTop_inst/core/u_commit/u_csr/dbg_cpu_valid_INST_0_i_792_n_0
    SLICE_X40Y32         LUT6 (Prop_lut6_I4_O)        0.124     3.437 f  soc_top_inst/mycpu_top_inst/VTop_inst/core/u_commit/u_csr/dbg_cpu_valid_INST_0_i_614/O
                         net (fo=16, routed)          0.865     4.302    soc_top_inst/mycpu_top_inst/VTop_inst/core/u_commit/u_csr/u_mmu/ones__0[1]
    SLICE_X40Y33         LUT3 (Prop_lut3_I2_O)        0.152     4.454 r  soc_top_inst/mycpu_top_inst/VTop_inst/core/u_commit/u_csr/dbg_cpu_valid_INST_0_i_441/O
                         net (fo=22, routed)          0.760     5.214    soc_top_inst/mycpu_top_inst/VTop_inst/core/u_commit/u_csr/dbg_cpu_valid_INST_0_i_441_n_0
    SLICE_X43Y31         LUT2 (Prop_lut2_I1_O)        0.326     5.540 r  soc_top_inst/mycpu_top_inst/VTop_inst/core/u_commit/u_csr/dbg_cpu_valid_INST_0_i_1233/O
                         net (fo=1, routed)           0.000     5.540    soc_top_inst/mycpu_top_inst/VTop_inst/core/u_commit/u_csr/dbg_cpu_valid_INST_0_i_1233_n_0
    SLICE_X43Y31         CARRY4 (Prop_carry4_S[0]_CO[3])
                                                      0.532     6.072 r  soc_top_inst/mycpu_top_inst/VTop_inst/core/u_commit/u_csr/dbg_cpu_valid_INST_0_i_1126/CO[3]
                         net (fo=1, routed)           0.000     6.072    soc_top_inst/mycpu_top_inst/VTop_inst/core/u_commit/u_csr/dbg_cpu_valid_INST_0_i_1126_n_0
    SLICE_X43Y32         CARRY4 (Prop_carry4_CI_CO[3])
                                                      0.114     6.186 r  soc_top_inst/mycpu_top_inst/VTop_inst/core/u_commit/u_csr/dbg_cpu_valid_INST_0_i_979/CO[3]
                         net (fo=1, routed)           0.000     6.186    soc_top_inst/mycpu_top_inst/VTop_inst/core/u_commit/u_csr/dbg_cpu_valid_INST_0_i_979_n_0
    SLICE_X43Y33         CARRY4 (Prop_carry4_CI_CO[3])
                                                      0.114     6.300 r  soc_top_inst/mycpu_top_inst/VTop_inst/core/u_commit/u_csr/dbg_cpu_valid_INST_0_i_810/CO[3]
                         net (fo=1, routed)           0.000     6.300    soc_top_inst/mycpu_top_inst/VTop_inst/core/u_commit/u_csr/dbg_cpu_valid_INST_0_i_810_n_0
    SLICE_X43Y34         CARRY4 (Prop_carry4_CI_CO[3])
                                                      0.114     6.414 r  soc_top_inst/mycpu_top_inst/VTop_inst/core/u_commit/u_csr/dbg_cpu_valid_INST_0_i_809/CO[3]
                         net (fo=1, routed)           0.000     6.414    soc_top_inst/mycpu_top_inst/VTop_inst/core/u_commit/u_csr/dbg_cpu_valid_INST_0_i_809_n_0
    SLICE_X43Y35         CARRY4 (Prop_carry4_CI_O[1])
                                                      0.334     6.748 r  soc_top_inst/mycpu_top_inst/VTop_inst/core/u_commit/u_csr/dbg_cpu_valid_INST_0_i_629/O[1]
                         net (fo=8, routed)           0.869     7.617    soc_top_inst/mycpu_top_inst/VTop_inst/core/u_commit/u_csr/dbg_cpu_valid_INST_0_i_826_0[1]
    SLICE_X41Y35         LUT4 (Prop_lut4_I0_O)        0.303     7.920 r  soc_top_inst/mycpu_top_inst/VTop_inst/core/u_commit/u_csr/dbg_cpu_valid_INST_0_i_956/O
                         net (fo=1, routed)           0.000     7.920    soc_top_inst/mycpu_top_inst/VTop_inst/core/u_commit/u_csr/dbg_cpu_valid_INST_0_i_956_n_0
    SLICE_X41Y35         CARRY4 (Prop_carry4_S[1]_CO[3])
                                                      0.550     8.470 r  soc_top_inst/mycpu_top_inst/VTop_inst/core/u_commit/u_csr/dbg_cpu_valid_INST_0_i_762/CO[3]
                         net (fo=1, routed)           0.000     8.470    soc_top_inst/mycpu_top_inst/VTop_inst/core/u_commit/u_csr/dbg_cpu_valid_INST_0_i_762_n_0
    SLICE_X41Y36         CARRY4 (Prop_carry4_CI_CO[3])
                                                      0.114     8.584 r  soc_top_inst/mycpu_top_inst/VTop_inst/core/u_commit/u_csr/dbg_cpu_valid_INST_0_i_761/CO[3]
                         net (fo=1, routed)           0.000     8.584    soc_top_inst/mycpu_top_inst/VTop_inst/core/u_commit/u_csr/dbg_cpu_valid_INST_0_i_761_n_0
    SLICE_X41Y37         CARRY4 (Prop_carry4_CI_CO[3])
                                                      0.114     8.698 r  soc_top_inst/mycpu_top_inst/VTop_inst/core/u_commit/u_csr/dbg_cpu_valid_INST_0_i_591/CO[3]
                         net (fo=1, routed)           0.000     8.698    soc_top_inst/mycpu_top_inst/VTop_inst/core/u_commit/u_csr/dbg_cpu_valid_INST_0_i_591_n_0
    SLICE_X41Y38         CARRY4 (Prop_carry4_CI_CO[3])
                                                      0.114     8.812 r  soc_top_inst/mycpu_top_inst/VTop_inst/core/u_commit/u_csr/dbg_cpu_valid_INST_0_i_590/CO[3]
                         net (fo=1, routed)           0.000     8.812    soc_top_inst/mycpu_top_inst/VTop_inst/core/u_commit/u_csr/dbg_cpu_valid_INST_0_i_590_n_0
    SLICE_X41Y39         CARRY4 (Prop_carry4_CI_CO[3])
                                                      0.114     8.926 r  soc_top_inst/mycpu_top_inst/VTop_inst/core/u_commit/u_csr/dbg_cpu_valid_INST_0_i_418/CO[3]
                         net (fo=1, routed)           0.000     8.926    soc_top_inst/mycpu_top_inst/VTop_inst/core/u_commit/u_csr/dbg_cpu_valid_INST_0_i_418_n_0
    SLICE_X41Y40         CARRY4 (Prop_carry4_CI_CO[3])
                                                      0.114     9.040 r  soc_top_inst/mycpu_top_inst/VTop_inst/core/u_commit/u_csr/dbg_cpu_valid_INST_0_i_417/CO[3]
                         net (fo=1, routed)           0.000     9.040    soc_top_inst/mycpu_top_inst/VTop_inst/core/u_commit/u_csr/dbg_cpu_valid_INST_0_i_417_n_0
    SLICE_X41Y41         CARRY4 (Prop_carry4_CI_CO[3])
                                                      0.114     9.154 r  soc_top_inst/mycpu_top_inst/VTop_inst/core/u_commit/u_csr/dbg_cpu_valid_INST_0_i_257/CO[3]
                         net (fo=1, routed)           0.000     9.154    soc_top_inst/mycpu_top_inst/VTop_inst/core/u_commit/u_csr/dbg_cpu_valid_INST_0_i_257_n_0
    SLICE_X41Y42         CARRY4 (Prop_carry4_CI_CO[3])
                                                      0.114     9.268 r  soc_top_inst/mycpu_top_inst/VTop_inst/core/u_commit/u_csr/dbg_cpu_valid_INST_0_i_256/CO[3]
                         net (fo=1, routed)           0.000     9.268    soc_top_inst/mycpu_top_inst/VTop_inst/core/u_commit/u_csr/dbg_cpu_valid_INST_0_i_256_n_0
    SLICE_X41Y43         CARRY4 (Prop_carry4_CI_CO[3])
                                                      0.114     9.382 r  soc_top_inst/mycpu_top_inst/VTop_inst/core/u_commit/u_csr/dbg_cpu_valid_INST_0_i_138/CO[3]
                         net (fo=1, routed)           0.000     9.382    soc_top_inst/mycpu_top_inst/VTop_inst/core/u_commit/u_csr/dbg_cpu_valid_INST_0_i_138_n_0
    SLICE_X41Y44         CARRY4 (Prop_carry4_CI_O[1])
                                                      0.334     9.716 r  soc_top_inst/mycpu_top_inst/VTop_inst/core/u_commit/u_csr/dbg_cpu_valid_INST_0_i_137/O[1]
                         net (fo=6, routed)           0.955    10.672    soc_top_inst/mycpu_top_inst/VTop_inst/core/u_commit/u_csr/dbg_cpu_valid_INST_0_i_137_n_6
    SLICE_X38Y42         LUT4 (Prop_lut4_I3_O)        0.303    10.975 r  soc_top_inst/mycpu_top_inst/VTop_inst/core/u_commit/u_csr/dbg_cpu_valid_INST_0_i_65/O
                         net (fo=1, routed)           0.000    10.975    soc_top_inst/mycpu_top_inst/VTop_inst/core/u_commit/u_csr/dbg_cpu_valid_INST_0_i_65_n_0
    SLICE_X38Y42         CARRY4 (Prop_carry4_S[1]_CO[3])
                                                      0.533    11.508 r  soc_top_inst/mycpu_top_inst/VTop_inst/core/u_commit/u_csr/dbg_cpu_valid_INST_0_i_27/CO[3]
                         net (fo=2, routed)           0.862    12.370    soc_top_inst/mycpu_top_inst/VTop_inst/core/u_commit/u_csr/u_mmu/pmp_entry_match11
    SLICE_X43Y44         LUT5 (Prop_lut5_I1_O)        0.119    12.489 r  soc_top_inst/mycpu_top_inst/VTop_inst/core/u_commit/u_csr/dbg_cpu_valid_INST_0_i_18/O
                         net (fo=1, routed)           0.307    12.796    soc_top_inst/mycpu_top_inst/VTop_inst/core/u_commit/u_csr/u_mmu/pmp_entry_match1_return
    SLICE_X44Y44         LUT6 (Prop_lut6_I3_O)        0.332    13.128 f  soc_top_inst/mycpu_top_inst/VTop_inst/core/u_commit/u_csr/dbg_cpu_valid_INST_0_i_7/O
                         net (fo=4, routed)           0.456    13.584    soc_top_inst/mycpu_top_inst/VTop_inst/core/u_commit/u_csr/dreq_out14_out
    SLICE_X44Y44         LUT6 (Prop_lut6_I3_O)        0.124    13.708 f  soc_top_inst/mycpu_top_inst/VTop_inst/core/u_commit/u_csr/dbg_cpu_valid_INST_0_i_2/O
                         net (fo=142, routed)         0.660    14.368    soc_top_inst/mycpu_top_inst/VTop_inst/icvt/inst/lock_select_reg[0]
    SLICE_X47Y40         LUT4 (Prop_lut4_I3_O)        0.124    14.492 f  soc_top_inst/mycpu_top_inst/VTop_inst/icvt/inst/lock_select[0]_i_2/O
                         net (fo=163, routed)         1.567    16.059    soc_top_inst/mycpu_top_inst/VTop_inst/u_mmu/any_valid1
    SLICE_X59Y42         LUT6 (Prop_lut6_I0_O)        0.124    16.183 f  soc_top_inst/mycpu_top_inst/VTop_inst/u_mmu/lock_req[addr][32]_i_1/O
                         net (fo=2, routed)           0.693    16.876    soc_top_inst/mycpu_top_inst/VTop_inst/mux/lock_req_reg[addr][63]_3[32]
    SLICE_X59Y42         LUT3 (Prop_lut3_I2_O)        0.150    17.026 f  soc_top_inst/mycpu_top_inst/VTop_inst/mux/uart_thr_write_req1_carry__1_i_7/O
                         net (fo=10, routed)          1.039    18.065    soc_top_inst/mycpu_top_inst/VTop_inst/mux/addr[32]
    SLICE_X54Y40         LUT2 (Prop_lut2_I0_O)        0.326    18.391 r  soc_top_inst/mycpu_top_inst/VTop_inst/mux/cpu_rmw_pending_strobe[3]_i_60/O
                         net (fo=1, routed)           0.000    18.391    soc_top_inst/mycpu_top_inst/VTop_inst/mux/cpu_rmw_pending_strobe[3]_i_60_n_0
    SLICE_X54Y40         CARRY4 (Prop_carry4_S[0]_CO[3])
                                                      0.513    18.904 r  soc_top_inst/mycpu_top_inst/VTop_inst/mux/cpu_rmw_pending_strobe_reg[3]_i_42/CO[3]
                         net (fo=1, routed)           0.000    18.904    soc_top_inst/mycpu_top_inst/VTop_inst/mux/cpu_rmw_pending_strobe_reg[3]_i_42_n_0
    SLICE_X54Y41         CARRY4 (Prop_carry4_CI_CO[3])
                                                      0.117    19.021 r  soc_top_inst/mycpu_top_inst/VTop_inst/mux/cpu_rmw_pending_strobe_reg[3]_i_28/CO[3]
                         net (fo=1, routed)           0.000    19.021    soc_top_inst/mycpu_top_inst/VTop_inst/mux/cpu_rmw_pending_strobe_reg[3]_i_28_n_0
    SLICE_X54Y42         CARRY4 (Prop_carry4_CI_CO[3])
                                                      0.117    19.138 r  soc_top_inst/mycpu_top_inst/VTop_inst/mux/cpu_rmw_pending_strobe_reg[3]_i_14/CO[3]
                         net (fo=1, routed)           0.000    19.138    soc_top_inst/mycpu_top_inst/VTop_inst/mux/cpu_rmw_pending_strobe_reg[3]_i_14_n_0
    SLICE_X54Y43         CARRY4 (Prop_carry4_CI_CO[3])
                                                      0.117    19.255 f  soc_top_inst/mycpu_top_inst/VTop_inst/mux/cpu_rmw_pending_strobe_reg[3]_i_4/CO[3]
                         net (fo=11, routed)          1.398    20.652    soc_top_inst/mycpu_top_inst/VTop_inst/mux/device_inst/is_disk_data_read0
    SLICE_X58Y42         LUT5 (Prop_lut5_I0_O)        0.152    20.804 r  soc_top_inst/mycpu_top_inst/VTop_inst/mux/gen_real_disk.disk_raddr_offset[2]_i_2/O
                         net (fo=6, routed)           0.600    21.404    soc_top_inst/device_inst/gen_real_disk.disk_read_pending_reg_0
    SLICE_X58Y44         LUT5 (Prop_lut5_I3_O)        0.332    21.736 r  soc_top_inst/device_inst/lock_select[0]_i_5/O
                         net (fo=2, routed)           0.911    22.647    soc_top_inst/bram_wrapper_inst/device_last
    SLICE_X56Y47         LUT3 (Prop_lut3_I2_O)        0.150    22.797 r  soc_top_inst/bram_wrapper_inst/lock_select[0]_i_4/O
                         net (fo=8, routed)           0.836    23.634    soc_top_inst/bram_wrapper_inst/last
    SLICE_X48Y47         LUT2 (Prop_lut2_I0_O)        0.348    23.982 f  soc_top_inst/bram_wrapper_inst/req_inflight_i_3__0/O
                         net (fo=3, routed)           0.513    24.494    soc_top_inst/mycpu_top_inst/VTop_inst/u_mmu/csr_mepc[62]_i_14_1
    SLICE_X48Y47         LUT5 (Prop_lut5_I2_O)        0.124    24.618 r  soc_top_inst/mycpu_top_inst/VTop_inst/u_mmu/csr_mepc[62]_i_21/O
                         net (fo=1, routed)           0.777    25.395    soc_top_inst/mycpu_top_inst/VTop_inst/u_mmu/csr_mepc[62]_i_21_n_0
    SLICE_X48Y44         LUT5 (Prop_lut5_I1_O)        0.124    25.519 r  soc_top_inst/mycpu_top_inst/VTop_inst/u_mmu/csr_mepc[62]_i_14/O
                         net (fo=9, routed)           0.737    26.256    soc_top_inst/mycpu_top_inst/VTop_inst/u_mmu/u_bit_fault_insn
    SLICE_X44Y48         LUT6 (Prop_lut6_I5_O)        0.124    26.380 r  soc_top_inst/mycpu_top_inst/VTop_inst/u_mmu/wb_r[is_instr_misalign]_i_10/O
                         net (fo=1, routed)           0.435    26.815    soc_top_inst/mycpu_top_inst/VTop_inst/u_mmu/wb_r[is_instr_misalign]_i_10_n_0
    SLICE_X42Y48         LUT6 (Prop_lut6_I5_O)        0.124    26.939 r  soc_top_inst/mycpu_top_inst/VTop_inst/u_mmu/wb_r[is_instr_misalign]_i_4/O
                         net (fo=6, routed)           0.861    27.801    soc_top_inst/mycpu_top_inst/VTop_inst/core/u_commit/u_csr/walk_fault
    SLICE_X32Y48         LUT3 (Prop_lut3_I0_O)        0.149    27.950 r  soc_top_inst/mycpu_top_inst/VTop_inst/core/u_commit/u_csr/csr_mstatus[63]_i_3/O
                         net (fo=97, routed)          1.010    28.960    soc_top_inst/mycpu_top_inst/VTop_inst/core/u_commit/u_csr/fetch_redirect_bubble_reg[0]
    SLICE_X14Y38         LUT6 (Prop_lut6_I4_O)        0.332    29.292 f  soc_top_inst/mycpu_top_inst/VTop_inst/core/u_commit/u_csr/csr_pmpaddr0_r[63]_i_6/O
                         net (fo=68, routed)          1.011    30.302    soc_top_inst/mycpu_top_inst/VTop_inst/core/u_commit_n_568
    SLICE_X28Y46         LUT4 (Prop_lut4_I3_O)        0.124    30.426 f  soc_top_inst/mycpu_top_inst/VTop_inst/core/wb_r[is_instr_misalign]_i_2/O
                         net (fo=7, routed)           0.473    30.899    soc_top_inst/mycpu_top_inst/VTop_inst/core/mret_redirect
    SLICE_X28Y46         LUT2 (Prop_lut2_I0_O)        0.124    31.023 f  soc_top_inst/mycpu_top_inst/VTop_inst/core/fetch_redirect_bubble[0]_i_3/O
                         net (fo=70, routed)          0.769    31.792    soc_top_inst/mycpu_top_inst/VTop_inst/core/u_commit/p_8_in
    SLICE_X29Y54         LUT6 (Prop_lut6_I1_O)        0.124    31.916 r  soc_top_inst/mycpu_top_inst/VTop_inst/core/u_commit/ex_r[is_load]_i_2/O
                         net (fo=418, routed)         0.674    32.590    soc_top_inst/mycpu_top_inst/VTop_inst/core/u_commit/ex_r55_out
    SLICE_X32Y55         LUT5 (Prop_lut5_I0_O)        0.124    32.714 r  soc_top_inst/mycpu_top_inst/VTop_inst/core/u_commit/ex_r[is_load]_i_7/O
                         net (fo=1, routed)           0.564    33.278    soc_top_inst/mycpu_top_inst/VTop_inst/core/u_commit/ex_r[is_load]_i_7_n_0
    SLICE_X31Y55         LUT6 (Prop_lut6_I5_O)        0.124    33.402 r  soc_top_inst/mycpu_top_inst/VTop_inst/core/u_commit/ex_r[is_load]_i_1/O
                         net (fo=418, routed)         1.602    35.004    soc_top_inst/mycpu_top_inst/VTop_inst/core/ex_r
    SLICE_X8Y69          FDRE                                         r  soc_top_inst/mycpu_top_inst/VTop_inst/core/ex_r_reg[op2][61]/R
  -------------------------------------------------------------------    -------------------

                         (clock cpu_clk_clk_wiz_0 rise edge)
                                                     40.000    40.000 r  
    W5                   IBUF                         0.000    40.000 r  clk_IBUF_inst/O
                         net (fo=27, routed)          1.162    41.162    soc_top_inst/clk_wiz_0/inst/sys_clk
    MMCME2_ADV_X1Y0      MMCME2_ADV (Prop_mmcme2_adv_CLKIN1_CLKOUT0)
                                                     -7.217    33.944 r  soc_top_inst/clk_wiz_0/inst/mmcm_adv_inst/CLKOUT0
                         net (fo=1, routed)           1.581    35.526    soc_top_inst/clk_wiz_0/inst/cpu_clk_clk_wiz_0
    BUFGCTRL_X0Y0        BUFG (Prop_bufg_I_O)         0.091    35.617 r  soc_top_inst/clk_wiz_0/inst/clkout1_buf/O
                         net (fo=6623, routed)        1.429    37.045    soc_top_inst/mycpu_top_inst/VTop_inst/core/cpu_clk
    SLICE_X8Y69          FDRE                                         r  soc_top_inst/mycpu_top_inst/VTop_inst/core/ex_r_reg[op2][61]/C
                         clock pessimism              0.413    37.458    
                         clock uncertainty           -0.098    37.361    
    SLICE_X8Y69          FDRE (Setup_fdre_C_R)       -0.524    36.837    soc_top_inst/mycpu_top_inst/VTop_inst/core/ex_r_reg[op2][61]
  -------------------------------------------------------------------
                         required time                         36.837    
                         arrival time                         -35.004    
  -------------------------------------------------------------------
                         slack                                  1.833    

Slack (MET) :             1.911ns  (required time - arrival time)
  Source:                 soc_top_inst/mycpu_top_inst/VTop_inst/core/u_commit/u_csr/csr_pmpaddr0_r_reg[51]/C
                            (rising edge-triggered cell FDRE clocked by cpu_clk_clk_wiz_0  {rise@0.000ns fall@20.000ns period=40.000ns})
  Destination:            soc_top_inst/mycpu_top_inst/VTop_inst/core/ex_r_reg[rs2_store][57]/R
                            (rising edge-triggered cell FDRE clocked by cpu_clk_clk_wiz_0  {rise@0.000ns fall@20.000ns period=40.000ns})
  Path Group:             cpu_clk_clk_wiz_0
  Path Type:              Setup (Max at Slow Process Corner)
  Requirement:            40.000ns  (cpu_clk_clk_wiz_0 rise@40.000ns - cpu_clk_clk_wiz_0 rise@0.000ns)
  Data Path Delay:        37.495ns  (logic 10.811ns (28.834%)  route 26.684ns (71.166%))
  Logic Levels:           54  (CARRY4=20 LUT2=4 LUT3=4 LUT4=4 LUT5=6 LUT6=16)
  Clock Path Skew:        -0.068ns (DCD - SCD + CPR)
    Destination Clock Delay (DCD):    -2.887ns = ( 37.113 - 40.000 ) 
    Source Clock Delay      (SCD):    -2.406ns
    Clock Pessimism Removal (CPR):    0.413ns
  Clock Uncertainty:      0.098ns  ((TSJ^2 + DJ^2)^1/2) / 2 + PE
    Total System Jitter     (TSJ):    0.071ns
    Discrete Jitter          (DJ):    0.182ns
    Phase Error              (PE):    0.000ns

    Location             Delay type                Incr(ns)  Path(ns)    Netlist Resource(s)
  -------------------------------------------------------------------    -------------------
                         (clock cpu_clk_clk_wiz_0 rise edge)
                                                      0.000     0.000 r  
    W5                   IBUF                         0.000     0.000 r  clk_IBUF_inst/O
                         net (fo=27, routed)          1.233     1.233    soc_top_inst/clk_wiz_0/inst/sys_clk
    MMCME2_ADV_X1Y0      MMCME2_ADV (Prop_mmcme2_adv_CLKIN1_CLKOUT0)
                                                     -6.961    -5.728 r  soc_top_inst/clk_wiz_0/inst/mmcm_adv_inst/CLKOUT0
                         net (fo=1, routed)           1.661    -4.066    soc_top_inst/clk_wiz_0/inst/cpu_clk_clk_wiz_0
    BUFGCTRL_X0Y0        BUFG (Prop_bufg_I_O)         0.096    -3.970 r  soc_top_inst/clk_wiz_0/inst/clkout1_buf/O
                         net (fo=6623, routed)        1.564    -2.406    soc_top_inst/mycpu_top_inst/VTop_inst/core/u_commit/u_csr/cpu_clk
    SLICE_X15Y36         FDRE                                         r  soc_top_inst/mycpu_top_inst/VTop_inst/core/u_commit/u_csr/csr_pmpaddr0_r_reg[51]/C
  -------------------------------------------------------------------    -------------------
    SLICE_X15Y36         FDRE (Prop_fdre_C_Q)         0.456    -1.950 r  soc_top_inst/mycpu_top_inst/VTop_inst/core/u_commit/u_csr/csr_pmpaddr0_r_reg[51]/Q
                         net (fo=21, routed)          1.300    -0.650    soc_top_inst/mycpu_top_inst/VTop_inst/core/u_commit/u_csr/csr_pmpaddr0_r_reg[55]_0[51]
    SLICE_X32Y34         LUT6 (Prop_lut6_I3_O)        0.124    -0.526 f  soc_top_inst/mycpu_top_inst/VTop_inst/core/u_commit/u_csr/dbg_cpu_valid_INST_0_i_1271/O
                         net (fo=1, routed)           0.564     0.038    soc_top_inst/mycpu_top_inst/VTop_inst/core/u_commit/u_csr/dbg_cpu_valid_INST_0_i_1271_n_0
    SLICE_X34Y34         LUT6 (Prop_lut6_I2_O)        0.124     0.162 f  soc_top_inst/mycpu_top_inst/VTop_inst/core/u_commit/u_csr/dbg_cpu_valid_INST_0_i_1268/O
                         net (fo=1, routed)           0.427     0.589    soc_top_inst/mycpu_top_inst/VTop_inst/core/u_commit/u_csr/dbg_cpu_valid_INST_0_i_1268_n_0
    SLICE_X34Y33         LUT6 (Prop_lut6_I2_O)        0.124     0.713 f  soc_top_inst/mycpu_top_inst/VTop_inst/core/u_commit/u_csr/dbg_cpu_valid_INST_0_i_1266/O
                         net (fo=1, routed)           0.550     1.264    soc_top_inst/mycpu_top_inst/VTop_inst/core/u_commit/u_csr/dbg_cpu_valid_INST_0_i_1266_n_0
    SLICE_X37Y31         LUT6 (Prop_lut6_I0_O)        0.124     1.388 f  soc_top_inst/mycpu_top_inst/VTop_inst/core/u_commit/u_csr/dbg_cpu_valid_INST_0_i_1222/O
                         net (fo=1, routed)           0.483     1.870    soc_top_inst/mycpu_top_inst/VTop_inst/core/u_commit/u_csr/dbg_cpu_valid_INST_0_i_1222_n_0
    SLICE_X38Y31         LUT6 (Prop_lut6_I2_O)        0.124     1.994 f  soc_top_inst/mycpu_top_inst/VTop_inst/core/u_commit/u_csr/dbg_cpu_valid_INST_0_i_1117/O
                         net (fo=1, routed)           0.466     2.460    soc_top_inst/mycpu_top_inst/VTop_inst/core/u_commit/u_csr/dbg_cpu_valid_INST_0_i_1117_n_0
    SLICE_X38Y31         LUT6 (Prop_lut6_I2_O)        0.124     2.584 f  soc_top_inst/mycpu_top_inst/VTop_inst/core/u_commit/u_csr/dbg_cpu_valid_INST_0_i_961/O
                         net (fo=1, routed)           0.305     2.890    soc_top_inst/mycpu_top_inst/VTop_inst/core/u_commit/u_csr/dbg_cpu_valid_INST_0_i_961_n_0
    SLICE_X40Y31         LUT6 (Prop_lut6_I2_O)        0.124     3.014 f  soc_top_inst/mycpu_top_inst/VTop_inst/core/u_commit/u_csr/dbg_cpu_valid_INST_0_i_792/O
                         net (fo=1, routed)           0.300     3.313    soc_top_inst/mycpu_top_inst/VTop_inst/core/u_commit/u_csr/dbg_cpu_valid_INST_0_i_792_n_0
    SLICE_X40Y32         LUT6 (Prop_lut6_I4_O)        0.124     3.437 f  soc_top_inst/mycpu_top_inst/VTop_inst/core/u_commit/u_csr/dbg_cpu_valid_INST_0_i_614/O
                         net (fo=16, routed)          0.865     4.302    soc_top_inst/mycpu_top_inst/VTop_inst/core/u_commit/u_csr/u_mmu/ones__0[1]
    SLICE_X40Y33         LUT3 (Prop_lut3_I2_O)        0.152     4.454 r  soc_top_inst/mycpu_top_inst/VTop_inst/core/u_commit/u_csr/dbg_cpu_valid_INST_0_i_441/O
                         net (fo=22, routed)          0.760     5.214    soc_top_inst/mycpu_top_inst/VTop_inst/core/u_commit/u_csr/dbg_cpu_valid_INST_0_i_441_n_0
    SLICE_X43Y31         LUT2 (Prop_lut2_I1_O)        0.326     5.540 r  soc_top_inst/mycpu_top_inst/VTop_inst/core/u_commit/u_csr/dbg_cpu_valid_INST_0_i_1233/O
                         net (fo=1, routed)           0.000     5.540    soc_top_inst/mycpu_top_inst/VTop_inst/core/u_commit/u_csr/dbg_cpu_valid_INST_0_i_1233_n_0
    SLICE_X43Y31         CARRY4 (Prop_carry4_S[0]_CO[3])
                                                      0.532     6.072 r  soc_top_inst/mycpu_top_inst/VTop_inst/core/u_commit/u_csr/dbg_cpu_valid_INST_0_i_1126/CO[3]
                         net (fo=1, routed)           0.000     6.072    soc_top_inst/mycpu_top_inst/VTop_inst/core/u_commit/u_csr/dbg_cpu_valid_INST_0_i_1126_n_0
    SLICE_X43Y32         CARRY4 (Prop_carry4_CI_CO[3])
                                                      0.114     6.186 r  soc_top_inst/mycpu_top_inst/VTop_inst/core/u_commit/u_csr/dbg_cpu_valid_INST_0_i_979/CO[3]
                         net (fo=1, routed)           0.000     6.186    soc_top_inst/mycpu_top_inst/VTop_inst/core/u_commit/u_csr/dbg_cpu_valid_INST_0_i_979_n_0
    SLICE_X43Y33         CARRY4 (Prop_carry4_CI_CO[3])
                                                      0.114     6.300 r  soc_top_inst/mycpu_top_inst/VTop_inst/core/u_commit/u_csr/dbg_cpu_valid_INST_0_i_810/CO[3]
                         net (fo=1, routed)           0.000     6.300    soc_top_inst/mycpu_top_inst/VTop_inst/core/u_commit/u_csr/dbg_cpu_valid_INST_0_i_810_n_0
    SLICE_X43Y34         CARRY4 (Prop_carry4_CI_CO[3])
                                                      0.114     6.414 r  soc_top_inst/mycpu_top_inst/VTop_inst/core/u_commit/u_csr/dbg_cpu_valid_INST_0_i_809/CO[3]
                         net (fo=1, routed)           0.000     6.414    soc_top_inst/mycpu_top_inst/VTop_inst/core/u_commit/u_csr/dbg_cpu_valid_INST_0_i_809_n_0
    SLICE_X43Y35         CARRY4 (Prop_carry4_CI_O[1])
                                                      0.334     6.748 r  soc_top_inst/mycpu_top_inst/VTop_inst/core/u_commit/u_csr/dbg_cpu_valid_INST_0_i_629/O[1]
                         net (fo=8, routed)           0.869     7.617    soc_top_inst/mycpu_top_inst/VTop_inst/core/u_commit/u_csr/dbg_cpu_valid_INST_0_i_826_0[1]
    SLICE_X41Y35         LUT4 (Prop_lut4_I0_O)        0.303     7.920 r  soc_top_inst/mycpu_top_inst/VTop_inst/core/u_commit/u_csr/dbg_cpu_valid_INST_0_i_956/O
                         net (fo=1, routed)           0.000     7.920    soc_top_inst/mycpu_top_inst/VTop_inst/core/u_commit/u_csr/dbg_cpu_valid_INST_0_i_956_n_0
    SLICE_X41Y35         CARRY4 (Prop_carry4_S[1]_CO[3])
                                                      0.550     8.470 r  soc_top_inst/mycpu_top_inst/VTop_inst/core/u_commit/u_csr/dbg_cpu_valid_INST_0_i_762/CO[3]
                         net (fo=1, routed)           0.000     8.470    soc_top_inst/mycpu_top_inst/VTop_inst/core/u_commit/u_csr/dbg_cpu_valid_INST_0_i_762_n_0
    SLICE_X41Y36         CARRY4 (Prop_carry4_CI_CO[3])
                                                      0.114     8.584 r  soc_top_inst/mycpu_top_inst/VTop_inst/core/u_commit/u_csr/dbg_cpu_valid_INST_0_i_761/CO[3]
                         net (fo=1, routed)           0.000     8.584    soc_top_inst/mycpu_top_inst/VTop_inst/core/u_commit/u_csr/dbg_cpu_valid_INST_0_i_761_n_0
    SLICE_X41Y37         CARRY4 (Prop_carry4_CI_CO[3])
                                                      0.114     8.698 r  soc_top_inst/mycpu_top_inst/VTop_inst/core/u_commit/u_csr/dbg_cpu_valid_INST_0_i_591/CO[3]
                         net (fo=1, routed)           0.000     8.698    soc_top_inst/mycpu_top_inst/VTop_inst/core/u_commit/u_csr/dbg_cpu_valid_INST_0_i_591_n_0
    SLICE_X41Y38         CARRY4 (Prop_carry4_CI_CO[3])
                                                      0.114     8.812 r  soc_top_inst/mycpu_top_inst/VTop_inst/core/u_commit/u_csr/dbg_cpu_valid_INST_0_i_590/CO[3]
                         net (fo=1, routed)           0.000     8.812    soc_top_inst/mycpu_top_inst/VTop_inst/core/u_commit/u_csr/dbg_cpu_valid_INST_0_i_590_n_0
    SLICE_X41Y39         CARRY4 (Prop_carry4_CI_CO[3])
                                                      0.114     8.926 r  soc_top_inst/mycpu_top_inst/VTop_inst/core/u_commit/u_csr/dbg_cpu_valid_INST_0_i_418/CO[3]
                         net (fo=1, routed)           0.000     8.926    soc_top_inst/mycpu_top_inst/VTop_inst/core/u_commit/u_csr/dbg_cpu_valid_INST_0_i_418_n_0
    SLICE_X41Y40         CARRY4 (Prop_carry4_CI_CO[3])
                                                      0.114     9.040 r  soc_top_inst/mycpu_top_inst/VTop_inst/core/u_commit/u_csr/dbg_cpu_valid_INST_0_i_417/CO[3]
                         net (fo=1, routed)           0.000     9.040    soc_top_inst/mycpu_top_inst/VTop_inst/core/u_commit/u_csr/dbg_cpu_valid_INST_0_i_417_n_0
    SLICE_X41Y41         CARRY4 (Prop_carry4_CI_CO[3])
                                                      0.114     9.154 r  soc_top_inst/mycpu_top_inst/VTop_inst/core/u_commit/u_csr/dbg_cpu_valid_INST_0_i_257/CO[3]
                         net (fo=1, routed)           0.000     9.154    soc_top_inst/mycpu_top_inst/VTop_inst/core/u_commit/u_csr/dbg_cpu_valid_INST_0_i_257_n_0
    SLICE_X41Y42         CARRY4 (Prop_carry4_CI_CO[3])
                                                      0.114     9.268 r  soc_top_inst/mycpu_top_inst/VTop_inst/core/u_commit/u_csr/dbg_cpu_valid_INST_0_i_256/CO[3]
                         net (fo=1, routed)           0.000     9.268    soc_top_inst/mycpu_top_inst/VTop_inst/core/u_commit/u_csr/dbg_cpu_valid_INST_0_i_256_n_0
    SLICE_X41Y43         CARRY4 (Prop_carry4_CI_CO[3])
                                                      0.114     9.382 r  soc_top_inst/mycpu_top_inst/VTop_inst/core/u_commit/u_csr/dbg_cpu_valid_INST_0_i_138/CO[3]
                         net (fo=1, routed)           0.000     9.382    soc_top_inst/mycpu_top_inst/VTop_inst/core/u_commit/u_csr/dbg_cpu_valid_INST_0_i_138_n_0
    SLICE_X41Y44         CARRY4 (Prop_carry4_CI_O[1])
                                                      0.334     9.716 r  soc_top_inst/mycpu_top_inst/VTop_inst/core/u_commit/u_csr/dbg_cpu_valid_INST_0_i_137/O[1]
                         net (fo=6, routed)           0.955    10.672    soc_top_inst/mycpu_top_inst/VTop_inst/core/u_commit/u_csr/dbg_cpu_valid_INST_0_i_137_n_6
    SLICE_X38Y42         LUT4 (Prop_lut4_I3_O)        0.303    10.975 r  soc_top_inst/mycpu_top_inst/VTop_inst/core/u_commit/u_csr/dbg_cpu_valid_INST_0_i_65/O
                         net (fo=1, routed)           0.000    10.975    soc_top_inst/mycpu_top_inst/VTop_inst/core/u_commit/u_csr/dbg_cpu_valid_INST_0_i_65_n_0
    SLICE_X38Y42         CARRY4 (Prop_carry4_S[1]_CO[3])
                                                      0.533    11.508 r  soc_top_inst/mycpu_top_inst/VTop_inst/core/u_commit/u_csr/dbg_cpu_valid_INST_0_i_27/CO[3]
                         net (fo=2, routed)           0.862    12.370    soc_top_inst/mycpu_top_inst/VTop_inst/core/u_commit/u_csr/u_mmu/pmp_entry_match11
    SLICE_X43Y44         LUT5 (Prop_lut5_I1_O)        0.119    12.489 r  soc_top_inst/mycpu_top_inst/VTop_inst/core/u_commit/u_csr/dbg_cpu_valid_INST_0_i_18/O
                         net (fo=1, routed)           0.307    12.796    soc_top_inst/mycpu_top_inst/VTop_inst/core/u_commit/u_csr/u_mmu/pmp_entry_match1_return
    SLICE_X44Y44         LUT6 (Prop_lut6_I3_O)        0.332    13.128 f  soc_top_inst/mycpu_top_inst/VTop_inst/core/u_commit/u_csr/dbg_cpu_valid_INST_0_i_7/O
                         net (fo=4, routed)           0.456    13.584    soc_top_inst/mycpu_top_inst/VTop_inst/core/u_commit/u_csr/dreq_out14_out
    SLICE_X44Y44         LUT6 (Prop_lut6_I3_O)        0.124    13.708 f  soc_top_inst/mycpu_top_inst/VTop_inst/core/u_commit/u_csr/dbg_cpu_valid_INST_0_i_2/O
                         net (fo=142, routed)         0.660    14.368    soc_top_inst/mycpu_top_inst/VTop_inst/icvt/inst/lock_select_reg[0]
    SLICE_X47Y40         LUT4 (Prop_lut4_I3_O)        0.124    14.492 f  soc_top_inst/mycpu_top_inst/VTop_inst/icvt/inst/lock_select[0]_i_2/O
                         net (fo=163, routed)         1.567    16.059    soc_top_inst/mycpu_top_inst/VTop_inst/u_mmu/any_valid1
    SLICE_X59Y42         LUT6 (Prop_lut6_I0_O)        0.124    16.183 f  soc_top_inst/mycpu_top_inst/VTop_inst/u_mmu/lock_req[addr][32]_i_1/O
                         net (fo=2, routed)           0.693    16.876    soc_top_inst/mycpu_top_inst/VTop_inst/mux/lock_req_reg[addr][63]_3[32]
    SLICE_X59Y42         LUT3 (Prop_lut3_I2_O)        0.150    17.026 f  soc_top_inst/mycpu_top_inst/VTop_inst/mux/uart_thr_write_req1_carry__1_i_7/O
                         net (fo=10, routed)          1.039    18.065    soc_top_inst/mycpu_top_inst/VTop_inst/mux/addr[32]
    SLICE_X54Y40         LUT2 (Prop_lut2_I0_O)        0.326    18.391 r  soc_top_inst/mycpu_top_inst/VTop_inst/mux/cpu_rmw_pending_strobe[3]_i_60/O
                         net (fo=1, routed)           0.000    18.391    soc_top_inst/mycpu_top_inst/VTop_inst/mux/cpu_rmw_pending_strobe[3]_i_60_n_0
    SLICE_X54Y40         CARRY4 (Prop_carry4_S[0]_CO[3])
                                                      0.513    18.904 r  soc_top_inst/mycpu_top_inst/VTop_inst/mux/cpu_rmw_pending_strobe_reg[3]_i_42/CO[3]
                         net (fo=1, routed)           0.000    18.904    soc_top_inst/mycpu_top_inst/VTop_inst/mux/cpu_rmw_pending_strobe_reg[3]_i_42_n_0
    SLICE_X54Y41         CARRY4 (Prop_carry4_CI_CO[3])
                                                      0.117    19.021 r  soc_top_inst/mycpu_top_inst/VTop_inst/mux/cpu_rmw_pending_strobe_reg[3]_i_28/CO[3]
                         net (fo=1, routed)           0.000    19.021    soc_top_inst/mycpu_top_inst/VTop_inst/mux/cpu_rmw_pending_strobe_reg[3]_i_28_n_0
    SLICE_X54Y42         CARRY4 (Prop_carry4_CI_CO[3])
                                                      0.117    19.138 r  soc_top_inst/mycpu_top_inst/VTop_inst/mux/cpu_rmw_pending_strobe_reg[3]_i_14/CO[3]
                         net (fo=1, routed)           0.000    19.138    soc_top_inst/mycpu_top_inst/VTop_inst/mux/cpu_rmw_pending_strobe_reg[3]_i_14_n_0
    SLICE_X54Y43         CARRY4 (Prop_carry4_CI_CO[3])
                                                      0.117    19.255 f  soc_top_inst/mycpu_top_inst/VTop_inst/mux/cpu_rmw_pending_strobe_reg[3]_i_4/CO[3]
                         net (fo=11, routed)          1.398    20.652    soc_top_inst/mycpu_top_inst/VTop_inst/mux/device_inst/is_disk_data_read0
    SLICE_X58Y42         LUT5 (Prop_lut5_I0_O)        0.152    20.804 r  soc_top_inst/mycpu_top_inst/VTop_inst/mux/gen_real_disk.disk_raddr_offset[2]_i_2/O
                         net (fo=6, routed)           0.600    21.404    soc_top_inst/device_inst/gen_real_disk.disk_read_pending_reg_0
    SLICE_X58Y44         LUT5 (Prop_lut5_I3_O)        0.332    21.736 r  soc_top_inst/device_inst/lock_select[0]_i_5/O
                         net (fo=2, routed)           0.911    22.647    soc_top_inst/bram_wrapper_inst/device_last
    SLICE_X56Y47         LUT3 (Prop_lut3_I2_O)        0.150    22.797 r  soc_top_inst/bram_wrapper_inst/lock_select[0]_i_4/O
                         net (fo=8, routed)           0.836    23.634    soc_top_inst/bram_wrapper_inst/last
    SLICE_X48Y47         LUT2 (Prop_lut2_I0_O)        0.348    23.982 f  soc_top_inst/bram_wrapper_inst/req_inflight_i_3__0/O
                         net (fo=3, routed)           0.513    24.494    soc_top_inst/mycpu_top_inst/VTop_inst/u_mmu/csr_mepc[62]_i_14_1
    SLICE_X48Y47         LUT5 (Prop_lut5_I2_O)        0.124    24.618 r  soc_top_inst/mycpu_top_inst/VTop_inst/u_mmu/csr_mepc[62]_i_21/O
                         net (fo=1, routed)           0.777    25.395    soc_top_inst/mycpu_top_inst/VTop_inst/u_mmu/csr_mepc[62]_i_21_n_0
    SLICE_X48Y44         LUT5 (Prop_lut5_I1_O)        0.124    25.519 r  soc_top_inst/mycpu_top_inst/VTop_inst/u_mmu/csr_mepc[62]_i_14/O
                         net (fo=9, routed)           0.737    26.256    soc_top_inst/mycpu_top_inst/VTop_inst/u_mmu/u_bit_fault_insn
    SLICE_X44Y48         LUT6 (Prop_lut6_I5_O)        0.124    26.380 r  soc_top_inst/mycpu_top_inst/VTop_inst/u_mmu/wb_r[is_instr_misalign]_i_10/O
                         net (fo=1, routed)           0.435    26.815    soc_top_inst/mycpu_top_inst/VTop_inst/u_mmu/wb_r[is_instr_misalign]_i_10_n_0
    SLICE_X42Y48         LUT6 (Prop_lut6_I5_O)        0.124    26.939 r  soc_top_inst/mycpu_top_inst/VTop_inst/u_mmu/wb_r[is_instr_misalign]_i_4/O
                         net (fo=6, routed)           0.861    27.801    soc_top_inst/mycpu_top_inst/VTop_inst/core/u_commit/u_csr/walk_fault
    SLICE_X32Y48         LUT3 (Prop_lut3_I0_O)        0.149    27.950 r  soc_top_inst/mycpu_top_inst/VTop_inst/core/u_commit/u_csr/csr_mstatus[63]_i_3/O
                         net (fo=97, routed)          1.010    28.960    soc_top_inst/mycpu_top_inst/VTop_inst/core/u_commit/u_csr/fetch_redirect_bubble_reg[0]
    SLICE_X14Y38         LUT6 (Prop_lut6_I4_O)        0.332    29.292 f  soc_top_inst/mycpu_top_inst/VTop_inst/core/u_commit/u_csr/csr_pmpaddr0_r[63]_i_6/O
                         net (fo=68, routed)          1.011    30.302    soc_top_inst/mycpu_top_inst/VTop_inst/core/u_commit_n_568
    SLICE_X28Y46         LUT4 (Prop_lut4_I3_O)        0.124    30.426 f  soc_top_inst/mycpu_top_inst/VTop_inst/core/wb_r[is_instr_misalign]_i_2/O
                         net (fo=7, routed)           0.473    30.899    soc_top_inst/mycpu_top_inst/VTop_inst/core/mret_redirect
    SLICE_X28Y46         LUT2 (Prop_lut2_I0_O)        0.124    31.023 f  soc_top_inst/mycpu_top_inst/VTop_inst/core/fetch_redirect_bubble[0]_i_3/O
                         net (fo=70, routed)          0.769    31.792    soc_top_inst/mycpu_top_inst/VTop_inst/core/u_commit/p_8_in
    SLICE_X29Y54         LUT6 (Prop_lut6_I1_O)        0.124    31.916 r  soc_top_inst/mycpu_top_inst/VTop_inst/core/u_commit/ex_r[is_load]_i_2/O
                         net (fo=418, routed)         0.674    32.590    soc_top_inst/mycpu_top_inst/VTop_inst/core/u_commit/ex_r55_out
    SLICE_X32Y55         LUT5 (Prop_lut5_I0_O)        0.124    32.714 r  soc_top_inst/mycpu_top_inst/VTop_inst/core/u_commit/ex_r[is_load]_i_7/O
                         net (fo=1, routed)           0.564    33.278    soc_top_inst/mycpu_top_inst/VTop_inst/core/u_commit/ex_r[is_load]_i_7_n_0
    SLICE_X31Y55         LUT6 (Prop_lut6_I5_O)        0.124    33.402 r  soc_top_inst/mycpu_top_inst/VTop_inst/core/u_commit/ex_r[is_load]_i_1/O
                         net (fo=418, routed)         1.687    35.089    soc_top_inst/mycpu_top_inst/VTop_inst/core/ex_r
    SLICE_X7Y68          FDRE                                         r  soc_top_inst/mycpu_top_inst/VTop_inst/core/ex_r_reg[rs2_store][57]/R
  -------------------------------------------------------------------    -------------------

                         (clock cpu_clk_clk_wiz_0 rise edge)
                                                     40.000    40.000 r  
    W5                   IBUF                         0.000    40.000 r  clk_IBUF_inst/O
                         net (fo=27, routed)          1.162    41.162    soc_top_inst/clk_wiz_0/inst/sys_clk
    MMCME2_ADV_X1Y0      MMCME2_ADV (Prop_mmcme2_adv_CLKIN1_CLKOUT0)
                                                     -7.217    33.944 r  soc_top_inst/clk_wiz_0/inst/mmcm_adv_inst/CLKOUT0
                         net (fo=1, routed)           1.581    35.526    soc_top_inst/clk_wiz_0/inst/cpu_clk_clk_wiz_0
    BUFGCTRL_X0Y0        BUFG (Prop_bufg_I_O)         0.091    35.617 r  soc_top_inst/clk_wiz_0/inst/clkout1_buf/O
                         net (fo=6623, routed)        1.497    37.113    soc_top_inst/mycpu_top_inst/VTop_inst/core/cpu_clk
    SLICE_X7Y68          FDRE                                         r  soc_top_inst/mycpu_top_inst/VTop_inst/core/ex_r_reg[rs2_store][57]/C
                         clock pessimism              0.413    37.526    
                         clock uncertainty           -0.098    37.429    
    SLICE_X7Y68          FDRE (Setup_fdre_C_R)       -0.429    37.000    soc_top_inst/mycpu_top_inst/VTop_inst/core/ex_r_reg[rs2_store][57]
  -------------------------------------------------------------------
                         required time                         37.000    
                         arrival time                         -35.089    
  -------------------------------------------------------------------
                         slack                                  1.911    

Slack (MET) :             1.915ns  (required time - arrival time)
  Source:                 soc_top_inst/mycpu_top_inst/VTop_inst/core/u_commit/u_csr/csr_pmpaddr0_r_reg[51]/C
                            (rising edge-triggered cell FDRE clocked by cpu_clk_clk_wiz_0  {rise@0.000ns fall@20.000ns period=40.000ns})
  Destination:            soc_top_inst/mycpu_top_inst/VTop_inst/core/ex_r_reg[op2][59]/R
                            (rising edge-triggered cell FDRE clocked by cpu_clk_clk_wiz_0  {rise@0.000ns fall@20.000ns period=40.000ns})
  Path Group:             cpu_clk_clk_wiz_0
  Path Type:              Setup (Max at Slow Process Corner)
  Requirement:            40.000ns  (cpu_clk_clk_wiz_0 rise@40.000ns - cpu_clk_clk_wiz_0 rise@0.000ns)
  Data Path Delay:        37.490ns  (logic 10.811ns (28.837%)  route 26.679ns (71.163%))
  Logic Levels:           54  (CARRY4=20 LUT2=4 LUT3=4 LUT4=4 LUT5=6 LUT6=16)
  Clock Path Skew:        -0.069ns (DCD - SCD + CPR)
    Destination Clock Delay (DCD):    -2.888ns = ( 37.112 - 40.000 ) 
    Source Clock Delay      (SCD):    -2.406ns
    Clock Pessimism Removal (CPR):    0.413ns
  Clock Uncertainty:      0.098ns  ((TSJ^2 + DJ^2)^1/2) / 2 + PE
    Total System Jitter     (TSJ):    0.071ns
    Discrete Jitter          (DJ):    0.182ns
    Phase Error              (PE):    0.000ns

    Location             Delay type                Incr(ns)  Path(ns)    Netlist Resource(s)
  -------------------------------------------------------------------    -------------------
                         (clock cpu_clk_clk_wiz_0 rise edge)
                                                      0.000     0.000 r  
    W5                   IBUF                         0.000     0.000 r  clk_IBUF_inst/O
                         net (fo=27, routed)          1.233     1.233    soc_top_inst/clk_wiz_0/inst/sys_clk
    MMCME2_ADV_X1Y0      MMCME2_ADV (Prop_mmcme2_adv_CLKIN1_CLKOUT0)
                                                     -6.961    -5.728 r  soc_top_inst/clk_wiz_0/inst/mmcm_adv_inst/CLKOUT0
                         net (fo=1, routed)           1.661    -4.066    soc_top_inst/clk_wiz_0/inst/cpu_clk_clk_wiz_0
    BUFGCTRL_X0Y0        BUFG (Prop_bufg_I_O)         0.096    -3.970 r  soc_top_inst/clk_wiz_0/inst/clkout1_buf/O
                         net (fo=6623, routed)        1.564    -2.406    soc_top_inst/mycpu_top_inst/VTop_inst/core/u_commit/u_csr/cpu_clk
    SLICE_X15Y36         FDRE                                         r  soc_top_inst/mycpu_top_inst/VTop_inst/core/u_commit/u_csr/csr_pmpaddr0_r_reg[51]/C
  -------------------------------------------------------------------    -------------------
    SLICE_X15Y36         FDRE (Prop_fdre_C_Q)         0.456    -1.950 r  soc_top_inst/mycpu_top_inst/VTop_inst/core/u_commit/u_csr/csr_pmpaddr0_r_reg[51]/Q
                         net (fo=21, routed)          1.300    -0.650    soc_top_inst/mycpu_top_inst/VTop_inst/core/u_commit/u_csr/csr_pmpaddr0_r_reg[55]_0[51]
    SLICE_X32Y34         LUT6 (Prop_lut6_I3_O)        0.124    -0.526 f  soc_top_inst/mycpu_top_inst/VTop_inst/core/u_commit/u_csr/dbg_cpu_valid_INST_0_i_1271/O
                         net (fo=1, routed)           0.564     0.038    soc_top_inst/mycpu_top_inst/VTop_inst/core/u_commit/u_csr/dbg_cpu_valid_INST_0_i_1271_n_0
    SLICE_X34Y34         LUT6 (Prop_lut6_I2_O)        0.124     0.162 f  soc_top_inst/mycpu_top_inst/VTop_inst/core/u_commit/u_csr/dbg_cpu_valid_INST_0_i_1268/O
                         net (fo=1, routed)           0.427     0.589    soc_top_inst/mycpu_top_inst/VTop_inst/core/u_commit/u_csr/dbg_cpu_valid_INST_0_i_1268_n_0
    SLICE_X34Y33         LUT6 (Prop_lut6_I2_O)        0.124     0.713 f  soc_top_inst/mycpu_top_inst/VTop_inst/core/u_commit/u_csr/dbg_cpu_valid_INST_0_i_1266/O
                         net (fo=1, routed)           0.550     1.264    soc_top_inst/mycpu_top_inst/VTop_inst/core/u_commit/u_csr/dbg_cpu_valid_INST_0_i_1266_n_0
    SLICE_X37Y31         LUT6 (Prop_lut6_I0_O)        0.124     1.388 f  soc_top_inst/mycpu_top_inst/VTop_inst/core/u_commit/u_csr/dbg_cpu_valid_INST_0_i_1222/O
                         net (fo=1, routed)           0.483     1.870    soc_top_inst/mycpu_top_inst/VTop_inst/core/u_commit/u_csr/dbg_cpu_valid_INST_0_i_1222_n_0
    SLICE_X38Y31         LUT6 (Prop_lut6_I2_O)        0.124     1.994 f  soc_top_inst/mycpu_top_inst/VTop_inst/core/u_commit/u_csr/dbg_cpu_valid_INST_0_i_1117/O
                         net (fo=1, routed)           0.466     2.460    soc_top_inst/mycpu_top_inst/VTop_inst/core/u_commit/u_csr/dbg_cpu_valid_INST_0_i_1117_n_0
    SLICE_X38Y31         LUT6 (Prop_lut6_I2_O)        0.124     2.584 f  soc_top_inst/mycpu_top_inst/VTop_inst/core/u_commit/u_csr/dbg_cpu_valid_INST_0_i_961/O
                         net (fo=1, routed)           0.305     2.890    soc_top_inst/mycpu_top_inst/VTop_inst/core/u_commit/u_csr/dbg_cpu_valid_INST_0_i_961_n_0
    SLICE_X40Y31         LUT6 (Prop_lut6_I2_O)        0.124     3.014 f  soc_top_inst/mycpu_top_inst/VTop_inst/core/u_commit/u_csr/dbg_cpu_valid_INST_0_i_792/O
                         net (fo=1, routed)           0.300     3.313    soc_top_inst/mycpu_top_inst/VTop_inst/core/u_commit/u_csr/dbg_cpu_valid_INST_0_i_792_n_0
    SLICE_X40Y32         LUT6 (Prop_lut6_I4_O)        0.124     3.437 f  soc_top_inst/mycpu_top_inst/VTop_inst/core/u_commit/u_csr/dbg_cpu_valid_INST_0_i_614/O
                         net (fo=16, routed)          0.865     4.302    soc_top_inst/mycpu_top_inst/VTop_inst/core/u_commit/u_csr/u_mmu/ones__0[1]
    SLICE_X40Y33         LUT3 (Prop_lut3_I2_O)        0.152     4.454 r  soc_top_inst/mycpu_top_inst/VTop_inst/core/u_commit/u_csr/dbg_cpu_valid_INST_0_i_441/O
                         net (fo=22, routed)          0.760     5.214    soc_top_inst/mycpu_top_inst/VTop_inst/core/u_commit/u_csr/dbg_cpu_valid_INST_0_i_441_n_0
    SLICE_X43Y31         LUT2 (Prop_lut2_I1_O)        0.326     5.540 r  soc_top_inst/mycpu_top_inst/VTop_inst/core/u_commit/u_csr/dbg_cpu_valid_INST_0_i_1233/O
                         net (fo=1, routed)           0.000     5.540    soc_top_inst/mycpu_top_inst/VTop_inst/core/u_commit/u_csr/dbg_cpu_valid_INST_0_i_1233_n_0
    SLICE_X43Y31         CARRY4 (Prop_carry4_S[0]_CO[3])
                                                      0.532     6.072 r  soc_top_inst/mycpu_top_inst/VTop_inst/core/u_commit/u_csr/dbg_cpu_valid_INST_0_i_1126/CO[3]
                         net (fo=1, routed)           0.000     6.072    soc_top_inst/mycpu_top_inst/VTop_inst/core/u_commit/u_csr/dbg_cpu_valid_INST_0_i_1126_n_0
    SLICE_X43Y32         CARRY4 (Prop_carry4_CI_CO[3])
                                                      0.114     6.186 r  soc_top_inst/mycpu_top_inst/VTop_inst/core/u_commit/u_csr/dbg_cpu_valid_INST_0_i_979/CO[3]
                         net (fo=1, routed)           0.000     6.186    soc_top_inst/mycpu_top_inst/VTop_inst/core/u_commit/u_csr/dbg_cpu_valid_INST_0_i_979_n_0
    SLICE_X43Y33         CARRY4 (Prop_carry4_CI_CO[3])
                                                      0.114     6.300 r  soc_top_inst/mycpu_top_inst/VTop_inst/core/u_commit/u_csr/dbg_cpu_valid_INST_0_i_810/CO[3]
                         net (fo=1, routed)           0.000     6.300    soc_top_inst/mycpu_top_inst/VTop_inst/core/u_commit/u_csr/dbg_cpu_valid_INST_0_i_810_n_0
    SLICE_X43Y34         CARRY4 (Prop_carry4_CI_CO[3])
                                                      0.114     6.414 r  soc_top_inst/mycpu_top_inst/VTop_inst/core/u_commit/u_csr/dbg_cpu_valid_INST_0_i_809/CO[3]
                         net (fo=1, routed)           0.000     6.414    soc_top_inst/mycpu_top_inst/VTop_inst/core/u_commit/u_csr/dbg_cpu_valid_INST_0_i_809_n_0
    SLICE_X43Y35         CARRY4 (Prop_carry4_CI_O[1])
                                                      0.334     6.748 r  soc_top_inst/mycpu_top_inst/VTop_inst/core/u_commit/u_csr/dbg_cpu_valid_INST_0_i_629/O[1]
                         net (fo=8, routed)           0.869     7.617    soc_top_inst/mycpu_top_inst/VTop_inst/core/u_commit/u_csr/dbg_cpu_valid_INST_0_i_826_0[1]
    SLICE_X41Y35         LUT4 (Prop_lut4_I0_O)        0.303     7.920 r  soc_top_inst/mycpu_top_inst/VTop_inst/core/u_commit/u_csr/dbg_cpu_valid_INST_0_i_956/O
                         net (fo=1, routed)           0.000     7.920    soc_top_inst/mycpu_top_inst/VTop_inst/core/u_commit/u_csr/dbg_cpu_valid_INST_0_i_956_n_0
    SLICE_X41Y35         CARRY4 (Prop_carry4_S[1]_CO[3])
                                                      0.550     8.470 r  soc_top_inst/mycpu_top_inst/VTop_inst/core/u_commit/u_csr/dbg_cpu_valid_INST_0_i_762/CO[3]
                         net (fo=1, routed)           0.000     8.470    soc_top_inst/mycpu_top_inst/VTop_inst/core/u_commit/u_csr/dbg_cpu_valid_INST_0_i_762_n_0
    SLICE_X41Y36         CARRY4 (Prop_carry4_CI_CO[3])
                                                      0.114     8.584 r  soc_top_inst/mycpu_top_inst/VTop_inst/core/u_commit/u_csr/dbg_cpu_valid_INST_0_i_761/CO[3]
                         net (fo=1, routed)           0.000     8.584    soc_top_inst/mycpu_top_inst/VTop_inst/core/u_commit/u_csr/dbg_cpu_valid_INST_0_i_761_n_0
    SLICE_X41Y37         CARRY4 (Prop_carry4_CI_CO[3])
                                                      0.114     8.698 r  soc_top_inst/mycpu_top_inst/VTop_inst/core/u_commit/u_csr/dbg_cpu_valid_INST_0_i_591/CO[3]
                         net (fo=1, routed)           0.000     8.698    soc_top_inst/mycpu_top_inst/VTop_inst/core/u_commit/u_csr/dbg_cpu_valid_INST_0_i_591_n_0
    SLICE_X41Y38         CARRY4 (Prop_carry4_CI_CO[3])
                                                      0.114     8.812 r  soc_top_inst/mycpu_top_inst/VTop_inst/core/u_commit/u_csr/dbg_cpu_valid_INST_0_i_590/CO[3]
                         net (fo=1, routed)           0.000     8.812    soc_top_inst/mycpu_top_inst/VTop_inst/core/u_commit/u_csr/dbg_cpu_valid_INST_0_i_590_n_0
    SLICE_X41Y39         CARRY4 (Prop_carry4_CI_CO[3])
                                                      0.114     8.926 r  soc_top_inst/mycpu_top_inst/VTop_inst/core/u_commit/u_csr/dbg_cpu_valid_INST_0_i_418/CO[3]
                         net (fo=1, routed)           0.000     8.926    soc_top_inst/mycpu_top_inst/VTop_inst/core/u_commit/u_csr/dbg_cpu_valid_INST_0_i_418_n_0
    SLICE_X41Y40         CARRY4 (Prop_carry4_CI_CO[3])
                                                      0.114     9.040 r  soc_top_inst/mycpu_top_inst/VTop_inst/core/u_commit/u_csr/dbg_cpu_valid_INST_0_i_417/CO[3]
                         net (fo=1, routed)           0.000     9.040    soc_top_inst/mycpu_top_inst/VTop_inst/core/u_commit/u_csr/dbg_cpu_valid_INST_0_i_417_n_0
    SLICE_X41Y41         CARRY4 (Prop_carry4_CI_CO[3])
                                                      0.114     9.154 r  soc_top_inst/mycpu_top_inst/VTop_inst/core/u_commit/u_csr/dbg_cpu_valid_INST_0_i_257/CO[3]
                         net (fo=1, routed)           0.000     9.154    soc_top_inst/mycpu_top_inst/VTop_inst/core/u_commit/u_csr/dbg_cpu_valid_INST_0_i_257_n_0
    SLICE_X41Y42         CARRY4 (Prop_carry4_CI_CO[3])
                                                      0.114     9.268 r  soc_top_inst/mycpu_top_inst/VTop_inst/core/u_commit/u_csr/dbg_cpu_valid_INST_0_i_256/CO[3]
                         net (fo=1, routed)           0.000     9.268    soc_top_inst/mycpu_top_inst/VTop_inst/core/u_commit/u_csr/dbg_cpu_valid_INST_0_i_256_n_0
    SLICE_X41Y43         CARRY4 (Prop_carry4_CI_CO[3])
                                                      0.114     9.382 r  soc_top_inst/mycpu_top_inst/VTop_inst/core/u_commit/u_csr/dbg_cpu_valid_INST_0_i_138/CO[3]
                         net (fo=1, routed)           0.000     9.382    soc_top_inst/mycpu_top_inst/VTop_inst/core/u_commit/u_csr/dbg_cpu_valid_INST_0_i_138_n_0
    SLICE_X41Y44         CARRY4 (Prop_carry4_CI_O[1])
                                                      0.334     9.716 r  soc_top_inst/mycpu_top_inst/VTop_inst/core/u_commit/u_csr/dbg_cpu_valid_INST_0_i_137/O[1]
                         net (fo=6, routed)           0.955    10.672    soc_top_inst/mycpu_top_inst/VTop_inst/core/u_commit/u_csr/dbg_cpu_valid_INST_0_i_137_n_6
    SLICE_X38Y42         LUT4 (Prop_lut4_I3_O)        0.303    10.975 r  soc_top_inst/mycpu_top_inst/VTop_inst/core/u_commit/u_csr/dbg_cpu_valid_INST_0_i_65/O
                         net (fo=1, routed)           0.000    10.975    soc_top_inst/mycpu_top_inst/VTop_inst/core/u_commit/u_csr/dbg_cpu_valid_INST_0_i_65_n_0
    SLICE_X38Y42         CARRY4 (Prop_carry4_S[1]_CO[3])
                                                      0.533    11.508 r  soc_top_inst/mycpu_top_inst/VTop_inst/core/u_commit/u_csr/dbg_cpu_valid_INST_0_i_27/CO[3]
                         net (fo=2, routed)           0.862    12.370    soc_top_inst/mycpu_top_inst/VTop_inst/core/u_commit/u_csr/u_mmu/pmp_entry_match11
    SLICE_X43Y44         LUT5 (Prop_lut5_I1_O)        0.119    12.489 r  soc_top_inst/mycpu_top_inst/VTop_inst/core/u_commit/u_csr/dbg_cpu_valid_INST_0_i_18/O
                         net (fo=1, routed)           0.307    12.796    soc_top_inst/mycpu_top_inst/VTop_inst/core/u_commit/u_csr/u_mmu/pmp_entry_match1_return
    SLICE_X44Y44         LUT6 (Prop_lut6_I3_O)        0.332    13.128 f  soc_top_inst/mycpu_top_inst/VTop_inst/core/u_commit/u_csr/dbg_cpu_valid_INST_0_i_7/O
                         net (fo=4, routed)           0.456    13.584    soc_top_inst/mycpu_top_inst/VTop_inst/core/u_commit/u_csr/dreq_out14_out
    SLICE_X44Y44         LUT6 (Prop_lut6_I3_O)        0.124    13.708 f  soc_top_inst/mycpu_top_inst/VTop_inst/core/u_commit/u_csr/dbg_cpu_valid_INST_0_i_2/O
                         net (fo=142, routed)         0.660    14.368    soc_top_inst/mycpu_top_inst/VTop_inst/icvt/inst/lock_select_reg[0]
    SLICE_X47Y40         LUT4 (Prop_lut4_I3_O)        0.124    14.492 f  soc_top_inst/mycpu_top_inst/VTop_inst/icvt/inst/lock_select[0]_i_2/O
                         net (fo=163, routed)         1.567    16.059    soc_top_inst/mycpu_top_inst/VTop_inst/u_mmu/any_valid1
    SLICE_X59Y42         LUT6 (Prop_lut6_I0_O)        0.124    16.183 f  soc_top_inst/mycpu_top_inst/VTop_inst/u_mmu/lock_req[addr][32]_i_1/O
                         net (fo=2, routed)           0.693    16.876    soc_top_inst/mycpu_top_inst/VTop_inst/mux/lock_req_reg[addr][63]_3[32]
    SLICE_X59Y42         LUT3 (Prop_lut3_I2_O)        0.150    17.026 f  soc_top_inst/mycpu_top_inst/VTop_inst/mux/uart_thr_write_req1_carry__1_i_7/O
                         net (fo=10, routed)          1.039    18.065    soc_top_inst/mycpu_top_inst/VTop_inst/mux/addr[32]
    SLICE_X54Y40         LUT2 (Prop_lut2_I0_O)        0.326    18.391 r  soc_top_inst/mycpu_top_inst/VTop_inst/mux/cpu_rmw_pending_strobe[3]_i_60/O
                         net (fo=1, routed)           0.000    18.391    soc_top_inst/mycpu_top_inst/VTop_inst/mux/cpu_rmw_pending_strobe[3]_i_60_n_0
    SLICE_X54Y40         CARRY4 (Prop_carry4_S[0]_CO[3])
                                                      0.513    18.904 r  soc_top_inst/mycpu_top_inst/VTop_inst/mux/cpu_rmw_pending_strobe_reg[3]_i_42/CO[3]
                         net (fo=1, routed)           0.000    18.904    soc_top_inst/mycpu_top_inst/VTop_inst/mux/cpu_rmw_pending_strobe_reg[3]_i_42_n_0
    SLICE_X54Y41         CARRY4 (Prop_carry4_CI_CO[3])
                                                      0.117    19.021 r  soc_top_inst/mycpu_top_inst/VTop_inst/mux/cpu_rmw_pending_strobe_reg[3]_i_28/CO[3]
                         net (fo=1, routed)           0.000    19.021    soc_top_inst/mycpu_top_inst/VTop_inst/mux/cpu_rmw_pending_strobe_reg[3]_i_28_n_0
    SLICE_X54Y42         CARRY4 (Prop_carry4_CI_CO[3])
                                                      0.117    19.138 r  soc_top_inst/mycpu_top_inst/VTop_inst/mux/cpu_rmw_pending_strobe_reg[3]_i_14/CO[3]
                         net (fo=1, routed)           0.000    19.138    soc_top_inst/mycpu_top_inst/VTop_inst/mux/cpu_rmw_pending_strobe_reg[3]_i_14_n_0
    SLICE_X54Y43         CARRY4 (Prop_carry4_CI_CO[3])
                                                      0.117    19.255 f  soc_top_inst/mycpu_top_inst/VTop_inst/mux/cpu_rmw_pending_strobe_reg[3]_i_4/CO[3]
                         net (fo=11, routed)          1.398    20.652    soc_top_inst/mycpu_top_inst/VTop_inst/mux/device_inst/is_disk_data_read0
    SLICE_X58Y42         LUT5 (Prop_lut5_I0_O)        0.152    20.804 r  soc_top_inst/mycpu_top_inst/VTop_inst/mux/gen_real_disk.disk_raddr_offset[2]_i_2/O
                         net (fo=6, routed)           0.600    21.404    soc_top_inst/device_inst/gen_real_disk.disk_read_pending_reg_0
    SLICE_X58Y44         LUT5 (Prop_lut5_I3_O)        0.332    21.736 r  soc_top_inst/device_inst/lock_select[0]_i_5/O
                         net (fo=2, routed)           0.911    22.647    soc_top_inst/bram_wrapper_inst/device_last
    SLICE_X56Y47         LUT3 (Prop_lut3_I2_O)        0.150    22.797 r  soc_top_inst/bram_wrapper_inst/lock_select[0]_i_4/O
                         net (fo=8, routed)           0.836    23.634    soc_top_inst/bram_wrapper_inst/last
    SLICE_X48Y47         LUT2 (Prop_lut2_I0_O)        0.348    23.982 f  soc_top_inst/bram_wrapper_inst/req_inflight_i_3__0/O
                         net (fo=3, routed)           0.513    24.494    soc_top_inst/mycpu_top_inst/VTop_inst/u_mmu/csr_mepc[62]_i_14_1
    SLICE_X48Y47         LUT5 (Prop_lut5_I2_O)        0.124    24.618 r  soc_top_inst/mycpu_top_inst/VTop_inst/u_mmu/csr_mepc[62]_i_21/O
                         net (fo=1, routed)           0.777    25.395    soc_top_inst/mycpu_top_inst/VTop_inst/u_mmu/csr_mepc[62]_i_21_n_0
    SLICE_X48Y44         LUT5 (Prop_lut5_I1_O)        0.124    25.519 r  soc_top_inst/mycpu_top_inst/VTop_inst/u_mmu/csr_mepc[62]_i_14/O
                         net (fo=9, routed)           0.737    26.256    soc_top_inst/mycpu_top_inst/VTop_inst/u_mmu/u_bit_fault_insn
    SLICE_X44Y48         LUT6 (Prop_lut6_I5_O)        0.124    26.380 r  soc_top_inst/mycpu_top_inst/VTop_inst/u_mmu/wb_r[is_instr_misalign]_i_10/O
                         net (fo=1, routed)           0.435    26.815    soc_top_inst/mycpu_top_inst/VTop_inst/u_mmu/wb_r[is_instr_misalign]_i_10_n_0
    SLICE_X42Y48         LUT6 (Prop_lut6_I5_O)        0.124    26.939 r  soc_top_inst/mycpu_top_inst/VTop_inst/u_mmu/wb_r[is_instr_misalign]_i_4/O
                         net (fo=6, routed)           0.861    27.801    soc_top_inst/mycpu_top_inst/VTop_inst/core/u_commit/u_csr/walk_fault
    SLICE_X32Y48         LUT3 (Prop_lut3_I0_O)        0.149    27.950 r  soc_top_inst/mycpu_top_inst/VTop_inst/core/u_commit/u_csr/csr_mstatus[63]_i_3/O
                         net (fo=97, routed)          1.010    28.960    soc_top_inst/mycpu_top_inst/VTop_inst/core/u_commit/u_csr/fetch_redirect_bubble_reg[0]
    SLICE_X14Y38         LUT6 (Prop_lut6_I4_O)        0.332    29.292 f  soc_top_inst/mycpu_top_inst/VTop_inst/core/u_commit/u_csr/csr_pmpaddr0_r[63]_i_6/O
                         net (fo=68, routed)          1.011    30.302    soc_top_inst/mycpu_top_inst/VTop_inst/core/u_commit_n_568
    SLICE_X28Y46         LUT4 (Prop_lut4_I3_O)        0.124    30.426 f  soc_top_inst/mycpu_top_inst/VTop_inst/core/wb_r[is_instr_misalign]_i_2/O
                         net (fo=7, routed)           0.473    30.899    soc_top_inst/mycpu_top_inst/VTop_inst/core/mret_redirect
    SLICE_X28Y46         LUT2 (Prop_lut2_I0_O)        0.124    31.023 f  soc_top_inst/mycpu_top_inst/VTop_inst/core/fetch_redirect_bubble[0]_i_3/O
                         net (fo=70, routed)          0.769    31.792    soc_top_inst/mycpu_top_inst/VTop_inst/core/u_commit/p_8_in
    SLICE_X29Y54         LUT6 (Prop_lut6_I1_O)        0.124    31.916 r  soc_top_inst/mycpu_top_inst/VTop_inst/core/u_commit/ex_r[is_load]_i_2/O
                         net (fo=418, routed)         0.674    32.590    soc_top_inst/mycpu_top_inst/VTop_inst/core/u_commit/ex_r55_out
    SLICE_X32Y55         LUT5 (Prop_lut5_I0_O)        0.124    32.714 r  soc_top_inst/mycpu_top_inst/VTop_inst/core/u_commit/ex_r[is_load]_i_7/O
                         net (fo=1, routed)           0.564    33.278    soc_top_inst/mycpu_top_inst/VTop_inst/core/u_commit/ex_r[is_load]_i_7_n_0
    SLICE_X31Y55         LUT6 (Prop_lut6_I5_O)        0.124    33.402 r  soc_top_inst/mycpu_top_inst/VTop_inst/core/u_commit/ex_r[is_load]_i_1/O
                         net (fo=418, routed)         1.682    35.084    soc_top_inst/mycpu_top_inst/VTop_inst/core/ex_r
    SLICE_X5Y70          FDRE                                         r  soc_top_inst/mycpu_top_inst/VTop_inst/core/ex_r_reg[op2][59]/R
  -------------------------------------------------------------------    -------------------

                         (clock cpu_clk_clk_wiz_0 rise edge)
                                                     40.000    40.000 r  
    W5                   IBUF                         0.000    40.000 r  clk_IBUF_inst/O
                         net (fo=27, routed)          1.162    41.162    soc_top_inst/clk_wiz_0/inst/sys_clk
    MMCME2_ADV_X1Y0      MMCME2_ADV (Prop_mmcme2_adv_CLKIN1_CLKOUT0)
                                                     -7.217    33.944 r  soc_top_inst/clk_wiz_0/inst/mmcm_adv_inst/CLKOUT0
                         net (fo=1, routed)           1.581    35.526    soc_top_inst/clk_wiz_0/inst/cpu_clk_clk_wiz_0
    BUFGCTRL_X0Y0        BUFG (Prop_bufg_I_O)         0.091    35.617 r  soc_top_inst/clk_wiz_0/inst/clkout1_buf/O
                         net (fo=6623, routed)        1.496    37.112    soc_top_inst/mycpu_top_inst/VTop_inst/core/cpu_clk
    SLICE_X5Y70          FDRE                                         r  soc_top_inst/mycpu_top_inst/VTop_inst/core/ex_r_reg[op2][59]/C
                         clock pessimism              0.413    37.525    
                         clock uncertainty           -0.098    37.428    
    SLICE_X5Y70          FDRE (Setup_fdre_C_R)       -0.429    36.999    soc_top_inst/mycpu_top_inst/VTop_inst/core/ex_r_reg[op2][59]
  -------------------------------------------------------------------
                         required time                         36.999    
                         arrival time                         -35.084    
  -------------------------------------------------------------------
                         slack                                  1.915    

Slack (MET) :             1.920ns  (required time - arrival time)
  Source:                 soc_top_inst/mycpu_top_inst/VTop_inst/core/u_commit/u_csr/csr_pmpaddr0_r_reg[51]/C
                            (rising edge-triggered cell FDRE clocked by cpu_clk_clk_wiz_0  {rise@0.000ns fall@20.000ns period=40.000ns})
  Destination:            soc_top_inst/mycpu_top_inst/VTop_inst/core/ex_r_reg[op2][55]/R
                            (rising edge-triggered cell FDRE clocked by cpu_clk_clk_wiz_0  {rise@0.000ns fall@20.000ns period=40.000ns})
  Path Group:             cpu_clk_clk_wiz_0
  Path Type:              Setup (Max at Slow Process Corner)
  Requirement:            40.000ns  (cpu_clk_clk_wiz_0 rise@40.000ns - cpu_clk_clk_wiz_0 rise@0.000ns)
  Data Path Delay:        37.395ns  (logic 10.811ns (28.910%)  route 26.584ns (71.090%))
  Logic Levels:           54  (CARRY4=20 LUT2=4 LUT3=4 LUT4=4 LUT5=6 LUT6=16)
  Clock Path Skew:        -0.063ns (DCD - SCD + CPR)
    Destination Clock Delay (DCD):    -2.882ns = ( 37.118 - 40.000 ) 
    Source Clock Delay      (SCD):    -2.406ns
    Clock Pessimism Removal (CPR):    0.413ns
  Clock Uncertainty:      0.098ns  ((TSJ^2 + DJ^2)^1/2) / 2 + PE
    Total System Jitter     (TSJ):    0.071ns
    Discrete Jitter          (DJ):    0.182ns
    Phase Error              (PE):    0.000ns

    Location             Delay type                Incr(ns)  Path(ns)    Netlist Resource(s)
  -------------------------------------------------------------------    -------------------
                         (clock cpu_clk_clk_wiz_0 rise edge)
                                                      0.000     0.000 r  
    W5                   IBUF                         0.000     0.000 r  clk_IBUF_inst/O
                         net (fo=27, routed)          1.233     1.233    soc_top_inst/clk_wiz_0/inst/sys_clk
    MMCME2_ADV_X1Y0      MMCME2_ADV (Prop_mmcme2_adv_CLKIN1_CLKOUT0)
                                                     -6.961    -5.728 r  soc_top_inst/clk_wiz_0/inst/mmcm_adv_inst/CLKOUT0
                         net (fo=1, routed)           1.661    -4.066    soc_top_inst/clk_wiz_0/inst/cpu_clk_clk_wiz_0
    BUFGCTRL_X0Y0        BUFG (Prop_bufg_I_O)         0.096    -3.970 r  soc_top_inst/clk_wiz_0/inst/clkout1_buf/O
                         net (fo=6623, routed)        1.564    -2.406    soc_top_inst/mycpu_top_inst/VTop_inst/core/u_commit/u_csr/cpu_clk
    SLICE_X15Y36         FDRE                                         r  soc_top_inst/mycpu_top_inst/VTop_inst/core/u_commit/u_csr/csr_pmpaddr0_r_reg[51]/C
  -------------------------------------------------------------------    -------------------
    SLICE_X15Y36         FDRE (Prop_fdre_C_Q)         0.456    -1.950 r  soc_top_inst/mycpu_top_inst/VTop_inst/core/u_commit/u_csr/csr_pmpaddr0_r_reg[51]/Q
                         net (fo=21, routed)          1.300    -0.650    soc_top_inst/mycpu_top_inst/VTop_inst/core/u_commit/u_csr/csr_pmpaddr0_r_reg[55]_0[51]
    SLICE_X32Y34         LUT6 (Prop_lut6_I3_O)        0.124    -0.526 f  soc_top_inst/mycpu_top_inst/VTop_inst/core/u_commit/u_csr/dbg_cpu_valid_INST_0_i_1271/O
                         net (fo=1, routed)           0.564     0.038    soc_top_inst/mycpu_top_inst/VTop_inst/core/u_commit/u_csr/dbg_cpu_valid_INST_0_i_1271_n_0
    SLICE_X34Y34         LUT6 (Prop_lut6_I2_O)        0.124     0.162 f  soc_top_inst/mycpu_top_inst/VTop_inst/core/u_commit/u_csr/dbg_cpu_valid_INST_0_i_1268/O
                         net (fo=1, routed)           0.427     0.589    soc_top_inst/mycpu_top_inst/VTop_inst/core/u_commit/u_csr/dbg_cpu_valid_INST_0_i_1268_n_0
    SLICE_X34Y33         LUT6 (Prop_lut6_I2_O)        0.124     0.713 f  soc_top_inst/mycpu_top_inst/VTop_inst/core/u_commit/u_csr/dbg_cpu_valid_INST_0_i_1266/O
                         net (fo=1, routed)           0.550     1.264    soc_top_inst/mycpu_top_inst/VTop_inst/core/u_commit/u_csr/dbg_cpu_valid_INST_0_i_1266_n_0
    SLICE_X37Y31         LUT6 (Prop_lut6_I0_O)        0.124     1.388 f  soc_top_inst/mycpu_top_inst/VTop_inst/core/u_commit/u_csr/dbg_cpu_valid_INST_0_i_1222/O
                         net (fo=1, routed)           0.483     1.870    soc_top_inst/mycpu_top_inst/VTop_inst/core/u_commit/u_csr/dbg_cpu_valid_INST_0_i_1222_n_0
    SLICE_X38Y31         LUT6 (Prop_lut6_I2_O)        0.124     1.994 f  soc_top_inst/mycpu_top_inst/VTop_inst/core/u_commit/u_csr/dbg_cpu_valid_INST_0_i_1117/O
                         net (fo=1, routed)           0.466     2.460    soc_top_inst/mycpu_top_inst/VTop_inst/core/u_commit/u_csr/dbg_cpu_valid_INST_0_i_1117_n_0
    SLICE_X38Y31         LUT6 (Prop_lut6_I2_O)        0.124     2.584 f  soc_top_inst/mycpu_top_inst/VTop_inst/core/u_commit/u_csr/dbg_cpu_valid_INST_0_i_961/O
                         net (fo=1, routed)           0.305     2.890    soc_top_inst/mycpu_top_inst/VTop_inst/core/u_commit/u_csr/dbg_cpu_valid_INST_0_i_961_n_0
    SLICE_X40Y31         LUT6 (Prop_lut6_I2_O)        0.124     3.014 f  soc_top_inst/mycpu_top_inst/VTop_inst/core/u_commit/u_csr/dbg_cpu_valid_INST_0_i_792/O
                         net (fo=1, routed)           0.300     3.313    soc_top_inst/mycpu_top_inst/VTop_inst/core/u_commit/u_csr/dbg_cpu_valid_INST_0_i_792_n_0
    SLICE_X40Y32         LUT6 (Prop_lut6_I4_O)        0.124     3.437 f  soc_top_inst/mycpu_top_inst/VTop_inst/core/u_commit/u_csr/dbg_cpu_valid_INST_0_i_614/O
                         net (fo=16, routed)          0.865     4.302    soc_top_inst/mycpu_top_inst/VTop_inst/core/u_commit/u_csr/u_mmu/ones__0[1]
    SLICE_X40Y33         LUT3 (Prop_lut3_I2_O)        0.152     4.454 r  soc_top_inst/mycpu_top_inst/VTop_inst/core/u_commit/u_csr/dbg_cpu_valid_INST_0_i_441/O
                         net (fo=22, routed)          0.760     5.214    soc_top_inst/mycpu_top_inst/VTop_inst/core/u_commit/u_csr/dbg_cpu_valid_INST_0_i_441_n_0
    SLICE_X43Y31         LUT2 (Prop_lut2_I1_O)        0.326     5.540 r  soc_top_inst/mycpu_top_inst/VTop_inst/core/u_commit/u_csr/dbg_cpu_valid_INST_0_i_1233/O
                         net (fo=1, routed)           0.000     5.540    soc_top_inst/mycpu_top_inst/VTop_inst/core/u_commit/u_csr/dbg_cpu_valid_INST_0_i_1233_n_0
    SLICE_X43Y31         CARRY4 (Prop_carry4_S[0]_CO[3])
                                                      0.532     6.072 r  soc_top_inst/mycpu_top_inst/VTop_inst/core/u_commit/u_csr/dbg_cpu_valid_INST_0_i_1126/CO[3]
                         net (fo=1, routed)           0.000     6.072    soc_top_inst/mycpu_top_inst/VTop_inst/core/u_commit/u_csr/dbg_cpu_valid_INST_0_i_1126_n_0
    SLICE_X43Y32         CARRY4 (Prop_carry4_CI_CO[3])
                                                      0.114     6.186 r  soc_top_inst/mycpu_top_inst/VTop_inst/core/u_commit/u_csr/dbg_cpu_valid_INST_0_i_979/CO[3]
                         net (fo=1, routed)           0.000     6.186    soc_top_inst/mycpu_top_inst/VTop_inst/core/u_commit/u_csr/dbg_cpu_valid_INST_0_i_979_n_0
    SLICE_X43Y33         CARRY4 (Prop_carry4_CI_CO[3])
                                                      0.114     6.300 r  soc_top_inst/mycpu_top_inst/VTop_inst/core/u_commit/u_csr/dbg_cpu_valid_INST_0_i_810/CO[3]
                         net (fo=1, routed)           0.000     6.300    soc_top_inst/mycpu_top_inst/VTop_inst/core/u_commit/u_csr/dbg_cpu_valid_INST_0_i_810_n_0
    SLICE_X43Y34         CARRY4 (Prop_carry4_CI_CO[3])
                                                      0.114     6.414 r  soc_top_inst/mycpu_top_inst/VTop_inst/core/u_commit/u_csr/dbg_cpu_valid_INST_0_i_809/CO[3]
                         net (fo=1, routed)           0.000     6.414    soc_top_inst/mycpu_top_inst/VTop_inst/core/u_commit/u_csr/dbg_cpu_valid_INST_0_i_809_n_0
    SLICE_X43Y35         CARRY4 (Prop_carry4_CI_O[1])
                                                      0.334     6.748 r  soc_top_inst/mycpu_top_inst/VTop_inst/core/u_commit/u_csr/dbg_cpu_valid_INST_0_i_629/O[1]
                         net (fo=8, routed)           0.869     7.617    soc_top_inst/mycpu_top_inst/VTop_inst/core/u_commit/u_csr/dbg_cpu_valid_INST_0_i_826_0[1]
    SLICE_X41Y35         LUT4 (Prop_lut4_I0_O)        0.303     7.920 r  soc_top_inst/mycpu_top_inst/VTop_inst/core/u_commit/u_csr/dbg_cpu_valid_INST_0_i_956/O
                         net (fo=1, routed)           0.000     7.920    soc_top_inst/mycpu_top_inst/VTop_inst/core/u_commit/u_csr/dbg_cpu_valid_INST_0_i_956_n_0
    SLICE_X41Y35         CARRY4 (Prop_carry4_S[1]_CO[3])
                                                      0.550     8.470 r  soc_top_inst/mycpu_top_inst/VTop_inst/core/u_commit/u_csr/dbg_cpu_valid_INST_0_i_762/CO[3]
                         net (fo=1, routed)           0.000     8.470    soc_top_inst/mycpu_top_inst/VTop_inst/core/u_commit/u_csr/dbg_cpu_valid_INST_0_i_762_n_0
    SLICE_X41Y36         CARRY4 (Prop_carry4_CI_CO[3])
                                                      0.114     8.584 r  soc_top_inst/mycpu_top_inst/VTop_inst/core/u_commit/u_csr/dbg_cpu_valid_INST_0_i_761/CO[3]
                         net (fo=1, routed)           0.000     8.584    soc_top_inst/mycpu_top_inst/VTop_inst/core/u_commit/u_csr/dbg_cpu_valid_INST_0_i_761_n_0
    SLICE_X41Y37         CARRY4 (Prop_carry4_CI_CO[3])
                                                      0.114     8.698 r  soc_top_inst/mycpu_top_inst/VTop_inst/core/u_commit/u_csr/dbg_cpu_valid_INST_0_i_591/CO[3]
                         net (fo=1, routed)           0.000     8.698    soc_top_inst/mycpu_top_inst/VTop_inst/core/u_commit/u_csr/dbg_cpu_valid_INST_0_i_591_n_0
    SLICE_X41Y38         CARRY4 (Prop_carry4_CI_CO[3])
                                                      0.114     8.812 r  soc_top_inst/mycpu_top_inst/VTop_inst/core/u_commit/u_csr/dbg_cpu_valid_INST_0_i_590/CO[3]
                         net (fo=1, routed)           0.000     8.812    soc_top_inst/mycpu_top_inst/VTop_inst/core/u_commit/u_csr/dbg_cpu_valid_INST_0_i_590_n_0
    SLICE_X41Y39         CARRY4 (Prop_carry4_CI_CO[3])
                                                      0.114     8.926 r  soc_top_inst/mycpu_top_inst/VTop_inst/core/u_commit/u_csr/dbg_cpu_valid_INST_0_i_418/CO[3]
                         net (fo=1, routed)           0.000     8.926    soc_top_inst/mycpu_top_inst/VTop_inst/core/u_commit/u_csr/dbg_cpu_valid_INST_0_i_418_n_0
    SLICE_X41Y40         CARRY4 (Prop_carry4_CI_CO[3])
                                                      0.114     9.040 r  soc_top_inst/mycpu_top_inst/VTop_inst/core/u_commit/u_csr/dbg_cpu_valid_INST_0_i_417/CO[3]
                         net (fo=1, routed)           0.000     9.040    soc_top_inst/mycpu_top_inst/VTop_inst/core/u_commit/u_csr/dbg_cpu_valid_INST_0_i_417_n_0
    SLICE_X41Y41         CARRY4 (Prop_carry4_CI_CO[3])
                                                      0.114     9.154 r  soc_top_inst/mycpu_top_inst/VTop_inst/core/u_commit/u_csr/dbg_cpu_valid_INST_0_i_257/CO[3]
                         net (fo=1, routed)           0.000     9.154    soc_top_inst/mycpu_top_inst/VTop_inst/core/u_commit/u_csr/dbg_cpu_valid_INST_0_i_257_n_0
    SLICE_X41Y42         CARRY4 (Prop_carry4_CI_CO[3])
                                                      0.114     9.268 r  soc_top_inst/mycpu_top_inst/VTop_inst/core/u_commit/u_csr/dbg_cpu_valid_INST_0_i_256/CO[3]
                         net (fo=1, routed)           0.000     9.268    soc_top_inst/mycpu_top_inst/VTop_inst/core/u_commit/u_csr/dbg_cpu_valid_INST_0_i_256_n_0
    SLICE_X41Y43         CARRY4 (Prop_carry4_CI_CO[3])
                                                      0.114     9.382 r  soc_top_inst/mycpu_top_inst/VTop_inst/core/u_commit/u_csr/dbg_cpu_valid_INST_0_i_138/CO[3]
                         net (fo=1, routed)           0.000     9.382    soc_top_inst/mycpu_top_inst/VTop_inst/core/u_commit/u_csr/dbg_cpu_valid_INST_0_i_138_n_0
    SLICE_X41Y44         CARRY4 (Prop_carry4_CI_O[1])
                                                      0.334     9.716 r  soc_top_inst/mycpu_top_inst/VTop_inst/core/u_commit/u_csr/dbg_cpu_valid_INST_0_i_137/O[1]
                         net (fo=6, routed)           0.955    10.672    soc_top_inst/mycpu_top_inst/VTop_inst/core/u_commit/u_csr/dbg_cpu_valid_INST_0_i_137_n_6
    SLICE_X38Y42         LUT4 (Prop_lut4_I3_O)        0.303    10.975 r  soc_top_inst/mycpu_top_inst/VTop_inst/core/u_commit/u_csr/dbg_cpu_valid_INST_0_i_65/O
                         net (fo=1, routed)           0.000    10.975    soc_top_inst/mycpu_top_inst/VTop_inst/core/u_commit/u_csr/dbg_cpu_valid_INST_0_i_65_n_0
    SLICE_X38Y42         CARRY4 (Prop_carry4_S[1]_CO[3])
                                                      0.533    11.508 r  soc_top_inst/mycpu_top_inst/VTop_inst/core/u_commit/u_csr/dbg_cpu_valid_INST_0_i_27/CO[3]
                         net (fo=2, routed)           0.862    12.370    soc_top_inst/mycpu_top_inst/VTop_inst/core/u_commit/u_csr/u_mmu/pmp_entry_match11
    SLICE_X43Y44         LUT5 (Prop_lut5_I1_O)        0.119    12.489 r  soc_top_inst/mycpu_top_inst/VTop_inst/core/u_commit/u_csr/dbg_cpu_valid_INST_0_i_18/O
                         net (fo=1, routed)           0.307    12.796    soc_top_inst/mycpu_top_inst/VTop_inst/core/u_commit/u_csr/u_mmu/pmp_entry_match1_return
    SLICE_X44Y44         LUT6 (Prop_lut6_I3_O)        0.332    13.128 f  soc_top_inst/mycpu_top_inst/VTop_inst/core/u_commit/u_csr/dbg_cpu_valid_INST_0_i_7/O
                         net (fo=4, routed)           0.456    13.584    soc_top_inst/mycpu_top_inst/VTop_inst/core/u_commit/u_csr/dreq_out14_out
    SLICE_X44Y44         LUT6 (Prop_lut6_I3_O)        0.124    13.708 f  soc_top_inst/mycpu_top_inst/VTop_inst/core/u_commit/u_csr/dbg_cpu_valid_INST_0_i_2/O
                         net (fo=142, routed)         0.660    14.368    soc_top_inst/mycpu_top_inst/VTop_inst/icvt/inst/lock_select_reg[0]
    SLICE_X47Y40         LUT4 (Prop_lut4_I3_O)        0.124    14.492 f  soc_top_inst/mycpu_top_inst/VTop_inst/icvt/inst/lock_select[0]_i_2/O
                         net (fo=163, routed)         1.567    16.059    soc_top_inst/mycpu_top_inst/VTop_inst/u_mmu/any_valid1
    SLICE_X59Y42         LUT6 (Prop_lut6_I0_O)        0.124    16.183 f  soc_top_inst/mycpu_top_inst/VTop_inst/u_mmu/lock_req[addr][32]_i_1/O
                         net (fo=2, routed)           0.693    16.876    soc_top_inst/mycpu_top_inst/VTop_inst/mux/lock_req_reg[addr][63]_3[32]
    SLICE_X59Y42         LUT3 (Prop_lut3_I2_O)        0.150    17.026 f  soc_top_inst/mycpu_top_inst/VTop_inst/mux/uart_thr_write_req1_carry__1_i_7/O
                         net (fo=10, routed)          1.039    18.065    soc_top_inst/mycpu_top_inst/VTop_inst/mux/addr[32]
    SLICE_X54Y40         LUT2 (Prop_lut2_I0_O)        0.326    18.391 r  soc_top_inst/mycpu_top_inst/VTop_inst/mux/cpu_rmw_pending_strobe[3]_i_60/O
                         net (fo=1, routed)           0.000    18.391    soc_top_inst/mycpu_top_inst/VTop_inst/mux/cpu_rmw_pending_strobe[3]_i_60_n_0
    SLICE_X54Y40         CARRY4 (Prop_carry4_S[0]_CO[3])
                                                      0.513    18.904 r  soc_top_inst/mycpu_top_inst/VTop_inst/mux/cpu_rmw_pending_strobe_reg[3]_i_42/CO[3]
                         net (fo=1, routed)           0.000    18.904    soc_top_inst/mycpu_top_inst/VTop_inst/mux/cpu_rmw_pending_strobe_reg[3]_i_42_n_0
    SLICE_X54Y41         CARRY4 (Prop_carry4_CI_CO[3])
                                                      0.117    19.021 r  soc_top_inst/mycpu_top_inst/VTop_inst/mux/cpu_rmw_pending_strobe_reg[3]_i_28/CO[3]
                         net (fo=1, routed)           0.000    19.021    soc_top_inst/mycpu_top_inst/VTop_inst/mux/cpu_rmw_pending_strobe_reg[3]_i_28_n_0
    SLICE_X54Y42         CARRY4 (Prop_carry4_CI_CO[3])
                                                      0.117    19.138 r  soc_top_inst/mycpu_top_inst/VTop_inst/mux/cpu_rmw_pending_strobe_reg[3]_i_14/CO[3]
                         net (fo=1, routed)           0.000    19.138    soc_top_inst/mycpu_top_inst/VTop_inst/mux/cpu_rmw_pending_strobe_reg[3]_i_14_n_0
    SLICE_X54Y43         CARRY4 (Prop_carry4_CI_CO[3])
                                                      0.117    19.255 f  soc_top_inst/mycpu_top_inst/VTop_inst/mux/cpu_rmw_pending_strobe_reg[3]_i_4/CO[3]
                         net (fo=11, routed)          1.398    20.652    soc_top_inst/mycpu_top_inst/VTop_inst/mux/device_inst/is_disk_data_read0
    SLICE_X58Y42         LUT5 (Prop_lut5_I0_O)        0.152    20.804 r  soc_top_inst/mycpu_top_inst/VTop_inst/mux/gen_real_disk.disk_raddr_offset[2]_i_2/O
                         net (fo=6, routed)           0.600    21.404    soc_top_inst/device_inst/gen_real_disk.disk_read_pending_reg_0
    SLICE_X58Y44         LUT5 (Prop_lut5_I3_O)        0.332    21.736 r  soc_top_inst/device_inst/lock_select[0]_i_5/O
                         net (fo=2, routed)           0.911    22.647    soc_top_inst/bram_wrapper_inst/device_last
    SLICE_X56Y47         LUT3 (Prop_lut3_I2_O)        0.150    22.797 r  soc_top_inst/bram_wrapper_inst/lock_select[0]_i_4/O
                         net (fo=8, routed)           0.836    23.634    soc_top_inst/bram_wrapper_inst/last
    SLICE_X48Y47         LUT2 (Prop_lut2_I0_O)        0.348    23.982 f  soc_top_inst/bram_wrapper_inst/req_inflight_i_3__0/O
                         net (fo=3, routed)           0.513    24.494    soc_top_inst/mycpu_top_inst/VTop_inst/u_mmu/csr_mepc[62]_i_14_1
    SLICE_X48Y47         LUT5 (Prop_lut5_I2_O)        0.124    24.618 r  soc_top_inst/mycpu_top_inst/VTop_inst/u_mmu/csr_mepc[62]_i_21/O
                         net (fo=1, routed)           0.777    25.395    soc_top_inst/mycpu_top_inst/VTop_inst/u_mmu/csr_mepc[62]_i_21_n_0
    SLICE_X48Y44         LUT5 (Prop_lut5_I1_O)        0.124    25.519 r  soc_top_inst/mycpu_top_inst/VTop_inst/u_mmu/csr_mepc[62]_i_14/O
                         net (fo=9, routed)           0.737    26.256    soc_top_inst/mycpu_top_inst/VTop_inst/u_mmu/u_bit_fault_insn
    SLICE_X44Y48         LUT6 (Prop_lut6_I5_O)        0.124    26.380 r  soc_top_inst/mycpu_top_inst/VTop_inst/u_mmu/wb_r[is_instr_misalign]_i_10/O
                         net (fo=1, routed)           0.435    26.815    soc_top_inst/mycpu_top_inst/VTop_inst/u_mmu/wb_r[is_instr_misalign]_i_10_n_0
    SLICE_X42Y48         LUT6 (Prop_lut6_I5_O)        0.124    26.939 r  soc_top_inst/mycpu_top_inst/VTop_inst/u_mmu/wb_r[is_instr_misalign]_i_4/O
                         net (fo=6, routed)           0.861    27.801    soc_top_inst/mycpu_top_inst/VTop_inst/core/u_commit/u_csr/walk_fault
    SLICE_X32Y48         LUT3 (Prop_lut3_I0_O)        0.149    27.950 r  soc_top_inst/mycpu_top_inst/VTop_inst/core/u_commit/u_csr/csr_mstatus[63]_i_3/O
                         net (fo=97, routed)          1.010    28.960    soc_top_inst/mycpu_top_inst/VTop_inst/core/u_commit/u_csr/fetch_redirect_bubble_reg[0]
    SLICE_X14Y38         LUT6 (Prop_lut6_I4_O)        0.332    29.292 f  soc_top_inst/mycpu_top_inst/VTop_inst/core/u_commit/u_csr/csr_pmpaddr0_r[63]_i_6/O
                         net (fo=68, routed)          1.011    30.302    soc_top_inst/mycpu_top_inst/VTop_inst/core/u_commit_n_568
    SLICE_X28Y46         LUT4 (Prop_lut4_I3_O)        0.124    30.426 f  soc_top_inst/mycpu_top_inst/VTop_inst/core/wb_r[is_instr_misalign]_i_2/O
                         net (fo=7, routed)           0.473    30.899    soc_top_inst/mycpu_top_inst/VTop_inst/core/mret_redirect
    SLICE_X28Y46         LUT2 (Prop_lut2_I0_O)        0.124    31.023 f  soc_top_inst/mycpu_top_inst/VTop_inst/core/fetch_redirect_bubble[0]_i_3/O
                         net (fo=70, routed)          0.769    31.792    soc_top_inst/mycpu_top_inst/VTop_inst/core/u_commit/p_8_in
    SLICE_X29Y54         LUT6 (Prop_lut6_I1_O)        0.124    31.916 r  soc_top_inst/mycpu_top_inst/VTop_inst/core/u_commit/ex_r[is_load]_i_2/O
                         net (fo=418, routed)         0.674    32.590    soc_top_inst/mycpu_top_inst/VTop_inst/core/u_commit/ex_r55_out
    SLICE_X32Y55         LUT5 (Prop_lut5_I0_O)        0.124    32.714 r  soc_top_inst/mycpu_top_inst/VTop_inst/core/u_commit/ex_r[is_load]_i_7/O
                         net (fo=1, routed)           0.564    33.278    soc_top_inst/mycpu_top_inst/VTop_inst/core/u_commit/ex_r[is_load]_i_7_n_0
    SLICE_X31Y55         LUT6 (Prop_lut6_I5_O)        0.124    33.402 r  soc_top_inst/mycpu_top_inst/VTop_inst/core/u_commit/ex_r[is_load]_i_1/O
                         net (fo=418, routed)         1.588    34.990    soc_top_inst/mycpu_top_inst/VTop_inst/core/ex_r
    SLICE_X6Y64          FDRE                                         r  soc_top_inst/mycpu_top_inst/VTop_inst/core/ex_r_reg[op2][55]/R
  -------------------------------------------------------------------    -------------------

                         (clock cpu_clk_clk_wiz_0 rise edge)
                                                     40.000    40.000 r  
    W5                   IBUF                         0.000    40.000 r  clk_IBUF_inst/O
                         net (fo=27, routed)          1.162    41.162    soc_top_inst/clk_wiz_0/inst/sys_clk
    MMCME2_ADV_X1Y0      MMCME2_ADV (Prop_mmcme2_adv_CLKIN1_CLKOUT0)
                                                     -7.217    33.944 r  soc_top_inst/clk_wiz_0/inst/mmcm_adv_inst/CLKOUT0
                         net (fo=1, routed)           1.581    35.526    soc_top_inst/clk_wiz_0/inst/cpu_clk_clk_wiz_0
    BUFGCTRL_X0Y0        BUFG (Prop_bufg_I_O)         0.091    35.617 r  soc_top_inst/clk_wiz_0/inst/clkout1_buf/O
                         net (fo=6623, routed)        1.502    37.118    soc_top_inst/mycpu_top_inst/VTop_inst/core/cpu_clk
    SLICE_X6Y64          FDRE                                         r  soc_top_inst/mycpu_top_inst/VTop_inst/core/ex_r_reg[op2][55]/C
                         clock pessimism              0.413    37.531    
                         clock uncertainty           -0.098    37.434    
    SLICE_X6Y64          FDRE (Setup_fdre_C_R)       -0.524    36.910    soc_top_inst/mycpu_top_inst/VTop_inst/core/ex_r_reg[op2][55]
  -------------------------------------------------------------------
                         required time                         36.910    
                         arrival time                         -34.990    
  -------------------------------------------------------------------
                         slack                                  1.920    

Slack (MET) :             1.926ns  (required time - arrival time)
  Source:                 soc_top_inst/mycpu_top_inst/VTop_inst/core/u_commit/u_csr/csr_pmpaddr0_r_reg[51]/C
                            (rising edge-triggered cell FDRE clocked by cpu_clk_clk_wiz_0  {rise@0.000ns fall@20.000ns period=40.000ns})
  Destination:            soc_top_inst/mycpu_top_inst/VTop_inst/core/ex_r_reg[rs2_store][60]/R
                            (rising edge-triggered cell FDRE clocked by cpu_clk_clk_wiz_0  {rise@0.000ns fall@20.000ns period=40.000ns})
  Path Group:             cpu_clk_clk_wiz_0
  Path Type:              Setup (Max at Slow Process Corner)
  Requirement:            40.000ns  (cpu_clk_clk_wiz_0 rise@40.000ns - cpu_clk_clk_wiz_0 rise@0.000ns)
  Data Path Delay:        37.484ns  (logic 10.811ns (28.842%)  route 26.673ns (71.158%))
  Logic Levels:           54  (CARRY4=20 LUT2=4 LUT3=4 LUT4=4 LUT5=6 LUT6=16)
  Clock Path Skew:        -0.064ns (DCD - SCD + CPR)
    Destination Clock Delay (DCD):    -2.883ns = ( 37.117 - 40.000 ) 
    Source Clock Delay      (SCD):    -2.406ns
    Clock Pessimism Removal (CPR):    0.413ns
  Clock Uncertainty:      0.098ns  ((TSJ^2 + DJ^2)^1/2) / 2 + PE
    Total System Jitter     (TSJ):    0.071ns
    Discrete Jitter          (DJ):    0.182ns
    Phase Error              (PE):    0.000ns

    Location             Delay type                Incr(ns)  Path(ns)    Netlist Resource(s)
  -------------------------------------------------------------------    -------------------
                         (clock cpu_clk_clk_wiz_0 rise edge)
                                                      0.000     0.000 r  
    W5                   IBUF                         0.000     0.000 r  clk_IBUF_inst/O
                         net (fo=27, routed)          1.233     1.233    soc_top_inst/clk_wiz_0/inst/sys_clk
    MMCME2_ADV_X1Y0      MMCME2_ADV (Prop_mmcme2_adv_CLKIN1_CLKOUT0)
                                                     -6.961    -5.728 r  soc_top_inst/clk_wiz_0/inst/mmcm_adv_inst/CLKOUT0
                         net (fo=1, routed)           1.661    -4.066    soc_top_inst/clk_wiz_0/inst/cpu_clk_clk_wiz_0
    BUFGCTRL_X0Y0        BUFG (Prop_bufg_I_O)         0.096    -3.970 r  soc_top_inst/clk_wiz_0/inst/clkout1_buf/O
                         net (fo=6623, routed)        1.564    -2.406    soc_top_inst/mycpu_top_inst/VTop_inst/core/u_commit/u_csr/cpu_clk
    SLICE_X15Y36         FDRE                                         r  soc_top_inst/mycpu_top_inst/VTop_inst/core/u_commit/u_csr/csr_pmpaddr0_r_reg[51]/C
  -------------------------------------------------------------------    -------------------
    SLICE_X15Y36         FDRE (Prop_fdre_C_Q)         0.456    -1.950 r  soc_top_inst/mycpu_top_inst/VTop_inst/core/u_commit/u_csr/csr_pmpaddr0_r_reg[51]/Q
                         net (fo=21, routed)          1.300    -0.650    soc_top_inst/mycpu_top_inst/VTop_inst/core/u_commit/u_csr/csr_pmpaddr0_r_reg[55]_0[51]
    SLICE_X32Y34         LUT6 (Prop_lut6_I3_O)        0.124    -0.526 f  soc_top_inst/mycpu_top_inst/VTop_inst/core/u_commit/u_csr/dbg_cpu_valid_INST_0_i_1271/O
                         net (fo=1, routed)           0.564     0.038    soc_top_inst/mycpu_top_inst/VTop_inst/core/u_commit/u_csr/dbg_cpu_valid_INST_0_i_1271_n_0
    SLICE_X34Y34         LUT6 (Prop_lut6_I2_O)        0.124     0.162 f  soc_top_inst/mycpu_top_inst/VTop_inst/core/u_commit/u_csr/dbg_cpu_valid_INST_0_i_1268/O
                         net (fo=1, routed)           0.427     0.589    soc_top_inst/mycpu_top_inst/VTop_inst/core/u_commit/u_csr/dbg_cpu_valid_INST_0_i_1268_n_0
    SLICE_X34Y33         LUT6 (Prop_lut6_I2_O)        0.124     0.713 f  soc_top_inst/mycpu_top_inst/VTop_inst/core/u_commit/u_csr/dbg_cpu_valid_INST_0_i_1266/O
                         net (fo=1, routed)           0.550     1.264    soc_top_inst/mycpu_top_inst/VTop_inst/core/u_commit/u_csr/dbg_cpu_valid_INST_0_i_1266_n_0
    SLICE_X37Y31         LUT6 (Prop_lut6_I0_O)        0.124     1.388 f  soc_top_inst/mycpu_top_inst/VTop_inst/core/u_commit/u_csr/dbg_cpu_valid_INST_0_i_1222/O
                         net (fo=1, routed)           0.483     1.870    soc_top_inst/mycpu_top_inst/VTop_inst/core/u_commit/u_csr/dbg_cpu_valid_INST_0_i_1222_n_0
    SLICE_X38Y31         LUT6 (Prop_lut6_I2_O)        0.124     1.994 f  soc_top_inst/mycpu_top_inst/VTop_inst/core/u_commit/u_csr/dbg_cpu_valid_INST_0_i_1117/O
                         net (fo=1, routed)           0.466     2.460    soc_top_inst/mycpu_top_inst/VTop_inst/core/u_commit/u_csr/dbg_cpu_valid_INST_0_i_1117_n_0
    SLICE_X38Y31         LUT6 (Prop_lut6_I2_O)        0.124     2.584 f  soc_top_inst/mycpu_top_inst/VTop_inst/core/u_commit/u_csr/dbg_cpu_valid_INST_0_i_961/O
                         net (fo=1, routed)           0.305     2.890    soc_top_inst/mycpu_top_inst/VTop_inst/core/u_commit/u_csr/dbg_cpu_valid_INST_0_i_961_n_0
    SLICE_X40Y31         LUT6 (Prop_lut6_I2_O)        0.124     3.014 f  soc_top_inst/mycpu_top_inst/VTop_inst/core/u_commit/u_csr/dbg_cpu_valid_INST_0_i_792/O
                         net (fo=1, routed)           0.300     3.313    soc_top_inst/mycpu_top_inst/VTop_inst/core/u_commit/u_csr/dbg_cpu_valid_INST_0_i_792_n_0
    SLICE_X40Y32         LUT6 (Prop_lut6_I4_O)        0.124     3.437 f  soc_top_inst/mycpu_top_inst/VTop_inst/core/u_commit/u_csr/dbg_cpu_valid_INST_0_i_614/O
                         net (fo=16, routed)          0.865     4.302    soc_top_inst/mycpu_top_inst/VTop_inst/core/u_commit/u_csr/u_mmu/ones__0[1]
    SLICE_X40Y33         LUT3 (Prop_lut3_I2_O)        0.152     4.454 r  soc_top_inst/mycpu_top_inst/VTop_inst/core/u_commit/u_csr/dbg_cpu_valid_INST_0_i_441/O
                         net (fo=22, routed)          0.760     5.214    soc_top_inst/mycpu_top_inst/VTop_inst/core/u_commit/u_csr/dbg_cpu_valid_INST_0_i_441_n_0
    SLICE_X43Y31         LUT2 (Prop_lut2_I1_O)        0.326     5.540 r  soc_top_inst/mycpu_top_inst/VTop_inst/core/u_commit/u_csr/dbg_cpu_valid_INST_0_i_1233/O
                         net (fo=1, routed)           0.000     5.540    soc_top_inst/mycpu_top_inst/VTop_inst/core/u_commit/u_csr/dbg_cpu_valid_INST_0_i_1233_n_0
    SLICE_X43Y31         CARRY4 (Prop_carry4_S[0]_CO[3])
                                                      0.532     6.072 r  soc_top_inst/mycpu_top_inst/VTop_inst/core/u_commit/u_csr/dbg_cpu_valid_INST_0_i_1126/CO[3]
                         net (fo=1, routed)           0.000     6.072    soc_top_inst/mycpu_top_inst/VTop_inst/core/u_commit/u_csr/dbg_cpu_valid_INST_0_i_1126_n_0
    SLICE_X43Y32         CARRY4 (Prop_carry4_CI_CO[3])
                                                      0.114     6.186 r  soc_top_inst/mycpu_top_inst/VTop_inst/core/u_commit/u_csr/dbg_cpu_valid_INST_0_i_979/CO[3]
                         net (fo=1, routed)           0.000     6.186    soc_top_inst/mycpu_top_inst/VTop_inst/core/u_commit/u_csr/dbg_cpu_valid_INST_0_i_979_n_0
    SLICE_X43Y33         CARRY4 (Prop_carry4_CI_CO[3])
                                                      0.114     6.300 r  soc_top_inst/mycpu_top_inst/VTop_inst/core/u_commit/u_csr/dbg_cpu_valid_INST_0_i_810/CO[3]
                         net (fo=1, routed)           0.000     6.300    soc_top_inst/mycpu_top_inst/VTop_inst/core/u_commit/u_csr/dbg_cpu_valid_INST_0_i_810_n_0
    SLICE_X43Y34         CARRY4 (Prop_carry4_CI_CO[3])
                                                      0.114     6.414 r  soc_top_inst/mycpu_top_inst/VTop_inst/core/u_commit/u_csr/dbg_cpu_valid_INST_0_i_809/CO[3]
                         net (fo=1, routed)           0.000     6.414    soc_top_inst/mycpu_top_inst/VTop_inst/core/u_commit/u_csr/dbg_cpu_valid_INST_0_i_809_n_0
    SLICE_X43Y35         CARRY4 (Prop_carry4_CI_O[1])
                                                      0.334     6.748 r  soc_top_inst/mycpu_top_inst/VTop_inst/core/u_commit/u_csr/dbg_cpu_valid_INST_0_i_629/O[1]
                         net (fo=8, routed)           0.869     7.617    soc_top_inst/mycpu_top_inst/VTop_inst/core/u_commit/u_csr/dbg_cpu_valid_INST_0_i_826_0[1]
    SLICE_X41Y35         LUT4 (Prop_lut4_I0_O)        0.303     7.920 r  soc_top_inst/mycpu_top_inst/VTop_inst/core/u_commit/u_csr/dbg_cpu_valid_INST_0_i_956/O
                         net (fo=1, routed)           0.000     7.920    soc_top_inst/mycpu_top_inst/VTop_inst/core/u_commit/u_csr/dbg_cpu_valid_INST_0_i_956_n_0
    SLICE_X41Y35         CARRY4 (Prop_carry4_S[1]_CO[3])
                                                      0.550     8.470 r  soc_top_inst/mycpu_top_inst/VTop_inst/core/u_commit/u_csr/dbg_cpu_valid_INST_0_i_762/CO[3]
                         net (fo=1, routed)           0.000     8.470    soc_top_inst/mycpu_top_inst/VTop_inst/core/u_commit/u_csr/dbg_cpu_valid_INST_0_i_762_n_0
    SLICE_X41Y36         CARRY4 (Prop_carry4_CI_CO[3])
                                                      0.114     8.584 r  soc_top_inst/mycpu_top_inst/VTop_inst/core/u_commit/u_csr/dbg_cpu_valid_INST_0_i_761/CO[3]
                         net (fo=1, routed)           0.000     8.584    soc_top_inst/mycpu_top_inst/VTop_inst/core/u_commit/u_csr/dbg_cpu_valid_INST_0_i_761_n_0
    SLICE_X41Y37         CARRY4 (Prop_carry4_CI_CO[3])
                                                      0.114     8.698 r  soc_top_inst/mycpu_top_inst/VTop_inst/core/u_commit/u_csr/dbg_cpu_valid_INST_0_i_591/CO[3]
                         net (fo=1, routed)           0.000     8.698    soc_top_inst/mycpu_top_inst/VTop_inst/core/u_commit/u_csr/dbg_cpu_valid_INST_0_i_591_n_0
    SLICE_X41Y38         CARRY4 (Prop_carry4_CI_CO[3])
                                                      0.114     8.812 r  soc_top_inst/mycpu_top_inst/VTop_inst/core/u_commit/u_csr/dbg_cpu_valid_INST_0_i_590/CO[3]
                         net (fo=1, routed)           0.000     8.812    soc_top_inst/mycpu_top_inst/VTop_inst/core/u_commit/u_csr/dbg_cpu_valid_INST_0_i_590_n_0
    SLICE_X41Y39         CARRY4 (Prop_carry4_CI_CO[3])
                                                      0.114     8.926 r  soc_top_inst/mycpu_top_inst/VTop_inst/core/u_commit/u_csr/dbg_cpu_valid_INST_0_i_418/CO[3]
                         net (fo=1, routed)           0.000     8.926    soc_top_inst/mycpu_top_inst/VTop_inst/core/u_commit/u_csr/dbg_cpu_valid_INST_0_i_418_n_0
    SLICE_X41Y40         CARRY4 (Prop_carry4_CI_CO[3])
                                                      0.114     9.040 r  soc_top_inst/mycpu_top_inst/VTop_inst/core/u_commit/u_csr/dbg_cpu_valid_INST_0_i_417/CO[3]
                         net (fo=1, routed)           0.000     9.040    soc_top_inst/mycpu_top_inst/VTop_inst/core/u_commit/u_csr/dbg_cpu_valid_INST_0_i_417_n_0
    SLICE_X41Y41         CARRY4 (Prop_carry4_CI_CO[3])
                                                      0.114     9.154 r  soc_top_inst/mycpu_top_inst/VTop_inst/core/u_commit/u_csr/dbg_cpu_valid_INST_0_i_257/CO[3]
                         net (fo=1, routed)           0.000     9.154    soc_top_inst/mycpu_top_inst/VTop_inst/core/u_commit/u_csr/dbg_cpu_valid_INST_0_i_257_n_0
    SLICE_X41Y42         CARRY4 (Prop_carry4_CI_CO[3])
                                                      0.114     9.268 r  soc_top_inst/mycpu_top_inst/VTop_inst/core/u_commit/u_csr/dbg_cpu_valid_INST_0_i_256/CO[3]
                         net (fo=1, routed)           0.000     9.268    soc_top_inst/mycpu_top_inst/VTop_inst/core/u_commit/u_csr/dbg_cpu_valid_INST_0_i_256_n_0
    SLICE_X41Y43         CARRY4 (Prop_carry4_CI_CO[3])
                                                      0.114     9.382 r  soc_top_inst/mycpu_top_inst/VTop_inst/core/u_commit/u_csr/dbg_cpu_valid_INST_0_i_138/CO[3]
                         net (fo=1, routed)           0.000     9.382    soc_top_inst/mycpu_top_inst/VTop_inst/core/u_commit/u_csr/dbg_cpu_valid_INST_0_i_138_n_0
    SLICE_X41Y44         CARRY4 (Prop_carry4_CI_O[1])
                                                      0.334     9.716 r  soc_top_inst/mycpu_top_inst/VTop_inst/core/u_commit/u_csr/dbg_cpu_valid_INST_0_i_137/O[1]
                         net (fo=6, routed)           0.955    10.672    soc_top_inst/mycpu_top_inst/VTop_inst/core/u_commit/u_csr/dbg_cpu_valid_INST_0_i_137_n_6
    SLICE_X38Y42         LUT4 (Prop_lut4_I3_O)        0.303    10.975 r  soc_top_inst/mycpu_top_inst/VTop_inst/core/u_commit/u_csr/dbg_cpu_valid_INST_0_i_65/O
                         net (fo=1, routed)           0.000    10.975    soc_top_inst/mycpu_top_inst/VTop_inst/core/u_commit/u_csr/dbg_cpu_valid_INST_0_i_65_n_0
    SLICE_X38Y42         CARRY4 (Prop_carry4_S[1]_CO[3])
                                                      0.533    11.508 r  soc_top_inst/mycpu_top_inst/VTop_inst/core/u_commit/u_csr/dbg_cpu_valid_INST_0_i_27/CO[3]
                         net (fo=2, routed)           0.862    12.370    soc_top_inst/mycpu_top_inst/VTop_inst/core/u_commit/u_csr/u_mmu/pmp_entry_match11
    SLICE_X43Y44         LUT5 (Prop_lut5_I1_O)        0.119    12.489 r  soc_top_inst/mycpu_top_inst/VTop_inst/core/u_commit/u_csr/dbg_cpu_valid_INST_0_i_18/O
                         net (fo=1, routed)           0.307    12.796    soc_top_inst/mycpu_top_inst/VTop_inst/core/u_commit/u_csr/u_mmu/pmp_entry_match1_return
    SLICE_X44Y44         LUT6 (Prop_lut6_I3_O)        0.332    13.128 f  soc_top_inst/mycpu_top_inst/VTop_inst/core/u_commit/u_csr/dbg_cpu_valid_INST_0_i_7/O
                         net (fo=4, routed)           0.456    13.584    soc_top_inst/mycpu_top_inst/VTop_inst/core/u_commit/u_csr/dreq_out14_out
    SLICE_X44Y44         LUT6 (Prop_lut6_I3_O)        0.124    13.708 f  soc_top_inst/mycpu_top_inst/VTop_inst/core/u_commit/u_csr/dbg_cpu_valid_INST_0_i_2/O
                         net (fo=142, routed)         0.660    14.368    soc_top_inst/mycpu_top_inst/VTop_inst/icvt/inst/lock_select_reg[0]
    SLICE_X47Y40         LUT4 (Prop_lut4_I3_O)        0.124    14.492 f  soc_top_inst/mycpu_top_inst/VTop_inst/icvt/inst/lock_select[0]_i_2/O
                         net (fo=163, routed)         1.567    16.059    soc_top_inst/mycpu_top_inst/VTop_inst/u_mmu/any_valid1
    SLICE_X59Y42         LUT6 (Prop_lut6_I0_O)        0.124    16.183 f  soc_top_inst/mycpu_top_inst/VTop_inst/u_mmu/lock_req[addr][32]_i_1/O
                         net (fo=2, routed)           0.693    16.876    soc_top_inst/mycpu_top_inst/VTop_inst/mux/lock_req_reg[addr][63]_3[32]
    SLICE_X59Y42         LUT3 (Prop_lut3_I2_O)        0.150    17.026 f  soc_top_inst/mycpu_top_inst/VTop_inst/mux/uart_thr_write_req1_carry__1_i_7/O
                         net (fo=10, routed)          1.039    18.065    soc_top_inst/mycpu_top_inst/VTop_inst/mux/addr[32]
    SLICE_X54Y40         LUT2 (Prop_lut2_I0_O)        0.326    18.391 r  soc_top_inst/mycpu_top_inst/VTop_inst/mux/cpu_rmw_pending_strobe[3]_i_60/O
                         net (fo=1, routed)           0.000    18.391    soc_top_inst/mycpu_top_inst/VTop_inst/mux/cpu_rmw_pending_strobe[3]_i_60_n_0
    SLICE_X54Y40         CARRY4 (Prop_carry4_S[0]_CO[3])
                                                      0.513    18.904 r  soc_top_inst/mycpu_top_inst/VTop_inst/mux/cpu_rmw_pending_strobe_reg[3]_i_42/CO[3]
                         net (fo=1, routed)           0.000    18.904    soc_top_inst/mycpu_top_inst/VTop_inst/mux/cpu_rmw_pending_strobe_reg[3]_i_42_n_0
    SLICE_X54Y41         CARRY4 (Prop_carry4_CI_CO[3])
                                                      0.117    19.021 r  soc_top_inst/mycpu_top_inst/VTop_inst/mux/cpu_rmw_pending_strobe_reg[3]_i_28/CO[3]
                         net (fo=1, routed)           0.000    19.021    soc_top_inst/mycpu_top_inst/VTop_inst/mux/cpu_rmw_pending_strobe_reg[3]_i_28_n_0
    SLICE_X54Y42         CARRY4 (Prop_carry4_CI_CO[3])
                                                      0.117    19.138 r  soc_top_inst/mycpu_top_inst/VTop_inst/mux/cpu_rmw_pending_strobe_reg[3]_i_14/CO[3]
                         net (fo=1, routed)           0.000    19.138    soc_top_inst/mycpu_top_inst/VTop_inst/mux/cpu_rmw_pending_strobe_reg[3]_i_14_n_0
    SLICE_X54Y43         CARRY4 (Prop_carry4_CI_CO[3])
                                                      0.117    19.255 f  soc_top_inst/mycpu_top_inst/VTop_inst/mux/cpu_rmw_pending_strobe_reg[3]_i_4/CO[3]
                         net (fo=11, routed)          1.398    20.652    soc_top_inst/mycpu_top_inst/VTop_inst/mux/device_inst/is_disk_data_read0
    SLICE_X58Y42         LUT5 (Prop_lut5_I0_O)        0.152    20.804 r  soc_top_inst/mycpu_top_inst/VTop_inst/mux/gen_real_disk.disk_raddr_offset[2]_i_2/O
                         net (fo=6, routed)           0.600    21.404    soc_top_inst/device_inst/gen_real_disk.disk_read_pending_reg_0
    SLICE_X58Y44         LUT5 (Prop_lut5_I3_O)        0.332    21.736 r  soc_top_inst/device_inst/lock_select[0]_i_5/O
                         net (fo=2, routed)           0.911    22.647    soc_top_inst/bram_wrapper_inst/device_last
    SLICE_X56Y47         LUT3 (Prop_lut3_I2_O)        0.150    22.797 r  soc_top_inst/bram_wrapper_inst/lock_select[0]_i_4/O
                         net (fo=8, routed)           0.836    23.634    soc_top_inst/bram_wrapper_inst/last
    SLICE_X48Y47         LUT2 (Prop_lut2_I0_O)        0.348    23.982 f  soc_top_inst/bram_wrapper_inst/req_inflight_i_3__0/O
                         net (fo=3, routed)           0.513    24.494    soc_top_inst/mycpu_top_inst/VTop_inst/u_mmu/csr_mepc[62]_i_14_1
    SLICE_X48Y47         LUT5 (Prop_lut5_I2_O)        0.124    24.618 r  soc_top_inst/mycpu_top_inst/VTop_inst/u_mmu/csr_mepc[62]_i_21/O
                         net (fo=1, routed)           0.777    25.395    soc_top_inst/mycpu_top_inst/VTop_inst/u_mmu/csr_mepc[62]_i_21_n_0
    SLICE_X48Y44         LUT5 (Prop_lut5_I1_O)        0.124    25.519 r  soc_top_inst/mycpu_top_inst/VTop_inst/u_mmu/csr_mepc[62]_i_14/O
                         net (fo=9, routed)           0.737    26.256    soc_top_inst/mycpu_top_inst/VTop_inst/u_mmu/u_bit_fault_insn
    SLICE_X44Y48         LUT6 (Prop_lut6_I5_O)        0.124    26.380 r  soc_top_inst/mycpu_top_inst/VTop_inst/u_mmu/wb_r[is_instr_misalign]_i_10/O
                         net (fo=1, routed)           0.435    26.815    soc_top_inst/mycpu_top_inst/VTop_inst/u_mmu/wb_r[is_instr_misalign]_i_10_n_0
    SLICE_X42Y48         LUT6 (Prop_lut6_I5_O)        0.124    26.939 r  soc_top_inst/mycpu_top_inst/VTop_inst/u_mmu/wb_r[is_instr_misalign]_i_4/O
                         net (fo=6, routed)           0.861    27.801    soc_top_inst/mycpu_top_inst/VTop_inst/core/u_commit/u_csr/walk_fault
    SLICE_X32Y48         LUT3 (Prop_lut3_I0_O)        0.149    27.950 r  soc_top_inst/mycpu_top_inst/VTop_inst/core/u_commit/u_csr/csr_mstatus[63]_i_3/O
                         net (fo=97, routed)          1.010    28.960    soc_top_inst/mycpu_top_inst/VTop_inst/core/u_commit/u_csr/fetch_redirect_bubble_reg[0]
    SLICE_X14Y38         LUT6 (Prop_lut6_I4_O)        0.332    29.292 f  soc_top_inst/mycpu_top_inst/VTop_inst/core/u_commit/u_csr/csr_pmpaddr0_r[63]_i_6/O
                         net (fo=68, routed)          1.011    30.302    soc_top_inst/mycpu_top_inst/VTop_inst/core/u_commit_n_568
    SLICE_X28Y46         LUT4 (Prop_lut4_I3_O)        0.124    30.426 f  soc_top_inst/mycpu_top_inst/VTop_inst/core/wb_r[is_instr_misalign]_i_2/O
                         net (fo=7, routed)           0.473    30.899    soc_top_inst/mycpu_top_inst/VTop_inst/core/mret_redirect
    SLICE_X28Y46         LUT2 (Prop_lut2_I0_O)        0.124    31.023 f  soc_top_inst/mycpu_top_inst/VTop_inst/core/fetch_redirect_bubble[0]_i_3/O
                         net (fo=70, routed)          0.769    31.792    soc_top_inst/mycpu_top_inst/VTop_inst/core/u_commit/p_8_in
    SLICE_X29Y54         LUT6 (Prop_lut6_I1_O)        0.124    31.916 r  soc_top_inst/mycpu_top_inst/VTop_inst/core/u_commit/ex_r[is_load]_i_2/O
                         net (fo=418, routed)         0.674    32.590    soc_top_inst/mycpu_top_inst/VTop_inst/core/u_commit/ex_r55_out
    SLICE_X32Y55         LUT5 (Prop_lut5_I0_O)        0.124    32.714 r  soc_top_inst/mycpu_top_inst/VTop_inst/core/u_commit/ex_r[is_load]_i_7/O
                         net (fo=1, routed)           0.564    33.278    soc_top_inst/mycpu_top_inst/VTop_inst/core/u_commit/ex_r[is_load]_i_7_n_0
    SLICE_X31Y55         LUT6 (Prop_lut6_I5_O)        0.124    33.402 r  soc_top_inst/mycpu_top_inst/VTop_inst/core/u_commit/ex_r[is_load]_i_1/O
                         net (fo=418, routed)         1.676    35.078    soc_top_inst/mycpu_top_inst/VTop_inst/core/ex_r
    SLICE_X7Y65          FDRE                                         r  soc_top_inst/mycpu_top_inst/VTop_inst/core/ex_r_reg[rs2_store][60]/R
  -------------------------------------------------------------------    -------------------

                         (clock cpu_clk_clk_wiz_0 rise edge)
                                                     40.000    40.000 r  
    W5                   IBUF                         0.000    40.000 r  clk_IBUF_inst/O
                         net (fo=27, routed)          1.162    41.162    soc_top_inst/clk_wiz_0/inst/sys_clk
    MMCME2_ADV_X1Y0      MMCME2_ADV (Prop_mmcme2_adv_CLKIN1_CLKOUT0)
                                                     -7.217    33.944 r  soc_top_inst/clk_wiz_0/inst/mmcm_adv_inst/CLKOUT0
                         net (fo=1, routed)           1.581    35.526    soc_top_inst/clk_wiz_0/inst/cpu_clk_clk_wiz_0
    BUFGCTRL_X0Y0        BUFG (Prop_bufg_I_O)         0.091    35.617 r  soc_top_inst/clk_wiz_0/inst/clkout1_buf/O
                         net (fo=6623, routed)        1.501    37.117    soc_top_inst/mycpu_top_inst/VTop_inst/core/cpu_clk
    SLICE_X7Y65          FDRE                                         r  soc_top_inst/mycpu_top_inst/VTop_inst/core/ex_r_reg[rs2_store][60]/C
                         clock pessimism              0.413    37.530    
                         clock uncertainty           -0.098    37.433    
    SLICE_X7Y65          FDRE (Setup_fdre_C_R)       -0.429    37.004    soc_top_inst/mycpu_top_inst/VTop_inst/core/ex_r_reg[rs2_store][60]
  -------------------------------------------------------------------
                         required time                         37.004    
                         arrival time                         -35.078    
  -------------------------------------------------------------------
                         slack                                  1.926    





Min Delay Paths
--------------------------------------------------------------------------------------
Slack (MET) :             0.026ns  (arrival time - required time)
  Source:                 soc_top_inst/mycpu_top_inst/VTop_inst/core/mem_r_reg[csr_wdata][15]/C
                            (rising edge-triggered cell FDRE clocked by cpu_clk_clk_wiz_0  {rise@0.000ns fall@20.000ns period=40.000ns})
  Destination:            soc_top_inst/mycpu_top_inst/VTop_inst/core/wb_r_reg[csr_wdata][15]/D
                            (rising edge-triggered cell FDRE clocked by cpu_clk_clk_wiz_0  {rise@0.000ns fall@20.000ns period=40.000ns})
  Path Group:             cpu_clk_clk_wiz_0
  Path Type:              Hold (Min at Fast Process Corner)
  Requirement:            0.000ns  (cpu_clk_clk_wiz_0 rise@0.000ns - cpu_clk_clk_wiz_0 rise@0.000ns)
  Data Path Delay:        0.315ns  (logic 0.148ns (46.981%)  route 0.167ns (53.019%))
  Logic Levels:           0  
  Clock Path Skew:        0.272ns (DCD - SCD - CPR)
    Destination Clock Delay (DCD):    -1.267ns
    Source Clock Delay      (SCD):    -0.843ns
    Clock Pessimism Removal (CPR):    -0.696ns

    Location             Delay type                Incr(ns)  Path(ns)    Netlist Resource(s)
  -------------------------------------------------------------------    -------------------
                         (clock cpu_clk_clk_wiz_0 rise edge)
                                                      0.000     0.000 r  
    W5                   IBUF                         0.000     0.000 r  clk_IBUF_inst/O
                         net (fo=27, routed)          0.440     0.440    soc_top_inst/clk_wiz_0/inst/sys_clk
    MMCME2_ADV_X1Y0      MMCME2_ADV (Prop_mmcme2_adv_CLKIN1_CLKOUT0)
                                                     -2.360    -1.919 r  soc_top_inst/clk_wiz_0/inst/mmcm_adv_inst/CLKOUT0
                         net (fo=1, routed)           0.486    -1.433    soc_top_inst/clk_wiz_0/inst/cpu_clk_clk_wiz_0
    BUFGCTRL_X0Y0        BUFG (Prop_bufg_I_O)         0.026    -1.407 r  soc_top_inst/clk_wiz_0/inst/clkout1_buf/O
                         net (fo=6623, routed)        0.565    -0.843    soc_top_inst/mycpu_top_inst/VTop_inst/core/cpu_clk
    SLICE_X14Y51         FDRE                                         r  soc_top_inst/mycpu_top_inst/VTop_inst/core/mem_r_reg[csr_wdata][15]/C
  -------------------------------------------------------------------    -------------------
    SLICE_X14Y51         FDRE (Prop_fdre_C_Q)         0.148    -0.695 r  soc_top_inst/mycpu_top_inst/VTop_inst/core/mem_r_reg[csr_wdata][15]/Q
                         net (fo=2, routed)           0.167    -0.528    soc_top_inst/mycpu_top_inst/VTop_inst/core/mem_r_reg[csr_wdata_n_0_][15]
    SLICE_X13Y49         FDRE                                         r  soc_top_inst/mycpu_top_inst/VTop_inst/core/wb_r_reg[csr_wdata][15]/D
  -------------------------------------------------------------------    -------------------

                         (clock cpu_clk_clk_wiz_0 rise edge)
                                                      0.000     0.000 r  
    W5                   IBUF                         0.000     0.000 r  clk_IBUF_inst/O
                         net (fo=27, routed)          0.480     0.480    soc_top_inst/clk_wiz_0/inst/sys_clk
    MMCME2_ADV_X1Y0      MMCME2_ADV (Prop_mmcme2_adv_CLKIN1_CLKOUT0)
                                                     -3.142    -2.662 r  soc_top_inst/clk_wiz_0/inst/mmcm_adv_inst/CLKOUT0
                         net (fo=1, routed)           0.530    -2.133    soc_top_inst/clk_wiz_0/inst/cpu_clk_clk_wiz_0
    BUFGCTRL_X0Y0        BUFG (Prop_bufg_I_O)         0.029    -2.104 r  soc_top_inst/clk_wiz_0/inst/clkout1_buf/O
                         net (fo=6623, routed)        0.837    -1.267    soc_top_inst/mycpu_top_inst/VTop_inst/core/cpu_clk
    SLICE_X13Y49         FDRE                                         r  soc_top_inst/mycpu_top_inst/VTop_inst/core/wb_r_reg[csr_wdata][15]/C
                         clock pessimism              0.696    -0.571    
    SLICE_X13Y49         FDRE (Hold_fdre_C_D)         0.017    -0.554    soc_top_inst/mycpu_top_inst/VTop_inst/core/wb_r_reg[csr_wdata][15]
  -------------------------------------------------------------------
                         required time                          0.554    
                         arrival time                          -0.528    
  -------------------------------------------------------------------
                         slack                                  0.026    

Slack (MET) :             0.027ns  (arrival time - required time)
  Source:                 soc_top_inst/mycpu_top_inst/VTop_inst/core/fetch_pc_reg[8]/C
                            (rising edge-triggered cell FDRE clocked by cpu_clk_clk_wiz_0  {rise@0.000ns fall@20.000ns period=40.000ns})
  Destination:            soc_top_inst/mycpu_top_inst/VTop_inst/core/fetch_req_pc_reg[8]/D
                            (rising edge-triggered cell FDRE clocked by cpu_clk_clk_wiz_0  {rise@0.000ns fall@20.000ns period=40.000ns})
  Path Group:             cpu_clk_clk_wiz_0
  Path Type:              Hold (Min at Fast Process Corner)
  Requirement:            0.000ns  (cpu_clk_clk_wiz_0 rise@0.000ns - cpu_clk_clk_wiz_0 rise@0.000ns)
  Data Path Delay:        0.365ns  (logic 0.141ns (38.613%)  route 0.224ns (61.387%))
  Logic Levels:           0  
  Clock Path Skew:        0.266ns (DCD - SCD - CPR)
    Destination Clock Delay (DCD):    -1.271ns
    Source Clock Delay      (SCD):    -0.846ns
    Clock Pessimism Removal (CPR):    -0.691ns

    Location             Delay type                Incr(ns)  Path(ns)    Netlist Resource(s)
  -------------------------------------------------------------------    -------------------
                         (clock cpu_clk_clk_wiz_0 rise edge)
                                                      0.000     0.000 r  
    W5                   IBUF                         0.000     0.000 r  clk_IBUF_inst/O
                         net (fo=27, routed)          0.440     0.440    soc_top_inst/clk_wiz_0/inst/sys_clk
    MMCME2_ADV_X1Y0      MMCME2_ADV (Prop_mmcme2_adv_CLKIN1_CLKOUT0)
                                                     -2.360    -1.919 r  soc_top_inst/clk_wiz_0/inst/mmcm_adv_inst/CLKOUT0
                         net (fo=1, routed)           0.486    -1.433    soc_top_inst/clk_wiz_0/inst/cpu_clk_clk_wiz_0
    BUFGCTRL_X0Y0        BUFG (Prop_bufg_I_O)         0.026    -1.407 r  soc_top_inst/clk_wiz_0/inst/clkout1_buf/O
                         net (fo=6623, routed)        0.562    -0.846    soc_top_inst/mycpu_top_inst/VTop_inst/core/cpu_clk
    SLICE_X35Y46         FDRE                                         r  soc_top_inst/mycpu_top_inst/VTop_inst/core/fetch_pc_reg[8]/C
  -------------------------------------------------------------------    -------------------
    SLICE_X35Y46         FDRE (Prop_fdre_C_Q)         0.141    -0.705 r  soc_top_inst/mycpu_top_inst/VTop_inst/core/fetch_pc_reg[8]/Q
                         net (fo=2, routed)           0.224    -0.481    soc_top_inst/mycpu_top_inst/VTop_inst/core/fetch_pc_reg_n_0_[8]
    SLICE_X37Y48         FDRE                                         r  soc_top_inst/mycpu_top_inst/VTop_inst/core/fetch_req_pc_reg[8]/D
  -------------------------------------------------------------------    -------------------

                         (clock cpu_clk_clk_wiz_0 rise edge)
                                                      0.000     0.000 r  
    W5                   IBUF                         0.000     0.000 r  clk_IBUF_inst/O
                         net (fo=27, routed)          0.480     0.480    soc_top_inst/clk_wiz_0/inst/sys_clk
    MMCME2_ADV_X1Y0      MMCME2_ADV (Prop_mmcme2_adv_CLKIN1_CLKOUT0)
                                                     -3.142    -2.662 r  soc_top_inst/clk_wiz_0/inst/mmcm_adv_inst/CLKOUT0
                         net (fo=1, routed)           0.530    -2.133    soc_top_inst/clk_wiz_0/inst/cpu_clk_clk_wiz_0
    BUFGCTRL_X0Y0        BUFG (Prop_bufg_I_O)         0.029    -2.104 r  soc_top_inst/clk_wiz_0/inst/clkout1_buf/O
                         net (fo=6623, routed)        0.833    -1.271    soc_top_inst/mycpu_top_inst/VTop_inst/core/cpu_clk
    SLICE_X37Y48         FDRE                                         r  soc_top_inst/mycpu_top_inst/VTop_inst/core/fetch_req_pc_reg[8]/C
                         clock pessimism              0.691    -0.580    
    SLICE_X37Y48         FDRE (Hold_fdre_C_D)         0.072    -0.508    soc_top_inst/mycpu_top_inst/VTop_inst/core/fetch_req_pc_reg[8]
  -------------------------------------------------------------------
                         required time                          0.508    
                         arrival time                          -0.481    
  -------------------------------------------------------------------
                         slack                                  0.027    

Slack (MET) :             0.037ns  (arrival time - required time)
  Source:                 soc_top_inst/mycpu_top_inst/VTop_inst/core/fetch_buf_pc_reg[4]/C
                            (rising edge-triggered cell FDRE clocked by cpu_clk_clk_wiz_0  {rise@0.000ns fall@20.000ns period=40.000ns})
  Destination:            soc_top_inst/mycpu_top_inst/VTop_inst/core/id_r_reg[pc][4]/D
                            (rising edge-triggered cell FDRE clocked by cpu_clk_clk_wiz_0  {rise@0.000ns fall@20.000ns period=40.000ns})
  Path Group:             cpu_clk_clk_wiz_0
  Path Type:              Hold (Min at Fast Process Corner)
  Requirement:            0.000ns  (cpu_clk_clk_wiz_0 rise@0.000ns - cpu_clk_clk_wiz_0 rise@0.000ns)
  Data Path Delay:        0.396ns  (logic 0.186ns (46.989%)  route 0.210ns (53.011%))
  Logic Levels:           1  (LUT3=1)
  Clock Path Skew:        0.267ns (DCD - SCD - CPR)
    Destination Clock Delay (DCD):    -1.273ns
    Source Clock Delay      (SCD):    -0.844ns
    Clock Pessimism Removal (CPR):    -0.696ns

    Location             Delay type                Incr(ns)  Path(ns)    Netlist Resource(s)
  -------------------------------------------------------------------    -------------------
                         (clock cpu_clk_clk_wiz_0 rise edge)
                                                      0.000     0.000 r  
    W5                   IBUF                         0.000     0.000 r  clk_IBUF_inst/O
                         net (fo=27, routed)          0.440     0.440    soc_top_inst/clk_wiz_0/inst/sys_clk
    MMCME2_ADV_X1Y0      MMCME2_ADV (Prop_mmcme2_adv_CLKIN1_CLKOUT0)
                                                     -2.360    -1.919 r  soc_top_inst/clk_wiz_0/inst/mmcm_adv_inst/CLKOUT0
                         net (fo=1, routed)           0.486    -1.433    soc_top_inst/clk_wiz_0/inst/cpu_clk_clk_wiz_0
    BUFGCTRL_X0Y0        BUFG (Prop_bufg_I_O)         0.026    -1.407 r  soc_top_inst/clk_wiz_0/inst/clkout1_buf/O
                         net (fo=6623, routed)        0.564    -0.844    soc_top_inst/mycpu_top_inst/VTop_inst/core/cpu_clk
    SLICE_X40Y49         FDRE                                         r  soc_top_inst/mycpu_top_inst/VTop_inst/core/fetch_buf_pc_reg[4]/C
  -------------------------------------------------------------------    -------------------
    SLICE_X40Y49         FDRE (Prop_fdre_C_Q)         0.141    -0.703 r  soc_top_inst/mycpu_top_inst/VTop_inst/core/fetch_buf_pc_reg[4]/Q
                         net (fo=1, routed)           0.210    -0.493    soc_top_inst/mycpu_top_inst/VTop_inst/core/u_commit/id_r_reg[pc][63]_0[4]
    SLICE_X39Y50         LUT3 (Prop_lut3_I0_O)        0.045    -0.448 r  soc_top_inst/mycpu_top_inst/VTop_inst/core/u_commit/id_r[pc][4]_i_1/O
                         net (fo=1, routed)           0.000    -0.448    soc_top_inst/mycpu_top_inst/VTop_inst/core/u_commit_n_664
    SLICE_X39Y50         FDRE                                         r  soc_top_inst/mycpu_top_inst/VTop_inst/core/id_r_reg[pc][4]/D
  -------------------------------------------------------------------    -------------------

                         (clock cpu_clk_clk_wiz_0 rise edge)
                                                      0.000     0.000 r  
    W5                   IBUF                         0.000     0.000 r  clk_IBUF_inst/O
                         net (fo=27, routed)          0.480     0.480    soc_top_inst/clk_wiz_0/inst/sys_clk
    MMCME2_ADV_X1Y0      MMCME2_ADV (Prop_mmcme2_adv_CLKIN1_CLKOUT0)
                                                     -3.142    -2.662 r  soc_top_inst/clk_wiz_0/inst/mmcm_adv_inst/CLKOUT0
                         net (fo=1, routed)           0.530    -2.133    soc_top_inst/clk_wiz_0/inst/cpu_clk_clk_wiz_0
    BUFGCTRL_X0Y0        BUFG (Prop_bufg_I_O)         0.029    -2.104 r  soc_top_inst/clk_wiz_0/inst/clkout1_buf/O
                         net (fo=6623, routed)        0.830    -1.273    soc_top_inst/mycpu_top_inst/VTop_inst/core/cpu_clk
    SLICE_X39Y50         FDRE                                         r  soc_top_inst/mycpu_top_inst/VTop_inst/core/id_r_reg[pc][4]/C
                         clock pessimism              0.696    -0.577    
    SLICE_X39Y50         FDRE (Hold_fdre_C_D)         0.092    -0.485    soc_top_inst/mycpu_top_inst/VTop_inst/core/id_r_reg[pc][4]
  -------------------------------------------------------------------
                         required time                          0.485    
                         arrival time                          -0.448    
  -------------------------------------------------------------------
                         slack                                  0.037    

Slack (MET) :             0.040ns  (arrival time - required time)
  Source:                 soc_top_inst/mycpu_top_inst/VTop_inst/core/mem_r_reg[mem_addr][41]/C
                            (rising edge-triggered cell FDRE clocked by cpu_clk_clk_wiz_0  {rise@0.000ns fall@20.000ns period=40.000ns})
  Destination:            soc_top_inst/mycpu_top_inst/VTop_inst/core/wb_r_reg[mem_addr][41]/D
                            (rising edge-triggered cell FDRE clocked by cpu_clk_clk_wiz_0  {rise@0.000ns fall@20.000ns period=40.000ns})
  Path Group:             cpu_clk_clk_wiz_0
  Path Type:              Hold (Min at Fast Process Corner)
  Requirement:            0.000ns  (cpu_clk_clk_wiz_0 rise@0.000ns - cpu_clk_clk_wiz_0 rise@0.000ns)
  Data Path Delay:        0.318ns  (logic 0.128ns (40.237%)  route 0.190ns (59.763%))
  Logic Levels:           0  
  Clock Path Skew:        0.265ns (DCD - SCD - CPR)
    Destination Clock Delay (DCD):    -1.273ns
    Source Clock Delay      (SCD):    -0.847ns
    Clock Pessimism Removal (CPR):    -0.691ns

    Location             Delay type                Incr(ns)  Path(ns)    Netlist Resource(s)
  -------------------------------------------------------------------    -------------------
                         (clock cpu_clk_clk_wiz_0 rise edge)
                                                      0.000     0.000 r  
    W5                   IBUF                         0.000     0.000 r  clk_IBUF_inst/O
                         net (fo=27, routed)          0.440     0.440    soc_top_inst/clk_wiz_0/inst/sys_clk
    MMCME2_ADV_X1Y0      MMCME2_ADV (Prop_mmcme2_adv_CLKIN1_CLKOUT0)
                                                     -2.360    -1.919 r  soc_top_inst/clk_wiz_0/inst/mmcm_adv_inst/CLKOUT0
                         net (fo=1, routed)           0.486    -1.433    soc_top_inst/clk_wiz_0/inst/cpu_clk_clk_wiz_0
    BUFGCTRL_X0Y0        BUFG (Prop_bufg_I_O)         0.026    -1.407 r  soc_top_inst/clk_wiz_0/inst/clkout1_buf/O
                         net (fo=6623, routed)        0.561    -0.847    soc_top_inst/mycpu_top_inst/VTop_inst/core/cpu_clk
    SLICE_X36Y53         FDRE                                         r  soc_top_inst/mycpu_top_inst/VTop_inst/core/mem_r_reg[mem_addr][41]/C
  -------------------------------------------------------------------    -------------------
    SLICE_X36Y53         FDRE (Prop_fdre_C_Q)         0.128    -0.719 r  soc_top_inst/mycpu_top_inst/VTop_inst/core/mem_r_reg[mem_addr][41]/Q
                         net (fo=2, routed)           0.190    -0.529    soc_top_inst/mycpu_top_inst/VTop_inst/core/mem_r_reg[mem_addr_n_0_][41]
    SLICE_X32Y52         FDRE                                         r  soc_top_inst/mycpu_top_inst/VTop_inst/core/wb_r_reg[mem_addr][41]/D
  -------------------------------------------------------------------    -------------------

                         (clock cpu_clk_clk_wiz_0 rise edge)
                                                      0.000     0.000 r  
    W5                   IBUF                         0.000     0.000 r  clk_IBUF_inst/O
                         net (fo=27, routed)          0.480     0.480    soc_top_inst/clk_wiz_0/inst/sys_clk
    MMCME2_ADV_X1Y0      MMCME2_ADV (Prop_mmcme2_adv_CLKIN1_CLKOUT0)
                                                     -3.142    -2.662 r  soc_top_inst/clk_wiz_0/inst/mmcm_adv_inst/CLKOUT0
                         net (fo=1, routed)           0.530    -2.133    soc_top_inst/clk_wiz_0/inst/cpu_clk_clk_wiz_0
    BUFGCTRL_X0Y0        BUFG (Prop_bufg_I_O)         0.029    -2.104 r  soc_top_inst/clk_wiz_0/inst/clkout1_buf/O
                         net (fo=6623, routed)        0.830    -1.273    soc_top_inst/mycpu_top_inst/VTop_inst/core/cpu_clk
    SLICE_X32Y52         FDRE                                         r  soc_top_inst/mycpu_top_inst/VTop_inst/core/wb_r_reg[mem_addr][41]/C
                         clock pessimism              0.691    -0.582    
    SLICE_X32Y52         FDRE (Hold_fdre_C_D)         0.013    -0.569    soc_top_inst/mycpu_top_inst/VTop_inst/core/wb_r_reg[mem_addr][41]
  -------------------------------------------------------------------
                         required time                          0.569    
                         arrival time                          -0.529    
  -------------------------------------------------------------------
                         slack                                  0.040    

Slack (MET) :             0.052ns  (arrival time - required time)
  Source:                 soc_top_inst/mycpu_top_inst/VTop_inst/core/mem_r_reg[pc][62]/C
                            (rising edge-triggered cell FDRE clocked by cpu_clk_clk_wiz_0  {rise@0.000ns fall@20.000ns period=40.000ns})
  Destination:            soc_top_inst/mycpu_top_inst/VTop_inst/core/wb_r_reg[pc][62]/D
                            (rising edge-triggered cell FDRE clocked by cpu_clk_clk_wiz_0  {rise@0.000ns fall@20.000ns period=40.000ns})
  Path Group:             cpu_clk_clk_wiz_0
  Path Type:              Hold (Min at Fast Process Corner)
  Requirement:            0.000ns  (cpu_clk_clk_wiz_0 rise@0.000ns - cpu_clk_clk_wiz_0 rise@0.000ns)
  Data Path Delay:        0.400ns  (logic 0.141ns (35.282%)  route 0.259ns (64.718%))
  Logic Levels:           0  
  Clock Path Skew:        0.273ns (DCD - SCD - CPR)
    Destination Clock Delay (DCD):    -1.270ns
    Source Clock Delay      (SCD):    -0.847ns
    Clock Pessimism Removal (CPR):    -0.696ns

    Location             Delay type                Incr(ns)  Path(ns)    Netlist Resource(s)
  -------------------------------------------------------------------    -------------------
                         (clock cpu_clk_clk_wiz_0 rise edge)
                                                      0.000     0.000 r  
    W5                   IBUF                         0.000     0.000 r  clk_IBUF_inst/O
                         net (fo=27, routed)          0.440     0.440    soc_top_inst/clk_wiz_0/inst/sys_clk
    MMCME2_ADV_X1Y0      MMCME2_ADV (Prop_mmcme2_adv_CLKIN1_CLKOUT0)
                                                     -2.360    -1.919 r  soc_top_inst/clk_wiz_0/inst/mmcm_adv_inst/CLKOUT0
                         net (fo=1, routed)           0.486    -1.433    soc_top_inst/clk_wiz_0/inst/cpu_clk_clk_wiz_0
    BUFGCTRL_X0Y0        BUFG (Prop_bufg_I_O)         0.026    -1.407 r  soc_top_inst/clk_wiz_0/inst/clkout1_buf/O
                         net (fo=6623, routed)        0.561    -0.847    soc_top_inst/mycpu_top_inst/VTop_inst/core/cpu_clk
    SLICE_X31Y53         FDRE                                         r  soc_top_inst/mycpu_top_inst/VTop_inst/core/mem_r_reg[pc][62]/C
  -------------------------------------------------------------------    -------------------
    SLICE_X31Y53         FDRE (Prop_fdre_C_Q)         0.141    -0.706 r  soc_top_inst/mycpu_top_inst/VTop_inst/core/mem_r_reg[pc][62]/Q
                         net (fo=2, routed)           0.259    -0.447    soc_top_inst/mycpu_top_inst/VTop_inst/core/mem_r_reg[pc_n_0_][62]
    SLICE_X29Y48         FDRE                                         r  soc_top_inst/mycpu_top_inst/VTop_inst/core/wb_r_reg[pc][62]/D
  -------------------------------------------------------------------    -------------------

                         (clock cpu_clk_clk_wiz_0 rise edge)
                                                      0.000     0.000 r  
    W5                   IBUF                         0.000     0.000 r  clk_IBUF_inst/O
                         net (fo=27, routed)          0.480     0.480    soc_top_inst/clk_wiz_0/inst/sys_clk
    MMCME2_ADV_X1Y0      MMCME2_ADV (Prop_mmcme2_adv_CLKIN1_CLKOUT0)
                                                     -3.142    -2.662 r  soc_top_inst/clk_wiz_0/inst/mmcm_adv_inst/CLKOUT0
                         net (fo=1, routed)           0.530    -2.133    soc_top_inst/clk_wiz_0/inst/cpu_clk_clk_wiz_0
    BUFGCTRL_X0Y0        BUFG (Prop_bufg_I_O)         0.029    -2.104 r  soc_top_inst/clk_wiz_0/inst/clkout1_buf/O
                         net (fo=6623, routed)        0.834    -1.270    soc_top_inst/mycpu_top_inst/VTop_inst/core/cpu_clk
    SLICE_X29Y48         FDRE                                         r  soc_top_inst/mycpu_top_inst/VTop_inst/core/wb_r_reg[pc][62]/C
                         clock pessimism              0.696    -0.574    
    SLICE_X29Y48         FDRE (Hold_fdre_C_D)         0.075    -0.499    soc_top_inst/mycpu_top_inst/VTop_inst/core/wb_r_reg[pc][62]
  -------------------------------------------------------------------
                         required time                          0.499    
                         arrival time                          -0.447    
  -------------------------------------------------------------------
                         slack                                  0.052    

Slack (MET) :             0.052ns  (arrival time - required time)
  Source:                 soc_top_inst/mycpu_top_inst/VTop_inst/core/mem_r_reg[trap]/C
                            (rising edge-triggered cell FDRE clocked by cpu_clk_clk_wiz_0  {rise@0.000ns fall@20.000ns period=40.000ns})
  Destination:            soc_top_inst/mycpu_top_inst/VTop_inst/core/wb_r_reg[trap]/D
                            (rising edge-triggered cell FDRE clocked by cpu_clk_clk_wiz_0  {rise@0.000ns fall@20.000ns period=40.000ns})
  Path Group:             cpu_clk_clk_wiz_0
  Path Type:              Hold (Min at Fast Process Corner)
  Requirement:            0.000ns  (cpu_clk_clk_wiz_0 rise@0.000ns - cpu_clk_clk_wiz_0 rise@0.000ns)
  Data Path Delay:        0.380ns  (logic 0.164ns (43.126%)  route 0.216ns (56.874%))
  Logic Levels:           0  
  Clock Path Skew:        0.265ns (DCD - SCD - CPR)
    Destination Clock Delay (DCD):    -1.273ns
    Source Clock Delay      (SCD):    -0.847ns
    Clock Pessimism Removal (CPR):    -0.691ns

    Location             Delay type                Incr(ns)  Path(ns)    Netlist Resource(s)
  -------------------------------------------------------------------    -------------------
                         (clock cpu_clk_clk_wiz_0 rise edge)
                                                      0.000     0.000 r  
    W5                   IBUF                         0.000     0.000 r  clk_IBUF_inst/O
                         net (fo=27, routed)          0.440     0.440    soc_top_inst/clk_wiz_0/inst/sys_clk
    MMCME2_ADV_X1Y0      MMCME2_ADV (Prop_mmcme2_adv_CLKIN1_CLKOUT0)
                                                     -2.360    -1.919 r  soc_top_inst/clk_wiz_0/inst/mmcm_adv_inst/CLKOUT0
                         net (fo=1, routed)           0.486    -1.433    soc_top_inst/clk_wiz_0/inst/cpu_clk_clk_wiz_0
    BUFGCTRL_X0Y0        BUFG (Prop_bufg_I_O)         0.026    -1.407 r  soc_top_inst/clk_wiz_0/inst/clkout1_buf/O
                         net (fo=6623, routed)        0.561    -0.847    soc_top_inst/mycpu_top_inst/VTop_inst/core/cpu_clk
    SLICE_X34Y52         FDRE                                         r  soc_top_inst/mycpu_top_inst/VTop_inst/core/mem_r_reg[trap]/C
  -------------------------------------------------------------------    -------------------
    SLICE_X34Y52         FDRE (Prop_fdre_C_Q)         0.164    -0.683 r  soc_top_inst/mycpu_top_inst/VTop_inst/core/mem_r_reg[trap]/Q
                         net (fo=1, routed)           0.216    -0.466    soc_top_inst/mycpu_top_inst/VTop_inst/core/mem_r_reg[trap_n_0_]
    SLICE_X38Y52         FDRE                                         r  soc_top_inst/mycpu_top_inst/VTop_inst/core/wb_r_reg[trap]/D
  -------------------------------------------------------------------    -------------------

                         (clock cpu_clk_clk_wiz_0 rise edge)
                                                      0.000     0.000 r  
    W5                   IBUF                         0.000     0.000 r  clk_IBUF_inst/O
                         net (fo=27, routed)          0.480     0.480    soc_top_inst/clk_wiz_0/inst/sys_clk
    MMCME2_ADV_X1Y0      MMCME2_ADV (Prop_mmcme2_adv_CLKIN1_CLKOUT0)
                                                     -3.142    -2.662 r  soc_top_inst/clk_wiz_0/inst/mmcm_adv_inst/CLKOUT0
                         net (fo=1, routed)           0.530    -2.133    soc_top_inst/clk_wiz_0/inst/cpu_clk_clk_wiz_0
    BUFGCTRL_X0Y0        BUFG (Prop_bufg_I_O)         0.029    -2.104 r  soc_top_inst/clk_wiz_0/inst/clkout1_buf/O
                         net (fo=6623, routed)        0.830    -1.273    soc_top_inst/mycpu_top_inst/VTop_inst/core/cpu_clk
    SLICE_X38Y52         FDRE                                         r  soc_top_inst/mycpu_top_inst/VTop_inst/core/wb_r_reg[trap]/C
                         clock pessimism              0.691    -0.582    
    SLICE_X38Y52         FDRE (Hold_fdre_C_D)         0.063    -0.519    soc_top_inst/mycpu_top_inst/VTop_inst/core/wb_r_reg[trap]
  -------------------------------------------------------------------
                         required time                          0.519    
                         arrival time                          -0.466    
  -------------------------------------------------------------------
                         slack                                  0.052    

Slack (MET) :             0.054ns  (arrival time - required time)
  Source:                 soc_top_inst/mycpu_top_inst/VTop_inst/core/fetch_pc_reg[5]/C
                            (rising edge-triggered cell FDRE clocked by cpu_clk_clk_wiz_0  {rise@0.000ns fall@20.000ns period=40.000ns})
  Destination:            soc_top_inst/mycpu_top_inst/VTop_inst/core/fetch_req_pc_reg[5]/D
                            (rising edge-triggered cell FDRE clocked by cpu_clk_clk_wiz_0  {rise@0.000ns fall@20.000ns period=40.000ns})
  Path Group:             cpu_clk_clk_wiz_0
  Path Type:              Hold (Min at Fast Process Corner)
  Requirement:            0.000ns  (cpu_clk_clk_wiz_0 rise@0.000ns - cpu_clk_clk_wiz_0 rise@0.000ns)
  Data Path Delay:        0.388ns  (logic 0.141ns (36.306%)  route 0.247ns (63.694%))
  Logic Levels:           0  
  Clock Path Skew:        0.264ns (DCD - SCD - CPR)
    Destination Clock Delay (DCD):    -1.272ns
    Source Clock Delay      (SCD):    -0.845ns
    Clock Pessimism Removal (CPR):    -0.691ns

    Location             Delay type                Incr(ns)  Path(ns)    Netlist Resource(s)
  -------------------------------------------------------------------    -------------------
                         (clock cpu_clk_clk_wiz_0 rise edge)
                                                      0.000     0.000 r  
    W5                   IBUF                         0.000     0.000 r  clk_IBUF_inst/O
                         net (fo=27, routed)          0.440     0.440    soc_top_inst/clk_wiz_0/inst/sys_clk
    MMCME2_ADV_X1Y0      MMCME2_ADV (Prop_mmcme2_adv_CLKIN1_CLKOUT0)
                                                     -2.360    -1.919 r  soc_top_inst/clk_wiz_0/inst/mmcm_adv_inst/CLKOUT0
                         net (fo=1, routed)           0.486    -1.433    soc_top_inst/clk_wiz_0/inst/cpu_clk_clk_wiz_0
    BUFGCTRL_X0Y0        BUFG (Prop_bufg_I_O)         0.026    -1.407 r  soc_top_inst/clk_wiz_0/inst/clkout1_buf/O
                         net (fo=6623, routed)        0.563    -0.845    soc_top_inst/mycpu_top_inst/VTop_inst/core/cpu_clk
    SLICE_X32Y43         FDRE                                         r  soc_top_inst/mycpu_top_inst/VTop_inst/core/fetch_pc_reg[5]/C
  -------------------------------------------------------------------    -------------------
    SLICE_X32Y43         FDRE (Prop_fdre_C_Q)         0.141    -0.704 r  soc_top_inst/mycpu_top_inst/VTop_inst/core/fetch_pc_reg[5]/Q
                         net (fo=2, routed)           0.247    -0.456    soc_top_inst/mycpu_top_inst/VTop_inst/core/fetch_pc_reg_n_0_[5]
    SLICE_X36Y45         FDRE                                         r  soc_top_inst/mycpu_top_inst/VTop_inst/core/fetch_req_pc_reg[5]/D
  -------------------------------------------------------------------    -------------------

                         (clock cpu_clk_clk_wiz_0 rise edge)
                                                      0.000     0.000 r  
    W5                   IBUF                         0.000     0.000 r  clk_IBUF_inst/O
                         net (fo=27, routed)          0.480     0.480    soc_top_inst/clk_wiz_0/inst/sys_clk
    MMCME2_ADV_X1Y0      MMCME2_ADV (Prop_mmcme2_adv_CLKIN1_CLKOUT0)
                                                     -3.142    -2.662 r  soc_top_inst/clk_wiz_0/inst/mmcm_adv_inst/CLKOUT0
                         net (fo=1, routed)           0.530    -2.133    soc_top_inst/clk_wiz_0/inst/cpu_clk_clk_wiz_0
    BUFGCTRL_X0Y0        BUFG (Prop_bufg_I_O)         0.029    -2.104 r  soc_top_inst/clk_wiz_0/inst/clkout1_buf/O
                         net (fo=6623, routed)        0.832    -1.272    soc_top_inst/mycpu_top_inst/VTop_inst/core/cpu_clk
    SLICE_X36Y45         FDRE                                         r  soc_top_inst/mycpu_top_inst/VTop_inst/core/fetch_req_pc_reg[5]/C
                         clock pessimism              0.691    -0.581    
    SLICE_X36Y45         FDRE (Hold_fdre_C_D)         0.070    -0.511    soc_top_inst/mycpu_top_inst/VTop_inst/core/fetch_req_pc_reg[5]
  -------------------------------------------------------------------
                         required time                          0.511    
                         arrival time                          -0.456    
  -------------------------------------------------------------------
                         slack                                  0.054    

Slack (MET) :             0.056ns  (arrival time - required time)
  Source:                 soc_top_inst/mycpu_top_inst/VTop_inst/core/mem_r_reg[pc][36]/C
                            (rising edge-triggered cell FDRE clocked by cpu_clk_clk_wiz_0  {rise@0.000ns fall@20.000ns period=40.000ns})
  Destination:            soc_top_inst/mycpu_top_inst/VTop_inst/core/wb_r_reg[pc][36]/D
                            (rising edge-triggered cell FDRE clocked by cpu_clk_clk_wiz_0  {rise@0.000ns fall@20.000ns period=40.000ns})
  Path Group:             cpu_clk_clk_wiz_0
  Path Type:              Hold (Min at Fast Process Corner)
  Requirement:            0.000ns  (cpu_clk_clk_wiz_0 rise@0.000ns - cpu_clk_clk_wiz_0 rise@0.000ns)
  Data Path Delay:        0.394ns  (logic 0.164ns (41.583%)  route 0.230ns (58.417%))
  Logic Levels:           0  
  Clock Path Skew:        0.272ns (DCD - SCD - CPR)
    Destination Clock Delay (DCD):    -1.270ns
    Source Clock Delay      (SCD):    -0.846ns
    Clock Pessimism Removal (CPR):    -0.696ns

    Location             Delay type                Incr(ns)  Path(ns)    Netlist Resource(s)
  -------------------------------------------------------------------    -------------------
                         (clock cpu_clk_clk_wiz_0 rise edge)
                                                      0.000     0.000 r  
    W5                   IBUF                         0.000     0.000 r  clk_IBUF_inst/O
                         net (fo=27, routed)          0.440     0.440    soc_top_inst/clk_wiz_0/inst/sys_clk
    MMCME2_ADV_X1Y0      MMCME2_ADV (Prop_mmcme2_adv_CLKIN1_CLKOUT0)
                                                     -2.360    -1.919 r  soc_top_inst/clk_wiz_0/inst/mmcm_adv_inst/CLKOUT0
                         net (fo=1, routed)           0.486    -1.433    soc_top_inst/clk_wiz_0/inst/cpu_clk_clk_wiz_0
    BUFGCTRL_X0Y0        BUFG (Prop_bufg_I_O)         0.026    -1.407 r  soc_top_inst/clk_wiz_0/inst/clkout1_buf/O
                         net (fo=6623, routed)        0.562    -0.846    soc_top_inst/mycpu_top_inst/VTop_inst/core/cpu_clk
    SLICE_X30Y52         FDRE                                         r  soc_top_inst/mycpu_top_inst/VTop_inst/core/mem_r_reg[pc][36]/C
  -------------------------------------------------------------------    -------------------
    SLICE_X30Y52         FDRE (Prop_fdre_C_Q)         0.164    -0.682 r  soc_top_inst/mycpu_top_inst/VTop_inst/core/mem_r_reg[pc][36]/Q
                         net (fo=2, routed)           0.230    -0.451    soc_top_inst/mycpu_top_inst/VTop_inst/core/mem_r_reg[pc_n_0_][36]
    SLICE_X29Y48         FDRE                                         r  soc_top_inst/mycpu_top_inst/VTop_inst/core/wb_r_reg[pc][36]/D
  -------------------------------------------------------------------    -------------------

                         (clock cpu_clk_clk_wiz_0 rise edge)
                                                      0.000     0.000 r  
    W5                   IBUF                         0.000     0.000 r  clk_IBUF_inst/O
                         net (fo=27, routed)          0.480     0.480    soc_top_inst/clk_wiz_0/inst/sys_clk
    MMCME2_ADV_X1Y0      MMCME2_ADV (Prop_mmcme2_adv_CLKIN1_CLKOUT0)
                                                     -3.142    -2.662 r  soc_top_inst/clk_wiz_0/inst/mmcm_adv_inst/CLKOUT0
                         net (fo=1, routed)           0.530    -2.133    soc_top_inst/clk_wiz_0/inst/cpu_clk_clk_wiz_0
    BUFGCTRL_X0Y0        BUFG (Prop_bufg_I_O)         0.029    -2.104 r  soc_top_inst/clk_wiz_0/inst/clkout1_buf/O
                         net (fo=6623, routed)        0.834    -1.270    soc_top_inst/mycpu_top_inst/VTop_inst/core/cpu_clk
    SLICE_X29Y48         FDRE                                         r  soc_top_inst/mycpu_top_inst/VTop_inst/core/wb_r_reg[pc][36]/C
                         clock pessimism              0.696    -0.574    
    SLICE_X29Y48         FDRE (Hold_fdre_C_D)         0.066    -0.508    soc_top_inst/mycpu_top_inst/VTop_inst/core/wb_r_reg[pc][36]
  -------------------------------------------------------------------
                         required time                          0.508    
                         arrival time                          -0.451    
  -------------------------------------------------------------------
                         slack                                  0.056    

Slack (MET) :             0.057ns  (arrival time - required time)
  Source:                 soc_top_inst/mycpu_top_inst/VTop_inst/core/id_r_reg[pc][29]/C
                            (rising edge-triggered cell FDRE clocked by cpu_clk_clk_wiz_0  {rise@0.000ns fall@20.000ns period=40.000ns})
  Destination:            soc_top_inst/mycpu_top_inst/VTop_inst/core/ex_r_reg[pc][29]/D
                            (rising edge-triggered cell FDRE clocked by cpu_clk_clk_wiz_0  {rise@0.000ns fall@20.000ns period=40.000ns})
  Path Group:             cpu_clk_clk_wiz_0
  Path Type:              Hold (Min at Fast Process Corner)
  Requirement:            0.000ns  (cpu_clk_clk_wiz_0 rise@0.000ns - cpu_clk_clk_wiz_0 rise@0.000ns)
  Data Path Delay:        0.343ns  (logic 0.128ns (37.298%)  route 0.215ns (62.702%))
  Logic Levels:           0  
  Clock Path Skew:        0.263ns (DCD - SCD - CPR)
    Destination Clock Delay (DCD):    -1.274ns
    Source Clock Delay      (SCD):    -0.846ns
    Clock Pessimism Removal (CPR):    -0.691ns

    Location             Delay type                Incr(ns)  Path(ns)    Netlist Resource(s)
  -------------------------------------------------------------------    -------------------
                         (clock cpu_clk_clk_wiz_0 rise edge)
                                                      0.000     0.000 r  
    W5                   IBUF                         0.000     0.000 r  clk_IBUF_inst/O
                         net (fo=27, routed)          0.440     0.440    soc_top_inst/clk_wiz_0/inst/sys_clk
    MMCME2_ADV_X1Y0      MMCME2_ADV (Prop_mmcme2_adv_CLKIN1_CLKOUT0)
                                                     -2.360    -1.919 r  soc_top_inst/clk_wiz_0/inst/mmcm_adv_inst/CLKOUT0
                         net (fo=1, routed)           0.486    -1.433    soc_top_inst/clk_wiz_0/inst/cpu_clk_clk_wiz_0
    BUFGCTRL_X0Y0        BUFG (Prop_bufg_I_O)         0.026    -1.407 r  soc_top_inst/clk_wiz_0/inst/clkout1_buf/O
                         net (fo=6623, routed)        0.562    -0.846    soc_top_inst/mycpu_top_inst/VTop_inst/core/cpu_clk
    SLICE_X39Y50         FDRE                                         r  soc_top_inst/mycpu_top_inst/VTop_inst/core/id_r_reg[pc][29]/C
  -------------------------------------------------------------------    -------------------
    SLICE_X39Y50         FDRE (Prop_fdre_C_Q)         0.128    -0.718 r  soc_top_inst/mycpu_top_inst/VTop_inst/core/id_r_reg[pc][29]/Q
                         net (fo=2, routed)           0.215    -0.503    soc_top_inst/mycpu_top_inst/VTop_inst/core/id_r_reg[pc_n_0_][29]
    SLICE_X32Y54         FDRE                                         r  soc_top_inst/mycpu_top_inst/VTop_inst/core/ex_r_reg[pc][29]/D
  -------------------------------------------------------------------    -------------------

                         (clock cpu_clk_clk_wiz_0 rise edge)
                                                      0.000     0.000 r  
    W5                   IBUF                         0.000     0.000 r  clk_IBUF_inst/O
                         net (fo=27, routed)          0.480     0.480    soc_top_inst/clk_wiz_0/inst/sys_clk
    MMCME2_ADV_X1Y0      MMCME2_ADV (Prop_mmcme2_adv_CLKIN1_CLKOUT0)
                                                     -3.142    -2.662 r  soc_top_inst/clk_wiz_0/inst/mmcm_adv_inst/CLKOUT0
                         net (fo=1, routed)           0.530    -2.133    soc_top_inst/clk_wiz_0/inst/cpu_clk_clk_wiz_0
    BUFGCTRL_X0Y0        BUFG (Prop_bufg_I_O)         0.029    -2.104 r  soc_top_inst/clk_wiz_0/inst/clkout1_buf/O
                         net (fo=6623, routed)        0.829    -1.274    soc_top_inst/mycpu_top_inst/VTop_inst/core/cpu_clk
    SLICE_X32Y54         FDRE                                         r  soc_top_inst/mycpu_top_inst/VTop_inst/core/ex_r_reg[pc][29]/C
                         clock pessimism              0.691    -0.583    
    SLICE_X32Y54         FDRE (Hold_fdre_C_D)         0.023    -0.560    soc_top_inst/mycpu_top_inst/VTop_inst/core/ex_r_reg[pc][29]
  -------------------------------------------------------------------
                         required time                          0.560    
                         arrival time                          -0.503    
  -------------------------------------------------------------------
                         slack                                  0.057    

Slack (MET) :             0.058ns  (arrival time - required time)
  Source:                 soc_top_inst/mycpu_top_inst/VTop_inst/core/fetch_pc_reg[59]/C
                            (rising edge-triggered cell FDRE clocked by cpu_clk_clk_wiz_0  {rise@0.000ns fall@20.000ns period=40.000ns})
  Destination:            soc_top_inst/mycpu_top_inst/VTop_inst/core/fetch_req_pc_reg[59]/D
                            (rising edge-triggered cell FDRE clocked by cpu_clk_clk_wiz_0  {rise@0.000ns fall@20.000ns period=40.000ns})
  Path Group:             cpu_clk_clk_wiz_0
  Path Type:              Hold (Min at Fast Process Corner)
  Requirement:            0.000ns  (cpu_clk_clk_wiz_0 rise@0.000ns - cpu_clk_clk_wiz_0 rise@0.000ns)
  Data Path Delay:        0.407ns  (logic 0.141ns (34.629%)  route 0.266ns (65.371%))
  Logic Levels:           0  
  Clock Path Skew:        0.271ns (DCD - SCD - CPR)
    Destination Clock Delay (DCD):    -1.271ns
    Source Clock Delay      (SCD):    -0.846ns
    Clock Pessimism Removal (CPR):    -0.696ns

    Location             Delay type                Incr(ns)  Path(ns)    Netlist Resource(s)
  -------------------------------------------------------------------    -------------------
                         (clock cpu_clk_clk_wiz_0 rise edge)
                                                      0.000     0.000 r  
    W5                   IBUF                         0.000     0.000 r  clk_IBUF_inst/O
                         net (fo=27, routed)          0.440     0.440    soc_top_inst/clk_wiz_0/inst/sys_clk
    MMCME2_ADV_X1Y0      MMCME2_ADV (Prop_mmcme2_adv_CLKIN1_CLKOUT0)
                                                     -2.360    -1.919 r  soc_top_inst/clk_wiz_0/inst/mmcm_adv_inst/CLKOUT0
                         net (fo=1, routed)           0.486    -1.433    soc_top_inst/clk_wiz_0/inst/cpu_clk_clk_wiz_0
    BUFGCTRL_X0Y0        BUFG (Prop_bufg_I_O)         0.026    -1.407 r  soc_top_inst/clk_wiz_0/inst/clkout1_buf/O
                         net (fo=6623, routed)        0.562    -0.846    soc_top_inst/mycpu_top_inst/VTop_inst/core/cpu_clk
    SLICE_X29Y51         FDRE                                         r  soc_top_inst/mycpu_top_inst/VTop_inst/core/fetch_pc_reg[59]/C
  -------------------------------------------------------------------    -------------------
    SLICE_X29Y51         FDRE (Prop_fdre_C_Q)         0.141    -0.705 r  soc_top_inst/mycpu_top_inst/VTop_inst/core/fetch_pc_reg[59]/Q
                         net (fo=2, routed)           0.266    -0.439    soc_top_inst/mycpu_top_inst/VTop_inst/core/fetch_pc_reg_n_0_[59]
    SLICE_X37Y47         FDRE                                         r  soc_top_inst/mycpu_top_inst/VTop_inst/core/fetch_req_pc_reg[59]/D
  -------------------------------------------------------------------    -------------------

                         (clock cpu_clk_clk_wiz_0 rise edge)
                                                      0.000     0.000 r  
    W5                   IBUF                         0.000     0.000 r  clk_IBUF_inst/O
                         net (fo=27, routed)          0.480     0.480    soc_top_inst/clk_wiz_0/inst/sys_clk
    MMCME2_ADV_X1Y0      MMCME2_ADV (Prop_mmcme2_adv_CLKIN1_CLKOUT0)
                                                     -3.142    -2.662 r  soc_top_inst/clk_wiz_0/inst/mmcm_adv_inst/CLKOUT0
                         net (fo=1, routed)           0.530    -2.133    soc_top_inst/clk_wiz_0/inst/cpu_clk_clk_wiz_0
    BUFGCTRL_X0Y0        BUFG (Prop_bufg_I_O)         0.029    -2.104 r  soc_top_inst/clk_wiz_0/inst/clkout1_buf/O
                         net (fo=6623, routed)        0.833    -1.271    soc_top_inst/mycpu_top_inst/VTop_inst/core/cpu_clk
    SLICE_X37Y47         FDRE                                         r  soc_top_inst/mycpu_top_inst/VTop_inst/core/fetch_req_pc_reg[59]/C
                         clock pessimism              0.696    -0.575    
    SLICE_X37Y47         FDRE (Hold_fdre_C_D)         0.078    -0.497    soc_top_inst/mycpu_top_inst/VTop_inst/core/fetch_req_pc_reg[59]
  -------------------------------------------------------------------
                         required time                          0.497    
                         arrival time                          -0.439    
  -------------------------------------------------------------------
                         slack                                  0.058    





Pulse Width Checks
--------------------------------------------------------------------------------------
Clock Name:         cpu_clk_clk_wiz_0
Waveform(ns):       { 0.000 20.000 }
Period(ns):         40.000
Sources:            { soc_top_inst/clk_wiz_0/inst/mmcm_adv_inst/CLKOUT0 }

Check Type        Corner  Lib Pin             Reference Pin  Required(ns)  Actual(ns)  Slack(ns)  Location         Pin
Min Period        n/a     RAMB18E1/CLKARDCLK  n/a            2.944         40.000      37.056     RAMB18_X1Y12     soc_top_inst/device_inst/gen_real_disk.u_spi_flash/disk_buf_reg/CLKARDCLK
Min Period        n/a     RAMB18E1/CLKBWRCLK  n/a            2.944         40.000      37.056     RAMB18_X1Y12     soc_top_inst/device_inst/gen_real_disk.u_spi_flash/disk_buf_reg/CLKBWRCLK
Min Period        n/a     RAMB36E1/CLKARDCLK  n/a            2.576         40.000      37.424     RAMB36_X1Y9      soc_top_inst/bram_wrapper_inst/bram_0_inst/U0/inst_blk_mem_gen/gnbram.gnativebmg.native_blk_mem_gen/valid.cstr/ramloop[15].ram.r/prim_init.ram/DEVICE_7SERIES.NO_BMM_INFO.SP.SIMPLE_PRIM36.ram/CLKARDCLK
Min Period        n/a     RAMB36E1/CLKBWRCLK  n/a            2.576         40.000      37.424     RAMB36_X1Y9      soc_top_inst/bram_wrapper_inst/bram_0_inst/U0/inst_blk_mem_gen/gnbram.gnativebmg.native_blk_mem_gen/valid.cstr/ramloop[15].ram.r/prim_init.ram/DEVICE_7SERIES.NO_BMM_INFO.SP.SIMPLE_PRIM36.ram/CLKBWRCLK
Min Period        n/a     RAMB36E1/CLKARDCLK  n/a            2.576         40.000      37.424     RAMB36_X2Y2      soc_top_inst/bram_wrapper_inst/bram_0_inst/U0/inst_blk_mem_gen/gnbram.gnativebmg.native_blk_mem_gen/valid.cstr/ramloop[21].ram.r/prim_init.ram/DEVICE_7SERIES.NO_BMM_INFO.SP.SIMPLE_PRIM36.ram/CLKARDCLK
Min Period        n/a     RAMB36E1/CLKBWRCLK  n/a            2.576         40.000      37.424     RAMB36_X2Y2      soc_top_inst/bram_wrapper_inst/bram_0_inst/U0/inst_blk_mem_gen/gnbram.gnativebmg.native_blk_mem_gen/valid.cstr/ramloop[21].ram.r/prim_init.ram/DEVICE_7SERIES.NO_BMM_INFO.SP.SIMPLE_PRIM36.ram/CLKBWRCLK
Min Period        n/a     RAMB36E1/CLKARDCLK  n/a            2.576         40.000      37.424     RAMB36_X0Y14     soc_top_inst/bram_wrapper_inst/bram_0_inst/U0/inst_blk_mem_gen/gnbram.gnativebmg.native_blk_mem_gen/valid.cstr/ramloop[28].ram.r/prim_init.ram/DEVICE_7SERIES.NO_BMM_INFO.SP.SIMPLE_PRIM36.ram/CLKARDCLK
Min Period        n/a     RAMB36E1/CLKBWRCLK  n/a            2.576         40.000      37.424     RAMB36_X0Y14     soc_top_inst/bram_wrapper_inst/bram_0_inst/U0/inst_blk_mem_gen/gnbram.gnativebmg.native_blk_mem_gen/valid.cstr/ramloop[28].ram.r/prim_init.ram/DEVICE_7SERIES.NO_BMM_INFO.SP.SIMPLE_PRIM36.ram/CLKBWRCLK
Min Period        n/a     RAMB36E1/CLKARDCLK  n/a            2.576         40.000      37.424     RAMB36_X0Y4      soc_top_inst/bram_wrapper_inst/bram_0_inst/U0/inst_blk_mem_gen/gnbram.gnativebmg.native_blk_mem_gen/valid.cstr/ramloop[34].ram.r/prim_init.ram/DEVICE_7SERIES.NO_BMM_INFO.SP.SIMPLE_PRIM36.ram/CLKARDCLK
Min Period        n/a     RAMB36E1/CLKBWRCLK  n/a            2.576         40.000      37.424     RAMB36_X0Y4      soc_top_inst/bram_wrapper_inst/bram_0_inst/U0/inst_blk_mem_gen/gnbram.gnativebmg.native_blk_mem_gen/valid.cstr/ramloop[34].ram.r/prim_init.ram/DEVICE_7SERIES.NO_BMM_INFO.SP.SIMPLE_PRIM36.ram/CLKBWRCLK
Max Period        n/a     MMCME2_ADV/CLKOUT0  n/a            213.360       40.000      173.360    MMCME2_ADV_X1Y0  soc_top_inst/clk_wiz_0/inst/mmcm_adv_inst/CLKOUT0
Low Pulse Width   Fast    RAMD64E/CLK         n/a            1.250         20.000      18.750     SLICE_X60Y47     soc_top_inst/device_inst/tx_fifo_reg_0_63_0_2/RAMA/CLK
Low Pulse Width   Fast    RAMD64E/CLK         n/a            1.250         20.000      18.750     SLICE_X60Y47     soc_top_inst/device_inst/tx_fifo_reg_0_63_0_2/RAMB/CLK
Low Pulse Width   Fast    RAMD64E/CLK         n/a            1.250         20.000      18.750     SLICE_X60Y47     soc_top_inst/device_inst/tx_fifo_reg_0_63_0_2/RAMC/CLK
Low Pulse Width   Fast    RAMD64E/CLK         n/a            1.250         20.000      18.750     SLICE_X60Y47     soc_top_inst/device_inst/tx_fifo_reg_0_63_0_2/RAMD/CLK
Low Pulse Width   Fast    RAMD64E/CLK         n/a            1.250         20.000      18.750     SLICE_X60Y48     soc_top_inst/device_inst/tx_fifo_reg_0_63_3_5/RAMA/CLK
Low Pulse Width   Fast    RAMD64E/CLK         n/a            1.250         20.000      18.750     SLICE_X60Y48     soc_top_inst/device_inst/tx_fifo_reg_0_63_3_5/RAMB/CLK
Low Pulse Width   Fast    RAMD64E/CLK         n/a            1.250         20.000      18.750     SLICE_X60Y48     soc_top_inst/device_inst/tx_fifo_reg_0_63_3_5/RAMC/CLK
Low Pulse Width   Fast    RAMD64E/CLK         n/a            1.250         20.000      18.750     SLICE_X60Y48     soc_top_inst/device_inst/tx_fifo_reg_0_63_3_5/RAMD/CLK
Low Pulse Width   Fast    RAMD32/CLK          n/a            1.250         20.000      18.750     SLICE_X60Y36     soc_top_inst/device_inst/console_rx_fifo_reg_0_15_6_7/RAMA/CLK
Low Pulse Width   Fast    RAMD32/CLK          n/a            1.250         20.000      18.750     SLICE_X60Y36     soc_top_inst/device_inst/console_rx_fifo_reg_0_15_6_7/RAMA_D1/CLK
High Pulse Width  Slow    RAMD32/CLK          n/a            1.250         20.000      18.750     SLICE_X60Y36     soc_top_inst/device_inst/console_rx_fifo_reg_0_15_6_7/RAMA/CLK
High Pulse Width  Slow    RAMD32/CLK          n/a            1.250         20.000      18.750     SLICE_X60Y36     soc_top_inst/device_inst/console_rx_fifo_reg_0_15_6_7/RAMA_D1/CLK
High Pulse Width  Slow    RAMD32/CLK          n/a            1.250         20.000      18.750     SLICE_X60Y36     soc_top_inst/device_inst/console_rx_fifo_reg_0_15_6_7/RAMB/CLK
High Pulse Width  Slow    RAMD32/CLK          n/a            1.250         20.000      18.750     SLICE_X60Y36     soc_top_inst/device_inst/console_rx_fifo_reg_0_15_6_7/RAMB_D1/CLK
High Pulse Width  Slow    RAMD32/CLK          n/a            1.250         20.000      18.750     SLICE_X60Y36     soc_top_inst/device_inst/console_rx_fifo_reg_0_15_6_7/RAMC/CLK
High Pulse Width  Slow    RAMD32/CLK          n/a            1.250         20.000      18.750     SLICE_X60Y36     soc_top_inst/device_inst/console_rx_fifo_reg_0_15_6_7/RAMC_D1/CLK
High Pulse Width  Slow    RAMS32/CLK          n/a            1.250         20.000      18.750     SLICE_X60Y36     soc_top_inst/device_inst/console_rx_fifo_reg_0_15_6_7/RAMD/CLK
High Pulse Width  Slow    RAMS32/CLK          n/a            1.250         20.000      18.750     SLICE_X60Y36     soc_top_inst/device_inst/console_rx_fifo_reg_0_15_6_7/RAMD_D1/CLK
High Pulse Width  Slow    RAMD64E/CLK         n/a            1.250         20.000      18.750     SLICE_X60Y47     soc_top_inst/device_inst/tx_fifo_reg_0_63_0_2/RAMA/CLK
High Pulse Width  Slow    RAMD64E/CLK         n/a            1.250         20.000      18.750     SLICE_X60Y47     soc_top_inst/device_inst/tx_fifo_reg_0_63_0_2/RAMB/CLK



---------------------------------------------------------------------------------------------------
From Clock:  sys_clk_pin
  To Clock:  sys_clk_pin

Setup :            0  Failing Endpoints,  Worst Slack        7.300ns,  Total Violation        0.000ns
Hold  :            0  Failing Endpoints,  Worst Slack        0.268ns,  Total Violation        0.000ns
PW    :            0  Failing Endpoints,  Worst Slack        4.500ns,  Total Violation        0.000ns
---------------------------------------------------------------------------------------------------


Max Delay Paths
--------------------------------------------------------------------------------------
Slack (MET) :             7.300ns  (required time - arrival time)
  Source:                 blink_cnt_reg[1]/C
                            (rising edge-triggered cell FDRE clocked by sys_clk_pin  {rise@0.000ns fall@5.000ns period=10.000ns})
  Destination:            blink_cnt_reg[24]/D
                            (rising edge-triggered cell FDRE clocked by sys_clk_pin  {rise@0.000ns fall@5.000ns period=10.000ns})
  Path Group:             sys_clk_pin
  Path Type:              Setup (Max at Slow Process Corner)
  Requirement:            10.000ns  (sys_clk_pin rise@10.000ns - sys_clk_pin rise@0.000ns)
  Data Path Delay:        2.462ns  (logic 1.923ns (78.112%)  route 0.539ns (21.888%))
  Logic Levels:           7  (CARRY4=7)
  Clock Path Skew:        -0.265ns (DCD - SCD + CPR)
    Destination Clock Delay (DCD):    3.200ns = ( 13.200 - 10.000 ) 
    Source Clock Delay      (SCD):    3.762ns
    Clock Pessimism Removal (CPR):    0.296ns
  Clock Uncertainty:      0.035ns  ((TSJ^2 + TIJ^2)^1/2 + DJ) / 2 + PE
    Total System Jitter     (TSJ):    0.071ns
    Total Input Jitter      (TIJ):    0.000ns
    Discrete Jitter          (DJ):    0.000ns
    Phase Error              (PE):    0.000ns

    Location             Delay type                Incr(ns)  Path(ns)    Netlist Resource(s)
  -------------------------------------------------------------------    -------------------
                         (clock sys_clk_pin rise edge)
                                                      0.000     0.000 r  
    W5                                                0.000     0.000 r  clk (IN)
                         net (fo=0)                   0.000     0.000    clk
    W5                   IBUF (Prop_ibuf_I_O)         1.458     1.458 r  clk_IBUF_inst/O
                         net (fo=27, routed)          2.303     3.762    clk_IBUF
    SLICE_X28Y8          FDRE                                         r  blink_cnt_reg[1]/C
  -------------------------------------------------------------------    -------------------
    SLICE_X28Y8          FDRE (Prop_fdre_C_Q)         0.456     4.218 r  blink_cnt_reg[1]/Q
                         net (fo=1, routed)           0.539     4.756    blink_cnt_reg_n_0_[1]
    SLICE_X28Y8          CARRY4 (Prop_carry4_S[1]_CO[3])
                                                      0.674     5.430 r  blink_cnt_reg[0]_i_1/CO[3]
                         net (fo=1, routed)           0.000     5.430    blink_cnt_reg[0]_i_1_n_0
    SLICE_X28Y9          CARRY4 (Prop_carry4_CI_CO[3])
                                                      0.114     5.544 r  blink_cnt_reg[4]_i_1/CO[3]
                         net (fo=1, routed)           0.000     5.544    blink_cnt_reg[4]_i_1_n_0
    SLICE_X28Y10         CARRY4 (Prop_carry4_CI_CO[3])
                                                      0.114     5.658 r  blink_cnt_reg[8]_i_1/CO[3]
                         net (fo=1, routed)           0.000     5.658    blink_cnt_reg[8]_i_1_n_0
    SLICE_X28Y11         CARRY4 (Prop_carry4_CI_CO[3])
                                                      0.114     5.772 r  blink_cnt_reg[12]_i_1/CO[3]
                         net (fo=1, routed)           0.000     5.772    blink_cnt_reg[12]_i_1_n_0
    SLICE_X28Y12         CARRY4 (Prop_carry4_CI_CO[3])
                                                      0.114     5.886 r  blink_cnt_reg[16]_i_1/CO[3]
                         net (fo=1, routed)           0.000     5.886    blink_cnt_reg[16]_i_1_n_0
    SLICE_X28Y13         CARRY4 (Prop_carry4_CI_CO[3])
                                                      0.114     6.000 r  blink_cnt_reg[20]_i_1/CO[3]
                         net (fo=1, routed)           0.000     6.000    blink_cnt_reg[20]_i_1_n_0
    SLICE_X28Y14         CARRY4 (Prop_carry4_CI_O[0])
                                                      0.223     6.223 r  blink_cnt_reg[24]_i_1/O[0]
                         net (fo=1, routed)           0.000     6.223    blink_cnt_reg[24]_i_1_n_7
    SLICE_X28Y14         FDRE                                         r  blink_cnt_reg[24]/D
  -------------------------------------------------------------------    -------------------

                         (clock sys_clk_pin rise edge)
                                                     10.000    10.000 r  
    W5                                                0.000    10.000 r  clk (IN)
                         net (fo=0)                   0.000    10.000    clk
    W5                   IBUF (Prop_ibuf_I_O)         1.388    11.388 r  clk_IBUF_inst/O
                         net (fo=27, routed)          1.812    13.200    clk_IBUF
    SLICE_X28Y14         FDRE                                         r  blink_cnt_reg[24]/C
                         clock pessimism              0.296    13.497    
                         clock uncertainty           -0.035    13.461    
    SLICE_X28Y14         FDRE (Setup_fdre_C_D)        0.062    13.523    blink_cnt_reg[24]
  -------------------------------------------------------------------
                         required time                         13.523    
                         arrival time                          -6.223    
  -------------------------------------------------------------------
                         slack                                  7.300    

Slack (MET) :             7.379ns  (required time - arrival time)
  Source:                 blink_cnt_reg[1]/C
                            (rising edge-triggered cell FDRE clocked by sys_clk_pin  {rise@0.000ns fall@5.000ns period=10.000ns})
  Destination:            blink_cnt_reg[21]/D
                            (rising edge-triggered cell FDRE clocked by sys_clk_pin  {rise@0.000ns fall@5.000ns period=10.000ns})
  Path Group:             sys_clk_pin
  Path Type:              Setup (Max at Slow Process Corner)
  Requirement:            10.000ns  (sys_clk_pin rise@10.000ns - sys_clk_pin rise@0.000ns)
  Data Path Delay:        2.459ns  (logic 1.920ns (78.085%)  route 0.539ns (21.915%))
  Logic Levels:           6  (CARRY4=6)
  Clock Path Skew:        -0.189ns (DCD - SCD + CPR)
    Destination Clock Delay (DCD):    3.305ns = ( 13.305 - 10.000 ) 
    Source Clock Delay      (SCD):    3.762ns
    Clock Pessimism Removal (CPR):    0.267ns
  Clock Uncertainty:      0.035ns  ((TSJ^2 + TIJ^2)^1/2 + DJ) / 2 + PE
    Total System Jitter     (TSJ):    0.071ns
    Total Input Jitter      (TIJ):    0.000ns
    Discrete Jitter          (DJ):    0.000ns
    Phase Error              (PE):    0.000ns

    Location             Delay type                Incr(ns)  Path(ns)    Netlist Resource(s)
  -------------------------------------------------------------------    -------------------
                         (clock sys_clk_pin rise edge)
                                                      0.000     0.000 r  
    W5                                                0.000     0.000 r  clk (IN)
                         net (fo=0)                   0.000     0.000    clk
    W5                   IBUF (Prop_ibuf_I_O)         1.458     1.458 r  clk_IBUF_inst/O
                         net (fo=27, routed)          2.303     3.762    clk_IBUF
    SLICE_X28Y8          FDRE                                         r  blink_cnt_reg[1]/C
  -------------------------------------------------------------------    -------------------
    SLICE_X28Y8          FDRE (Prop_fdre_C_Q)         0.456     4.218 r  blink_cnt_reg[1]/Q
                         net (fo=1, routed)           0.539     4.756    blink_cnt_reg_n_0_[1]
    SLICE_X28Y8          CARRY4 (Prop_carry4_S[1]_CO[3])
                                                      0.674     5.430 r  blink_cnt_reg[0]_i_1/CO[3]
                         net (fo=1, routed)           0.000     5.430    blink_cnt_reg[0]_i_1_n_0
    SLICE_X28Y9          CARRY4 (Prop_carry4_CI_CO[3])
                                                      0.114     5.544 r  blink_cnt_reg[4]_i_1/CO[3]
                         net (fo=1, routed)           0.000     5.544    blink_cnt_reg[4]_i_1_n_0
    SLICE_X28Y10         CARRY4 (Prop_carry4_CI_CO[3])
                                                      0.114     5.658 r  blink_cnt_reg[8]_i_1/CO[3]
                         net (fo=1, routed)           0.000     5.658    blink_cnt_reg[8]_i_1_n_0
    SLICE_X28Y11         CARRY4 (Prop_carry4_CI_CO[3])
                                                      0.114     5.772 r  blink_cnt_reg[12]_i_1/CO[3]
                         net (fo=1, routed)           0.000     5.772    blink_cnt_reg[12]_i_1_n_0
    SLICE_X28Y12         CARRY4 (Prop_carry4_CI_CO[3])
                                                      0.114     5.886 r  blink_cnt_reg[16]_i_1/CO[3]
                         net (fo=1, routed)           0.000     5.886    blink_cnt_reg[16]_i_1_n_0
    SLICE_X28Y13         CARRY4 (Prop_carry4_CI_O[1])
                                                      0.334     6.220 r  blink_cnt_reg[20]_i_1/O[1]
                         net (fo=1, routed)           0.000     6.220    blink_cnt_reg[20]_i_1_n_6
    SLICE_X28Y13         FDRE                                         r  blink_cnt_reg[21]/D
  -------------------------------------------------------------------    -------------------

                         (clock sys_clk_pin rise edge)
                                                     10.000    10.000 r  
    W5                                                0.000    10.000 r  clk (IN)
                         net (fo=0)                   0.000    10.000    clk
    W5                   IBUF (Prop_ibuf_I_O)         1.388    11.388 r  clk_IBUF_inst/O
                         net (fo=27, routed)          1.917    13.305    clk_IBUF
    SLICE_X28Y13         FDRE                                         r  blink_cnt_reg[21]/C
                         clock pessimism              0.267    13.572    
                         clock uncertainty           -0.035    13.537    
    SLICE_X28Y13         FDRE (Setup_fdre_C_D)        0.062    13.599    blink_cnt_reg[21]
  -------------------------------------------------------------------
                         required time                         13.599    
                         arrival time                          -6.220    
  -------------------------------------------------------------------
                         slack                                  7.379    

Slack (MET) :             7.400ns  (required time - arrival time)
  Source:                 blink_cnt_reg[1]/C
                            (rising edge-triggered cell FDRE clocked by sys_clk_pin  {rise@0.000ns fall@5.000ns period=10.000ns})
  Destination:            blink_cnt_reg[23]/D
                            (rising edge-triggered cell FDRE clocked by sys_clk_pin  {rise@0.000ns fall@5.000ns period=10.000ns})
  Path Group:             sys_clk_pin
  Path Type:              Setup (Max at Slow Process Corner)
  Requirement:            10.000ns  (sys_clk_pin rise@10.000ns - sys_clk_pin rise@0.000ns)
  Data Path Delay:        2.438ns  (logic 1.899ns (77.896%)  route 0.539ns (22.104%))
  Logic Levels:           6  (CARRY4=6)
  Clock Path Skew:        -0.189ns (DCD - SCD + CPR)
    Destination Clock Delay (DCD):    3.305ns = ( 13.305 - 10.000 ) 
    Source Clock Delay      (SCD):    3.762ns
    Clock Pessimism Removal (CPR):    0.267ns
  Clock Uncertainty:      0.035ns  ((TSJ^2 + TIJ^2)^1/2 + DJ) / 2 + PE
    Total System Jitter     (TSJ):    0.071ns
    Total Input Jitter      (TIJ):    0.000ns
    Discrete Jitter          (DJ):    0.000ns
    Phase Error              (PE):    0.000ns

    Location             Delay type                Incr(ns)  Path(ns)    Netlist Resource(s)
  -------------------------------------------------------------------    -------------------
                         (clock sys_clk_pin rise edge)
                                                      0.000     0.000 r  
    W5                                                0.000     0.000 r  clk (IN)
                         net (fo=0)                   0.000     0.000    clk
    W5                   IBUF (Prop_ibuf_I_O)         1.458     1.458 r  clk_IBUF_inst/O
                         net (fo=27, routed)          2.303     3.762    clk_IBUF
    SLICE_X28Y8          FDRE                                         r  blink_cnt_reg[1]/C
  -------------------------------------------------------------------    -------------------
    SLICE_X28Y8          FDRE (Prop_fdre_C_Q)         0.456     4.218 r  blink_cnt_reg[1]/Q
                         net (fo=1, routed)           0.539     4.756    blink_cnt_reg_n_0_[1]
    SLICE_X28Y8          CARRY4 (Prop_carry4_S[1]_CO[3])
                                                      0.674     5.430 r  blink_cnt_reg[0]_i_1/CO[3]
                         net (fo=1, routed)           0.000     5.430    blink_cnt_reg[0]_i_1_n_0
    SLICE_X28Y9          CARRY4 (Prop_carry4_CI_CO[3])
                                                      0.114     5.544 r  blink_cnt_reg[4]_i_1/CO[3]
                         net (fo=1, routed)           0.000     5.544    blink_cnt_reg[4]_i_1_n_0
    SLICE_X28Y10         CARRY4 (Prop_carry4_CI_CO[3])
                                                      0.114     5.658 r  blink_cnt_reg[8]_i_1/CO[3]
                         net (fo=1, routed)           0.000     5.658    blink_cnt_reg[8]_i_1_n_0
    SLICE_X28Y11         CARRY4 (Prop_carry4_CI_CO[3])
                                                      0.114     5.772 r  blink_cnt_reg[12]_i_1/CO[3]
                         net (fo=1, routed)           0.000     5.772    blink_cnt_reg[12]_i_1_n_0
    SLICE_X28Y12         CARRY4 (Prop_carry4_CI_CO[3])
                                                      0.114     5.886 r  blink_cnt_reg[16]_i_1/CO[3]
                         net (fo=1, routed)           0.000     5.886    blink_cnt_reg[16]_i_1_n_0
    SLICE_X28Y13         CARRY4 (Prop_carry4_CI_O[3])
                                                      0.313     6.199 r  blink_cnt_reg[20]_i_1/O[3]
                         net (fo=1, routed)           0.000     6.199    blink_cnt_reg[20]_i_1_n_4
    SLICE_X28Y13         FDRE                                         r  blink_cnt_reg[23]/D
  -------------------------------------------------------------------    -------------------

                         (clock sys_clk_pin rise edge)
                                                     10.000    10.000 r  
    W5                                                0.000    10.000 r  clk (IN)
                         net (fo=0)                   0.000    10.000    clk
    W5                   IBUF (Prop_ibuf_I_O)         1.388    11.388 r  clk_IBUF_inst/O
                         net (fo=27, routed)          1.917    13.305    clk_IBUF
    SLICE_X28Y13         FDRE                                         r  blink_cnt_reg[23]/C
                         clock pessimism              0.267    13.572    
                         clock uncertainty           -0.035    13.537    
    SLICE_X28Y13         FDRE (Setup_fdre_C_D)        0.062    13.599    blink_cnt_reg[23]
  -------------------------------------------------------------------
                         required time                         13.599    
                         arrival time                          -6.199    
  -------------------------------------------------------------------
                         slack                                  7.400    

Slack (MET) :             7.474ns  (required time - arrival time)
  Source:                 blink_cnt_reg[1]/C
                            (rising edge-triggered cell FDRE clocked by sys_clk_pin  {rise@0.000ns fall@5.000ns period=10.000ns})
  Destination:            blink_cnt_reg[22]/D
                            (rising edge-triggered cell FDRE clocked by sys_clk_pin  {rise@0.000ns fall@5.000ns period=10.000ns})
  Path Group:             sys_clk_pin
  Path Type:              Setup (Max at Slow Process Corner)
  Requirement:            10.000ns  (sys_clk_pin rise@10.000ns - sys_clk_pin rise@0.000ns)
  Data Path Delay:        2.364ns  (logic 1.825ns (77.204%)  route 0.539ns (22.796%))
  Logic Levels:           6  (CARRY4=6)
  Clock Path Skew:        -0.189ns (DCD - SCD + CPR)
    Destination Clock Delay (DCD):    3.305ns = ( 13.305 - 10.000 ) 
    Source Clock Delay      (SCD):    3.762ns
    Clock Pessimism Removal (CPR):    0.267ns
  Clock Uncertainty:      0.035ns  ((TSJ^2 + TIJ^2)^1/2 + DJ) / 2 + PE
    Total System Jitter     (TSJ):    0.071ns
    Total Input Jitter      (TIJ):    0.000ns
    Discrete Jitter          (DJ):    0.000ns
    Phase Error              (PE):    0.000ns

    Location             Delay type                Incr(ns)  Path(ns)    Netlist Resource(s)
  -------------------------------------------------------------------    -------------------
                         (clock sys_clk_pin rise edge)
                                                      0.000     0.000 r  
    W5                                                0.000     0.000 r  clk (IN)
                         net (fo=0)                   0.000     0.000    clk
    W5                   IBUF (Prop_ibuf_I_O)         1.458     1.458 r  clk_IBUF_inst/O
                         net (fo=27, routed)          2.303     3.762    clk_IBUF
    SLICE_X28Y8          FDRE                                         r  blink_cnt_reg[1]/C
  -------------------------------------------------------------------    -------------------
    SLICE_X28Y8          FDRE (Prop_fdre_C_Q)         0.456     4.218 r  blink_cnt_reg[1]/Q
                         net (fo=1, routed)           0.539     4.756    blink_cnt_reg_n_0_[1]
    SLICE_X28Y8          CARRY4 (Prop_carry4_S[1]_CO[3])
                                                      0.674     5.430 r  blink_cnt_reg[0]_i_1/CO[3]
                         net (fo=1, routed)           0.000     5.430    blink_cnt_reg[0]_i_1_n_0
    SLICE_X28Y9          CARRY4 (Prop_carry4_CI_CO[3])
                                                      0.114     5.544 r  blink_cnt_reg[4]_i_1/CO[3]
                         net (fo=1, routed)           0.000     5.544    blink_cnt_reg[4]_i_1_n_0
    SLICE_X28Y10         CARRY4 (Prop_carry4_CI_CO[3])
                                                      0.114     5.658 r  blink_cnt_reg[8]_i_1/CO[3]
                         net (fo=1, routed)           0.000     5.658    blink_cnt_reg[8]_i_1_n_0
    SLICE_X28Y11         CARRY4 (Prop_carry4_CI_CO[3])
                                                      0.114     5.772 r  blink_cnt_reg[12]_i_1/CO[3]
                         net (fo=1, routed)           0.000     5.772    blink_cnt_reg[12]_i_1_n_0
    SLICE_X28Y12         CARRY4 (Prop_carry4_CI_CO[3])
                                                      0.114     5.886 r  blink_cnt_reg[16]_i_1/CO[3]
                         net (fo=1, routed)           0.000     5.886    blink_cnt_reg[16]_i_1_n_0
    SLICE_X28Y13         CARRY4 (Prop_carry4_CI_O[2])
                                                      0.239     6.125 r  blink_cnt_reg[20]_i_1/O[2]
                         net (fo=1, routed)           0.000     6.125    blink_cnt_reg[20]_i_1_n_5
    SLICE_X28Y13         FDRE                                         r  blink_cnt_reg[22]/D
  -------------------------------------------------------------------    -------------------

                         (clock sys_clk_pin rise edge)
                                                     10.000    10.000 r  
    W5                                                0.000    10.000 r  clk (IN)
                         net (fo=0)                   0.000    10.000    clk
    W5                   IBUF (Prop_ibuf_I_O)         1.388    11.388 r  clk_IBUF_inst/O
                         net (fo=27, routed)          1.917    13.305    clk_IBUF
    SLICE_X28Y13         FDRE                                         r  blink_cnt_reg[22]/C
                         clock pessimism              0.267    13.572    
                         clock uncertainty           -0.035    13.537    
    SLICE_X28Y13         FDRE (Setup_fdre_C_D)        0.062    13.599    blink_cnt_reg[22]
  -------------------------------------------------------------------
                         required time                         13.599    
                         arrival time                          -6.125    
  -------------------------------------------------------------------
                         slack                                  7.474    

Slack (MET) :             7.490ns  (required time - arrival time)
  Source:                 blink_cnt_reg[1]/C
                            (rising edge-triggered cell FDRE clocked by sys_clk_pin  {rise@0.000ns fall@5.000ns period=10.000ns})
  Destination:            blink_cnt_reg[20]/D
                            (rising edge-triggered cell FDRE clocked by sys_clk_pin  {rise@0.000ns fall@5.000ns period=10.000ns})
  Path Group:             sys_clk_pin
  Path Type:              Setup (Max at Slow Process Corner)
  Requirement:            10.000ns  (sys_clk_pin rise@10.000ns - sys_clk_pin rise@0.000ns)
  Data Path Delay:        2.348ns  (logic 1.809ns (77.049%)  route 0.539ns (22.951%))
  Logic Levels:           6  (CARRY4=6)
  Clock Path Skew:        -0.189ns (DCD - SCD + CPR)
    Destination Clock Delay (DCD):    3.305ns = ( 13.305 - 10.000 ) 
    Source Clock Delay      (SCD):    3.762ns
    Clock Pessimism Removal (CPR):    0.267ns
  Clock Uncertainty:      0.035ns  ((TSJ^2 + TIJ^2)^1/2 + DJ) / 2 + PE
    Total System Jitter     (TSJ):    0.071ns
    Total Input Jitter      (TIJ):    0.000ns
    Discrete Jitter          (DJ):    0.000ns
    Phase Error              (PE):    0.000ns

    Location             Delay type                Incr(ns)  Path(ns)    Netlist Resource(s)
  -------------------------------------------------------------------    -------------------
                         (clock sys_clk_pin rise edge)
                                                      0.000     0.000 r  
    W5                                                0.000     0.000 r  clk (IN)
                         net (fo=0)                   0.000     0.000    clk
    W5                   IBUF (Prop_ibuf_I_O)         1.458     1.458 r  clk_IBUF_inst/O
                         net (fo=27, routed)          2.303     3.762    clk_IBUF
    SLICE_X28Y8          FDRE                                         r  blink_cnt_reg[1]/C
  -------------------------------------------------------------------    -------------------
    SLICE_X28Y8          FDRE (Prop_fdre_C_Q)         0.456     4.218 r  blink_cnt_reg[1]/Q
                         net (fo=1, routed)           0.539     4.756    blink_cnt_reg_n_0_[1]
    SLICE_X28Y8          CARRY4 (Prop_carry4_S[1]_CO[3])
                                                      0.674     5.430 r  blink_cnt_reg[0]_i_1/CO[3]
                         net (fo=1, routed)           0.000     5.430    blink_cnt_reg[0]_i_1_n_0
    SLICE_X28Y9          CARRY4 (Prop_carry4_CI_CO[3])
                                                      0.114     5.544 r  blink_cnt_reg[4]_i_1/CO[3]
                         net (fo=1, routed)           0.000     5.544    blink_cnt_reg[4]_i_1_n_0
    SLICE_X28Y10         CARRY4 (Prop_carry4_CI_CO[3])
                                                      0.114     5.658 r  blink_cnt_reg[8]_i_1/CO[3]
                         net (fo=1, routed)           0.000     5.658    blink_cnt_reg[8]_i_1_n_0
    SLICE_X28Y11         CARRY4 (Prop_carry4_CI_CO[3])
                                                      0.114     5.772 r  blink_cnt_reg[12]_i_1/CO[3]
                         net (fo=1, routed)           0.000     5.772    blink_cnt_reg[12]_i_1_n_0
    SLICE_X28Y12         CARRY4 (Prop_carry4_CI_CO[3])
                                                      0.114     5.886 r  blink_cnt_reg[16]_i_1/CO[3]
                         net (fo=1, routed)           0.000     5.886    blink_cnt_reg[16]_i_1_n_0
    SLICE_X28Y13         CARRY4 (Prop_carry4_CI_O[0])
                                                      0.223     6.109 r  blink_cnt_reg[20]_i_1/O[0]
                         net (fo=1, routed)           0.000     6.109    blink_cnt_reg[20]_i_1_n_7
    SLICE_X28Y13         FDRE                                         r  blink_cnt_reg[20]/D
  -------------------------------------------------------------------    -------------------

                         (clock sys_clk_pin rise edge)
                                                     10.000    10.000 r  
    W5                                                0.000    10.000 r  clk (IN)
                         net (fo=0)                   0.000    10.000    clk
    W5                   IBUF (Prop_ibuf_I_O)         1.388    11.388 r  clk_IBUF_inst/O
                         net (fo=27, routed)          1.917    13.305    clk_IBUF
    SLICE_X28Y13         FDRE                                         r  blink_cnt_reg[20]/C
                         clock pessimism              0.267    13.572    
                         clock uncertainty           -0.035    13.537    
    SLICE_X28Y13         FDRE (Setup_fdre_C_D)        0.062    13.599    blink_cnt_reg[20]
  -------------------------------------------------------------------
                         required time                         13.599    
                         arrival time                          -6.109    
  -------------------------------------------------------------------
                         slack                                  7.490    

Slack (MET) :             7.552ns  (required time - arrival time)
  Source:                 blink_cnt_reg[1]/C
                            (rising edge-triggered cell FDRE clocked by sys_clk_pin  {rise@0.000ns fall@5.000ns period=10.000ns})
  Destination:            blink_cnt_reg[17]/D
                            (rising edge-triggered cell FDRE clocked by sys_clk_pin  {rise@0.000ns fall@5.000ns period=10.000ns})
  Path Group:             sys_clk_pin
  Path Type:              Setup (Max at Slow Process Corner)
  Requirement:            10.000ns  (sys_clk_pin rise@10.000ns - sys_clk_pin rise@0.000ns)
  Data Path Delay:        2.345ns  (logic 1.806ns (77.020%)  route 0.539ns (22.980%))
  Logic Levels:           5  (CARRY4=5)
  Clock Path Skew:        -0.130ns (DCD - SCD + CPR)
    Destination Clock Delay (DCD):    3.364ns = ( 13.364 - 10.000 ) 
    Source Clock Delay      (SCD):    3.762ns
    Clock Pessimism Removal (CPR):    0.267ns
  Clock Uncertainty:      0.035ns  ((TSJ^2 + TIJ^2)^1/2 + DJ) / 2 + PE
    Total System Jitter     (TSJ):    0.071ns
    Total Input Jitter      (TIJ):    0.000ns
    Discrete Jitter          (DJ):    0.000ns
    Phase Error              (PE):    0.000ns

    Location             Delay type                Incr(ns)  Path(ns)    Netlist Resource(s)
  -------------------------------------------------------------------    -------------------
                         (clock sys_clk_pin rise edge)
                                                      0.000     0.000 r  
    W5                                                0.000     0.000 r  clk (IN)
                         net (fo=0)                   0.000     0.000    clk
    W5                   IBUF (Prop_ibuf_I_O)         1.458     1.458 r  clk_IBUF_inst/O
                         net (fo=27, routed)          2.303     3.762    clk_IBUF
    SLICE_X28Y8          FDRE                                         r  blink_cnt_reg[1]/C
  -------------------------------------------------------------------    -------------------
    SLICE_X28Y8          FDRE (Prop_fdre_C_Q)         0.456     4.218 r  blink_cnt_reg[1]/Q
                         net (fo=1, routed)           0.539     4.756    blink_cnt_reg_n_0_[1]
    SLICE_X28Y8          CARRY4 (Prop_carry4_S[1]_CO[3])
                                                      0.674     5.430 r  blink_cnt_reg[0]_i_1/CO[3]
                         net (fo=1, routed)           0.000     5.430    blink_cnt_reg[0]_i_1_n_0
    SLICE_X28Y9          CARRY4 (Prop_carry4_CI_CO[3])
                                                      0.114     5.544 r  blink_cnt_reg[4]_i_1/CO[3]
                         net (fo=1, routed)           0.000     5.544    blink_cnt_reg[4]_i_1_n_0
    SLICE_X28Y10         CARRY4 (Prop_carry4_CI_CO[3])
                                                      0.114     5.658 r  blink_cnt_reg[8]_i_1/CO[3]
                         net (fo=1, routed)           0.000     5.658    blink_cnt_reg[8]_i_1_n_0
    SLICE_X28Y11         CARRY4 (Prop_carry4_CI_CO[3])
                                                      0.114     5.772 r  blink_cnt_reg[12]_i_1/CO[3]
                         net (fo=1, routed)           0.000     5.772    blink_cnt_reg[12]_i_1_n_0
    SLICE_X28Y12         CARRY4 (Prop_carry4_CI_O[1])
                                                      0.334     6.106 r  blink_cnt_reg[16]_i_1/O[1]
                         net (fo=1, routed)           0.000     6.106    blink_cnt_reg[16]_i_1_n_6
    SLICE_X28Y12         FDRE                                         r  blink_cnt_reg[17]/D
  -------------------------------------------------------------------    -------------------

                         (clock sys_clk_pin rise edge)
                                                     10.000    10.000 r  
    W5                                                0.000    10.000 r  clk (IN)
                         net (fo=0)                   0.000    10.000    clk
    W5                   IBUF (Prop_ibuf_I_O)         1.388    11.388 r  clk_IBUF_inst/O
                         net (fo=27, routed)          1.976    13.364    clk_IBUF
    SLICE_X28Y12         FDRE                                         r  blink_cnt_reg[17]/C
                         clock pessimism              0.267    13.632    
                         clock uncertainty           -0.035    13.596    
    SLICE_X28Y12         FDRE (Setup_fdre_C_D)        0.062    13.658    blink_cnt_reg[17]
  -------------------------------------------------------------------
                         required time                         13.658    
                         arrival time                          -6.106    
  -------------------------------------------------------------------
                         slack                                  7.552    

Slack (MET) :             7.573ns  (required time - arrival time)
  Source:                 blink_cnt_reg[1]/C
                            (rising edge-triggered cell FDRE clocked by sys_clk_pin  {rise@0.000ns fall@5.000ns period=10.000ns})
  Destination:            blink_cnt_reg[19]/D
                            (rising edge-triggered cell FDRE clocked by sys_clk_pin  {rise@0.000ns fall@5.000ns period=10.000ns})
  Path Group:             sys_clk_pin
  Path Type:              Setup (Max at Slow Process Corner)
  Requirement:            10.000ns  (sys_clk_pin rise@10.000ns - sys_clk_pin rise@0.000ns)
  Data Path Delay:        2.324ns  (logic 1.785ns (76.812%)  route 0.539ns (23.188%))
  Logic Levels:           5  (CARRY4=5)
  Clock Path Skew:        -0.130ns (DCD - SCD + CPR)
    Destination Clock Delay (DCD):    3.364ns = ( 13.364 - 10.000 ) 
    Source Clock Delay      (SCD):    3.762ns
    Clock Pessimism Removal (CPR):    0.267ns
  Clock Uncertainty:      0.035ns  ((TSJ^2 + TIJ^2)^1/2 + DJ) / 2 + PE
    Total System Jitter     (TSJ):    0.071ns
    Total Input Jitter      (TIJ):    0.000ns
    Discrete Jitter          (DJ):    0.000ns
    Phase Error              (PE):    0.000ns

    Location             Delay type                Incr(ns)  Path(ns)    Netlist Resource(s)
  -------------------------------------------------------------------    -------------------
                         (clock sys_clk_pin rise edge)
                                                      0.000     0.000 r  
    W5                                                0.000     0.000 r  clk (IN)
                         net (fo=0)                   0.000     0.000    clk
    W5                   IBUF (Prop_ibuf_I_O)         1.458     1.458 r  clk_IBUF_inst/O
                         net (fo=27, routed)          2.303     3.762    clk_IBUF
    SLICE_X28Y8          FDRE                                         r  blink_cnt_reg[1]/C
  -------------------------------------------------------------------    -------------------
    SLICE_X28Y8          FDRE (Prop_fdre_C_Q)         0.456     4.218 r  blink_cnt_reg[1]/Q
                         net (fo=1, routed)           0.539     4.756    blink_cnt_reg_n_0_[1]
    SLICE_X28Y8          CARRY4 (Prop_carry4_S[1]_CO[3])
                                                      0.674     5.430 r  blink_cnt_reg[0]_i_1/CO[3]
                         net (fo=1, routed)           0.000     5.430    blink_cnt_reg[0]_i_1_n_0
    SLICE_X28Y9          CARRY4 (Prop_carry4_CI_CO[3])
                                                      0.114     5.544 r  blink_cnt_reg[4]_i_1/CO[3]
                         net (fo=1, routed)           0.000     5.544    blink_cnt_reg[4]_i_1_n_0
    SLICE_X28Y10         CARRY4 (Prop_carry4_CI_CO[3])
                                                      0.114     5.658 r  blink_cnt_reg[8]_i_1/CO[3]
                         net (fo=1, routed)           0.000     5.658    blink_cnt_reg[8]_i_1_n_0
    SLICE_X28Y11         CARRY4 (Prop_carry4_CI_CO[3])
                                                      0.114     5.772 r  blink_cnt_reg[12]_i_1/CO[3]
                         net (fo=1, routed)           0.000     5.772    blink_cnt_reg[12]_i_1_n_0
    SLICE_X28Y12         CARRY4 (Prop_carry4_CI_O[3])
                                                      0.313     6.085 r  blink_cnt_reg[16]_i_1/O[3]
                         net (fo=1, routed)           0.000     6.085    blink_cnt_reg[16]_i_1_n_4
    SLICE_X28Y12         FDRE                                         r  blink_cnt_reg[19]/D
  -------------------------------------------------------------------    -------------------

                         (clock sys_clk_pin rise edge)
                                                     10.000    10.000 r  
    W5                                                0.000    10.000 r  clk (IN)
                         net (fo=0)                   0.000    10.000    clk
    W5                   IBUF (Prop_ibuf_I_O)         1.388    11.388 r  clk_IBUF_inst/O
                         net (fo=27, routed)          1.976    13.364    clk_IBUF
    SLICE_X28Y12         FDRE                                         r  blink_cnt_reg[19]/C
                         clock pessimism              0.267    13.632    
                         clock uncertainty           -0.035    13.596    
    SLICE_X28Y12         FDRE (Setup_fdre_C_D)        0.062    13.658    blink_cnt_reg[19]
  -------------------------------------------------------------------
                         required time                         13.658    
                         arrival time                          -6.085    
  -------------------------------------------------------------------
                         slack                                  7.573    

Slack (MET) :             7.638ns  (required time - arrival time)
  Source:                 blink_cnt_reg[1]/C
                            (rising edge-triggered cell FDRE clocked by sys_clk_pin  {rise@0.000ns fall@5.000ns period=10.000ns})
  Destination:            blink_cnt_reg[13]/D
                            (rising edge-triggered cell FDRE clocked by sys_clk_pin  {rise@0.000ns fall@5.000ns period=10.000ns})
  Path Group:             sys_clk_pin
  Path Type:              Setup (Max at Slow Process Corner)
  Requirement:            10.000ns  (sys_clk_pin rise@10.000ns - sys_clk_pin rise@0.000ns)
  Data Path Delay:        2.231ns  (logic 1.692ns (75.845%)  route 0.539ns (24.155%))
  Logic Levels:           4  (CARRY4=4)
  Clock Path Skew:        -0.158ns (DCD - SCD + CPR)
    Destination Clock Delay (DCD):    3.337ns = ( 13.337 - 10.000 ) 
    Source Clock Delay      (SCD):    3.762ns
    Clock Pessimism Removal (CPR):    0.267ns
  Clock Uncertainty:      0.035ns  ((TSJ^2 + TIJ^2)^1/2 + DJ) / 2 + PE
    Total System Jitter     (TSJ):    0.071ns
    Total Input Jitter      (TIJ):    0.000ns
    Discrete Jitter          (DJ):    0.000ns
    Phase Error              (PE):    0.000ns

    Location             Delay type                Incr(ns)  Path(ns)    Netlist Resource(s)
  -------------------------------------------------------------------    -------------------
                         (clock sys_clk_pin rise edge)
                                                      0.000     0.000 r  
    W5                                                0.000     0.000 r  clk (IN)
                         net (fo=0)                   0.000     0.000    clk
    W5                   IBUF (Prop_ibuf_I_O)         1.458     1.458 r  clk_IBUF_inst/O
                         net (fo=27, routed)          2.303     3.762    clk_IBUF
    SLICE_X28Y8          FDRE                                         r  blink_cnt_reg[1]/C
  -------------------------------------------------------------------    -------------------
    SLICE_X28Y8          FDRE (Prop_fdre_C_Q)         0.456     4.218 r  blink_cnt_reg[1]/Q
                         net (fo=1, routed)           0.539     4.756    blink_cnt_reg_n_0_[1]
    SLICE_X28Y8          CARRY4 (Prop_carry4_S[1]_CO[3])
                                                      0.674     5.430 r  blink_cnt_reg[0]_i_1/CO[3]
                         net (fo=1, routed)           0.000     5.430    blink_cnt_reg[0]_i_1_n_0
    SLICE_X28Y9          CARRY4 (Prop_carry4_CI_CO[3])
                                                      0.114     5.544 r  blink_cnt_reg[4]_i_1/CO[3]
                         net (fo=1, routed)           0.000     5.544    blink_cnt_reg[4]_i_1_n_0
    SLICE_X28Y10         CARRY4 (Prop_carry4_CI_CO[3])
                                                      0.114     5.658 r  blink_cnt_reg[8]_i_1/CO[3]
                         net (fo=1, routed)           0.000     5.658    blink_cnt_reg[8]_i_1_n_0
    SLICE_X28Y11         CARRY4 (Prop_carry4_CI_O[1])
                                                      0.334     5.992 r  blink_cnt_reg[12]_i_1/O[1]
                         net (fo=1, routed)           0.000     5.992    blink_cnt_reg[12]_i_1_n_6
    SLICE_X28Y11         FDRE                                         r  blink_cnt_reg[13]/D
  -------------------------------------------------------------------    -------------------

                         (clock sys_clk_pin rise edge)
                                                     10.000    10.000 r  
    W5                                                0.000    10.000 r  clk (IN)
                         net (fo=0)                   0.000    10.000    clk
    W5                   IBUF (Prop_ibuf_I_O)         1.388    11.388 r  clk_IBUF_inst/O
                         net (fo=27, routed)          1.948    13.337    clk_IBUF
    SLICE_X28Y11         FDRE                                         r  blink_cnt_reg[13]/C
                         clock pessimism              0.267    13.604    
                         clock uncertainty           -0.035    13.569    
    SLICE_X28Y11         FDRE (Setup_fdre_C_D)        0.062    13.631    blink_cnt_reg[13]
  -------------------------------------------------------------------
                         required time                         13.631    
                         arrival time                          -5.992    
  -------------------------------------------------------------------
                         slack                                  7.638    

Slack (MET) :             7.647ns  (required time - arrival time)
  Source:                 blink_cnt_reg[1]/C
                            (rising edge-triggered cell FDRE clocked by sys_clk_pin  {rise@0.000ns fall@5.000ns period=10.000ns})
  Destination:            blink_cnt_reg[18]/D
                            (rising edge-triggered cell FDRE clocked by sys_clk_pin  {rise@0.000ns fall@5.000ns period=10.000ns})
  Path Group:             sys_clk_pin
  Path Type:              Setup (Max at Slow Process Corner)
  Requirement:            10.000ns  (sys_clk_pin rise@10.000ns - sys_clk_pin rise@0.000ns)
  Data Path Delay:        2.250ns  (logic 1.711ns (76.049%)  route 0.539ns (23.951%))
  Logic Levels:           5  (CARRY4=5)
  Clock Path Skew:        -0.130ns (DCD - SCD + CPR)
    Destination Clock Delay (DCD):    3.364ns = ( 13.364 - 10.000 ) 
    Source Clock Delay      (SCD):    3.762ns
    Clock Pessimism Removal (CPR):    0.267ns
  Clock Uncertainty:      0.035ns  ((TSJ^2 + TIJ^2)^1/2 + DJ) / 2 + PE
    Total System Jitter     (TSJ):    0.071ns
    Total Input Jitter      (TIJ):    0.000ns
    Discrete Jitter          (DJ):    0.000ns
    Phase Error              (PE):    0.000ns

    Location             Delay type                Incr(ns)  Path(ns)    Netlist Resource(s)
  -------------------------------------------------------------------    -------------------
                         (clock sys_clk_pin rise edge)
                                                      0.000     0.000 r  
    W5                                                0.000     0.000 r  clk (IN)
                         net (fo=0)                   0.000     0.000    clk
    W5                   IBUF (Prop_ibuf_I_O)         1.458     1.458 r  clk_IBUF_inst/O
                         net (fo=27, routed)          2.303     3.762    clk_IBUF
    SLICE_X28Y8          FDRE                                         r  blink_cnt_reg[1]/C
  -------------------------------------------------------------------    -------------------
    SLICE_X28Y8          FDRE (Prop_fdre_C_Q)         0.456     4.218 r  blink_cnt_reg[1]/Q
                         net (fo=1, routed)           0.539     4.756    blink_cnt_reg_n_0_[1]
    SLICE_X28Y8          CARRY4 (Prop_carry4_S[1]_CO[3])
                                                      0.674     5.430 r  blink_cnt_reg[0]_i_1/CO[3]
                         net (fo=1, routed)           0.000     5.430    blink_cnt_reg[0]_i_1_n_0
    SLICE_X28Y9          CARRY4 (Prop_carry4_CI_CO[3])
                                                      0.114     5.544 r  blink_cnt_reg[4]_i_1/CO[3]
                         net (fo=1, routed)           0.000     5.544    blink_cnt_reg[4]_i_1_n_0
    SLICE_X28Y10         CARRY4 (Prop_carry4_CI_CO[3])
                                                      0.114     5.658 r  blink_cnt_reg[8]_i_1/CO[3]
                         net (fo=1, routed)           0.000     5.658    blink_cnt_reg[8]_i_1_n_0
    SLICE_X28Y11         CARRY4 (Prop_carry4_CI_CO[3])
                                                      0.114     5.772 r  blink_cnt_reg[12]_i_1/CO[3]
                         net (fo=1, routed)           0.000     5.772    blink_cnt_reg[12]_i_1_n_0
    SLICE_X28Y12         CARRY4 (Prop_carry4_CI_O[2])
                                                      0.239     6.011 r  blink_cnt_reg[16]_i_1/O[2]
                         net (fo=1, routed)           0.000     6.011    blink_cnt_reg[16]_i_1_n_5
    SLICE_X28Y12         FDRE                                         r  blink_cnt_reg[18]/D
  -------------------------------------------------------------------    -------------------

                         (clock sys_clk_pin rise edge)
                                                     10.000    10.000 r  
    W5                                                0.000    10.000 r  clk (IN)
                         net (fo=0)                   0.000    10.000    clk
    W5                   IBUF (Prop_ibuf_I_O)         1.388    11.388 r  clk_IBUF_inst/O
                         net (fo=27, routed)          1.976    13.364    clk_IBUF
    SLICE_X28Y12         FDRE                                         r  blink_cnt_reg[18]/C
                         clock pessimism              0.267    13.632    
                         clock uncertainty           -0.035    13.596    
    SLICE_X28Y12         FDRE (Setup_fdre_C_D)        0.062    13.658    blink_cnt_reg[18]
  -------------------------------------------------------------------
                         required time                         13.658    
                         arrival time                          -6.011    
  -------------------------------------------------------------------
                         slack                                  7.647    

Slack (MET) :             7.659ns  (required time - arrival time)
  Source:                 blink_cnt_reg[1]/C
                            (rising edge-triggered cell FDRE clocked by sys_clk_pin  {rise@0.000ns fall@5.000ns period=10.000ns})
  Destination:            blink_cnt_reg[15]/D
                            (rising edge-triggered cell FDRE clocked by sys_clk_pin  {rise@0.000ns fall@5.000ns period=10.000ns})
  Path Group:             sys_clk_pin
  Path Type:              Setup (Max at Slow Process Corner)
  Requirement:            10.000ns  (sys_clk_pin rise@10.000ns - sys_clk_pin rise@0.000ns)
  Data Path Delay:        2.210ns  (logic 1.671ns (75.616%)  route 0.539ns (24.384%))
  Logic Levels:           4  (CARRY4=4)
  Clock Path Skew:        -0.158ns (DCD - SCD + CPR)
    Destination Clock Delay (DCD):    3.337ns = ( 13.337 - 10.000 ) 
    Source Clock Delay      (SCD):    3.762ns
    Clock Pessimism Removal (CPR):    0.267ns
  Clock Uncertainty:      0.035ns  ((TSJ^2 + TIJ^2)^1/2 + DJ) / 2 + PE
    Total System Jitter     (TSJ):    0.071ns
    Total Input Jitter      (TIJ):    0.000ns
    Discrete Jitter          (DJ):    0.000ns
    Phase Error              (PE):    0.000ns

    Location             Delay type                Incr(ns)  Path(ns)    Netlist Resource(s)
  -------------------------------------------------------------------    -------------------
                         (clock sys_clk_pin rise edge)
                                                      0.000     0.000 r  
    W5                                                0.000     0.000 r  clk (IN)
                         net (fo=0)                   0.000     0.000    clk
    W5                   IBUF (Prop_ibuf_I_O)         1.458     1.458 r  clk_IBUF_inst/O
                         net (fo=27, routed)          2.303     3.762    clk_IBUF
    SLICE_X28Y8          FDRE                                         r  blink_cnt_reg[1]/C
  -------------------------------------------------------------------    -------------------
    SLICE_X28Y8          FDRE (Prop_fdre_C_Q)         0.456     4.218 r  blink_cnt_reg[1]/Q
                         net (fo=1, routed)           0.539     4.756    blink_cnt_reg_n_0_[1]
    SLICE_X28Y8          CARRY4 (Prop_carry4_S[1]_CO[3])
                                                      0.674     5.430 r  blink_cnt_reg[0]_i_1/CO[3]
                         net (fo=1, routed)           0.000     5.430    blink_cnt_reg[0]_i_1_n_0
    SLICE_X28Y9          CARRY4 (Prop_carry4_CI_CO[3])
                                                      0.114     5.544 r  blink_cnt_reg[4]_i_1/CO[3]
                         net (fo=1, routed)           0.000     5.544    blink_cnt_reg[4]_i_1_n_0
    SLICE_X28Y10         CARRY4 (Prop_carry4_CI_CO[3])
                                                      0.114     5.658 r  blink_cnt_reg[8]_i_1/CO[3]
                         net (fo=1, routed)           0.000     5.658    blink_cnt_reg[8]_i_1_n_0
    SLICE_X28Y11         CARRY4 (Prop_carry4_CI_O[3])
                                                      0.313     5.971 r  blink_cnt_reg[12]_i_1/O[3]
                         net (fo=1, routed)           0.000     5.971    blink_cnt_reg[12]_i_1_n_4
    SLICE_X28Y11         FDRE                                         r  blink_cnt_reg[15]/D
  -------------------------------------------------------------------    -------------------

                         (clock sys_clk_pin rise edge)
                                                     10.000    10.000 r  
    W5                                                0.000    10.000 r  clk (IN)
                         net (fo=0)                   0.000    10.000    clk
    W5                   IBUF (Prop_ibuf_I_O)         1.388    11.388 r  clk_IBUF_inst/O
                         net (fo=27, routed)          1.948    13.337    clk_IBUF
    SLICE_X28Y11         FDRE                                         r  blink_cnt_reg[15]/C
                         clock pessimism              0.267    13.604    
                         clock uncertainty           -0.035    13.569    
    SLICE_X28Y11         FDRE (Setup_fdre_C_D)        0.062    13.631    blink_cnt_reg[15]
  -------------------------------------------------------------------
                         required time                         13.631    
                         arrival time                          -5.971    
  -------------------------------------------------------------------
                         slack                                  7.659    





Min Delay Paths
--------------------------------------------------------------------------------------
Slack (MET) :             0.268ns  (arrival time - required time)
  Source:                 blink_cnt_reg[10]/C
                            (rising edge-triggered cell FDRE clocked by sys_clk_pin  {rise@0.000ns fall@5.000ns period=10.000ns})
  Destination:            blink_cnt_reg[10]/D
                            (rising edge-triggered cell FDRE clocked by sys_clk_pin  {rise@0.000ns fall@5.000ns period=10.000ns})
  Path Group:             sys_clk_pin
  Path Type:              Hold (Min at Fast Process Corner)
  Requirement:            0.000ns  (sys_clk_pin rise@0.000ns - sys_clk_pin rise@0.000ns)
  Data Path Delay:        0.373ns  (logic 0.252ns (67.478%)  route 0.121ns (32.522%))
  Logic Levels:           1  (CARRY4=1)
  Clock Path Skew:        0.000ns (DCD - SCD - CPR)
    Destination Clock Delay (DCD):    1.524ns
    Source Clock Delay      (SCD):    1.191ns
    Clock Pessimism Removal (CPR):    0.334ns

    Location             Delay type                Incr(ns)  Path(ns)    Netlist Resource(s)
  -------------------------------------------------------------------    -------------------
                         (clock sys_clk_pin rise edge)
                                                      0.000     0.000 r  
    W5                                                0.000     0.000 r  clk (IN)
                         net (fo=0)                   0.000     0.000    clk
    W5                   IBUF (Prop_ibuf_I_O)         0.226     0.226 r  clk_IBUF_inst/O
                         net (fo=27, routed)          0.964     1.191    clk_IBUF
    SLICE_X28Y10         FDRE                                         r  blink_cnt_reg[10]/C
  -------------------------------------------------------------------    -------------------
    SLICE_X28Y10         FDRE (Prop_fdre_C_Q)         0.141     1.332 r  blink_cnt_reg[10]/Q
                         net (fo=1, routed)           0.121     1.453    blink_cnt_reg_n_0_[10]
    SLICE_X28Y10         CARRY4 (Prop_carry4_S[2]_O[2])
                                                      0.111     1.564 r  blink_cnt_reg[8]_i_1/O[2]
                         net (fo=1, routed)           0.000     1.564    blink_cnt_reg[8]_i_1_n_5
    SLICE_X28Y10         FDRE                                         r  blink_cnt_reg[10]/D
  -------------------------------------------------------------------    -------------------

                         (clock sys_clk_pin rise edge)
                                                      0.000     0.000 r  
    W5                                                0.000     0.000 r  clk (IN)
                         net (fo=0)                   0.000     0.000    clk
    W5                   IBUF (Prop_ibuf_I_O)         0.414     0.414 r  clk_IBUF_inst/O
                         net (fo=27, routed)          1.110     1.524    clk_IBUF
    SLICE_X28Y10         FDRE                                         r  blink_cnt_reg[10]/C
                         clock pessimism             -0.334     1.191    
    SLICE_X28Y10         FDRE (Hold_fdre_C_D)         0.105     1.296    blink_cnt_reg[10]
  -------------------------------------------------------------------
                         required time                         -1.296    
                         arrival time                           1.564    
  -------------------------------------------------------------------
                         slack                                  0.268    

Slack (MET) :             0.268ns  (arrival time - required time)
  Source:                 blink_cnt_reg[14]/C
                            (rising edge-triggered cell FDRE clocked by sys_clk_pin  {rise@0.000ns fall@5.000ns period=10.000ns})
  Destination:            blink_cnt_reg[14]/D
                            (rising edge-triggered cell FDRE clocked by sys_clk_pin  {rise@0.000ns fall@5.000ns period=10.000ns})
  Path Group:             sys_clk_pin
  Path Type:              Hold (Min at Fast Process Corner)
  Requirement:            0.000ns  (sys_clk_pin rise@0.000ns - sys_clk_pin rise@0.000ns)
  Data Path Delay:        0.373ns  (logic 0.252ns (67.478%)  route 0.121ns (32.522%))
  Logic Levels:           1  (CARRY4=1)
  Clock Path Skew:        0.000ns (DCD - SCD - CPR)
    Destination Clock Delay (DCD):    1.560ns
    Source Clock Delay      (SCD):    1.222ns
    Clock Pessimism Removal (CPR):    0.338ns

    Location             Delay type                Incr(ns)  Path(ns)    Netlist Resource(s)
  -------------------------------------------------------------------    -------------------
                         (clock sys_clk_pin rise edge)
                                                      0.000     0.000 r  
    W5                                                0.000     0.000 r  clk (IN)
                         net (fo=0)                   0.000     0.000    clk
    W5                   IBUF (Prop_ibuf_I_O)         0.226     0.226 r  clk_IBUF_inst/O
                         net (fo=27, routed)          0.995     1.222    clk_IBUF
    SLICE_X28Y11         FDRE                                         r  blink_cnt_reg[14]/C
  -------------------------------------------------------------------    -------------------
    SLICE_X28Y11         FDRE (Prop_fdre_C_Q)         0.141     1.363 r  blink_cnt_reg[14]/Q
                         net (fo=1, routed)           0.121     1.484    blink_cnt_reg_n_0_[14]
    SLICE_X28Y11         CARRY4 (Prop_carry4_S[2]_O[2])
                                                      0.111     1.595 r  blink_cnt_reg[12]_i_1/O[2]
                         net (fo=1, routed)           0.000     1.595    blink_cnt_reg[12]_i_1_n_5
    SLICE_X28Y11         FDRE                                         r  blink_cnt_reg[14]/D
  -------------------------------------------------------------------    -------------------

                         (clock sys_clk_pin rise edge)
                                                      0.000     0.000 r  
    W5                                                0.000     0.000 r  clk (IN)
                         net (fo=0)                   0.000     0.000    clk
    W5                   IBUF (Prop_ibuf_I_O)         0.414     0.414 r  clk_IBUF_inst/O
                         net (fo=27, routed)          1.145     1.560    clk_IBUF
    SLICE_X28Y11         FDRE                                         r  blink_cnt_reg[14]/C
                         clock pessimism             -0.338     1.222    
    SLICE_X28Y11         FDRE (Hold_fdre_C_D)         0.105     1.327    blink_cnt_reg[14]
  -------------------------------------------------------------------
                         required time                         -1.327    
                         arrival time                           1.595    
  -------------------------------------------------------------------
                         slack                                  0.268    

Slack (MET) :             0.268ns  (arrival time - required time)
  Source:                 blink_cnt_reg[18]/C
                            (rising edge-triggered cell FDRE clocked by sys_clk_pin  {rise@0.000ns fall@5.000ns period=10.000ns})
  Destination:            blink_cnt_reg[18]/D
                            (rising edge-triggered cell FDRE clocked by sys_clk_pin  {rise@0.000ns fall@5.000ns period=10.000ns})
  Path Group:             sys_clk_pin
  Path Type:              Hold (Min at Fast Process Corner)
  Requirement:            0.000ns  (sys_clk_pin rise@0.000ns - sys_clk_pin rise@0.000ns)
  Data Path Delay:        0.373ns  (logic 0.252ns (67.478%)  route 0.121ns (32.522%))
  Logic Levels:           1  (CARRY4=1)
  Clock Path Skew:        0.000ns (DCD - SCD - CPR)
    Destination Clock Delay (DCD):    1.594ns
    Source Clock Delay      (SCD):    1.251ns
    Clock Pessimism Removal (CPR):    0.344ns

    Location             Delay type                Incr(ns)  Path(ns)    Netlist Resource(s)
  -------------------------------------------------------------------    -------------------
                         (clock sys_clk_pin rise edge)
                                                      0.000     0.000 r  
    W5                                                0.000     0.000 r  clk (IN)
                         net (fo=0)                   0.000     0.000    clk
    W5                   IBUF (Prop_ibuf_I_O)         0.226     0.226 r  clk_IBUF_inst/O
                         net (fo=27, routed)          1.024     1.251    clk_IBUF
    SLICE_X28Y12         FDRE                                         r  blink_cnt_reg[18]/C
  -------------------------------------------------------------------    -------------------
    SLICE_X28Y12         FDRE (Prop_fdre_C_Q)         0.141     1.392 r  blink_cnt_reg[18]/Q
                         net (fo=1, routed)           0.121     1.513    blink_cnt_reg_n_0_[18]
    SLICE_X28Y12         CARRY4 (Prop_carry4_S[2]_O[2])
                                                      0.111     1.624 r  blink_cnt_reg[16]_i_1/O[2]
                         net (fo=1, routed)           0.000     1.624    blink_cnt_reg[16]_i_1_n_5
    SLICE_X28Y12         FDRE                                         r  blink_cnt_reg[18]/D
  -------------------------------------------------------------------    -------------------

                         (clock sys_clk_pin rise edge)
                                                      0.000     0.000 r  
    W5                                                0.000     0.000 r  clk (IN)
                         net (fo=0)                   0.000     0.000    clk
    W5                   IBUF (Prop_ibuf_I_O)         0.414     0.414 r  clk_IBUF_inst/O
                         net (fo=27, routed)          1.180     1.594    clk_IBUF
    SLICE_X28Y12         FDRE                                         r  blink_cnt_reg[18]/C
                         clock pessimism             -0.344     1.251    
    SLICE_X28Y12         FDRE (Hold_fdre_C_D)         0.105     1.356    blink_cnt_reg[18]
  -------------------------------------------------------------------
                         required time                         -1.356    
                         arrival time                           1.624    
  -------------------------------------------------------------------
                         slack                                  0.268    

Slack (MET) :             0.268ns  (arrival time - required time)
  Source:                 blink_cnt_reg[22]/C
                            (rising edge-triggered cell FDRE clocked by sys_clk_pin  {rise@0.000ns fall@5.000ns period=10.000ns})
  Destination:            blink_cnt_reg[22]/D
                            (rising edge-triggered cell FDRE clocked by sys_clk_pin  {rise@0.000ns fall@5.000ns period=10.000ns})
  Path Group:             sys_clk_pin
  Path Type:              Hold (Min at Fast Process Corner)
  Requirement:            0.000ns  (sys_clk_pin rise@0.000ns - sys_clk_pin rise@0.000ns)
  Data Path Delay:        0.373ns  (logic 0.252ns (67.478%)  route 0.121ns (32.522%))
  Logic Levels:           1  (CARRY4=1)
  Clock Path Skew:        0.000ns (DCD - SCD - CPR)
    Destination Clock Delay (DCD):    1.533ns
    Source Clock Delay      (SCD):    1.197ns
    Clock Pessimism Removal (CPR):    0.336ns

    Location             Delay type                Incr(ns)  Path(ns)    Netlist Resource(s)
  -------------------------------------------------------------------    -------------------
                         (clock sys_clk_pin rise edge)
                                                      0.000     0.000 r  
    W5                                                0.000     0.000 r  clk (IN)
                         net (fo=0)                   0.000     0.000    clk
    W5                   IBUF (Prop_ibuf_I_O)         0.226     0.226 r  clk_IBUF_inst/O
                         net (fo=27, routed)          0.971     1.197    clk_IBUF
    SLICE_X28Y13         FDRE                                         r  blink_cnt_reg[22]/C
  -------------------------------------------------------------------    -------------------
    SLICE_X28Y13         FDRE (Prop_fdre_C_Q)         0.141     1.338 r  blink_cnt_reg[22]/Q
                         net (fo=1, routed)           0.121     1.460    blink_cnt_reg_n_0_[22]
    SLICE_X28Y13         CARRY4 (Prop_carry4_S[2]_O[2])
                                                      0.111     1.571 r  blink_cnt_reg[20]_i_1/O[2]
                         net (fo=1, routed)           0.000     1.571    blink_cnt_reg[20]_i_1_n_5
    SLICE_X28Y13         FDRE                                         r  blink_cnt_reg[22]/D
  -------------------------------------------------------------------    -------------------

                         (clock sys_clk_pin rise edge)
                                                      0.000     0.000 r  
    W5                                                0.000     0.000 r  clk (IN)
                         net (fo=0)                   0.000     0.000    clk
    W5                   IBUF (Prop_ibuf_I_O)         0.414     0.414 r  clk_IBUF_inst/O
                         net (fo=27, routed)          1.119     1.533    clk_IBUF
    SLICE_X28Y13         FDRE                                         r  blink_cnt_reg[22]/C
                         clock pessimism             -0.336     1.197    
    SLICE_X28Y13         FDRE (Hold_fdre_C_D)         0.105     1.302    blink_cnt_reg[22]
  -------------------------------------------------------------------
                         required time                         -1.302    
                         arrival time                           1.571    
  -------------------------------------------------------------------
                         slack                                  0.268    

Slack (MET) :             0.268ns  (arrival time - required time)
  Source:                 blink_cnt_reg[6]/C
                            (rising edge-triggered cell FDRE clocked by sys_clk_pin  {rise@0.000ns fall@5.000ns period=10.000ns})
  Destination:            blink_cnt_reg[6]/D
                            (rising edge-triggered cell FDRE clocked by sys_clk_pin  {rise@0.000ns fall@5.000ns period=10.000ns})
  Path Group:             sys_clk_pin
  Path Type:              Hold (Min at Fast Process Corner)
  Requirement:            0.000ns  (sys_clk_pin rise@0.000ns - sys_clk_pin rise@0.000ns)
  Data Path Delay:        0.373ns  (logic 0.252ns (67.478%)  route 0.121ns (32.522%))
  Logic Levels:           1  (CARRY4=1)
  Clock Path Skew:        0.000ns (DCD - SCD - CPR)
    Destination Clock Delay (DCD):    1.588ns
    Source Clock Delay      (SCD):    1.244ns
    Clock Pessimism Removal (CPR):    0.344ns

    Location             Delay type                Incr(ns)  Path(ns)    Netlist Resource(s)
  -------------------------------------------------------------------    -------------------
                         (clock sys_clk_pin rise edge)
                                                      0.000     0.000 r  
    W5                                                0.000     0.000 r  clk (IN)
                         net (fo=0)                   0.000     0.000    clk
    W5                   IBUF (Prop_ibuf_I_O)         0.226     0.226 r  clk_IBUF_inst/O
                         net (fo=27, routed)          1.018     1.244    clk_IBUF
    SLICE_X28Y9          FDRE                                         r  blink_cnt_reg[6]/C
  -------------------------------------------------------------------    -------------------
    SLICE_X28Y9          FDRE (Prop_fdre_C_Q)         0.141     1.385 r  blink_cnt_reg[6]/Q
                         net (fo=1, routed)           0.121     1.507    blink_cnt_reg_n_0_[6]
    SLICE_X28Y9          CARRY4 (Prop_carry4_S[2]_O[2])
                                                      0.111     1.618 r  blink_cnt_reg[4]_i_1/O[2]
                         net (fo=1, routed)           0.000     1.618    blink_cnt_reg[4]_i_1_n_5
    SLICE_X28Y9          FDRE                                         r  blink_cnt_reg[6]/D
  -------------------------------------------------------------------    -------------------

                         (clock sys_clk_pin rise edge)
                                                      0.000     0.000 r  
    W5                                                0.000     0.000 r  clk (IN)
                         net (fo=0)                   0.000     0.000    clk
    W5                   IBUF (Prop_ibuf_I_O)         0.414     0.414 r  clk_IBUF_inst/O
                         net (fo=27, routed)          1.174     1.588    clk_IBUF
    SLICE_X28Y9          FDRE                                         r  blink_cnt_reg[6]/C
                         clock pessimism             -0.344     1.244    
    SLICE_X28Y9          FDRE (Hold_fdre_C_D)         0.105     1.349    blink_cnt_reg[6]
  -------------------------------------------------------------------
                         required time                         -1.349    
                         arrival time                           1.618    
  -------------------------------------------------------------------
                         slack                                  0.268    

Slack (MET) :             0.297ns  (arrival time - required time)
  Source:                 blink_cnt_reg[14]/C
                            (rising edge-triggered cell FDRE clocked by sys_clk_pin  {rise@0.000ns fall@5.000ns period=10.000ns})
  Destination:            blink_cnt_reg[16]/D
                            (rising edge-triggered cell FDRE clocked by sys_clk_pin  {rise@0.000ns fall@5.000ns period=10.000ns})
  Path Group:             sys_clk_pin
  Path Type:              Hold (Min at Fast Process Corner)
  Requirement:            0.000ns  (sys_clk_pin rise@0.000ns - sys_clk_pin rise@0.000ns)
  Data Path Delay:        0.476ns  (logic 0.355ns (74.508%)  route 0.121ns (25.492%))
  Logic Levels:           2  (CARRY4=2)
  Clock Path Skew:        0.075ns (DCD - SCD - CPR)
    Destination Clock Delay (DCD):    1.594ns
    Source Clock Delay      (SCD):    1.222ns
    Clock Pessimism Removal (CPR):    0.298ns

    Location             Delay type                Incr(ns)  Path(ns)    Netlist Resource(s)
  -------------------------------------------------------------------    -------------------
                         (clock sys_clk_pin rise edge)
                                                      0.000     0.000 r  
    W5                                                0.000     0.000 r  clk (IN)
                         net (fo=0)                   0.000     0.000    clk
    W5                   IBUF (Prop_ibuf_I_O)         0.226     0.226 r  clk_IBUF_inst/O
                         net (fo=27, routed)          0.995     1.222    clk_IBUF
    SLICE_X28Y11         FDRE                                         r  blink_cnt_reg[14]/C
  -------------------------------------------------------------------    -------------------
    SLICE_X28Y11         FDRE (Prop_fdre_C_Q)         0.141     1.363 r  blink_cnt_reg[14]/Q
                         net (fo=1, routed)           0.121     1.484    blink_cnt_reg_n_0_[14]
    SLICE_X28Y11         CARRY4 (Prop_carry4_S[2]_CO[3])
                                                      0.160     1.644 r  blink_cnt_reg[12]_i_1/CO[3]
                         net (fo=1, routed)           0.000     1.644    blink_cnt_reg[12]_i_1_n_0
    SLICE_X28Y12         CARRY4 (Prop_carry4_CI_O[0])
                                                      0.054     1.698 r  blink_cnt_reg[16]_i_1/O[0]
                         net (fo=1, routed)           0.000     1.698    blink_cnt_reg[16]_i_1_n_7
    SLICE_X28Y12         FDRE                                         r  blink_cnt_reg[16]/D
  -------------------------------------------------------------------    -------------------

                         (clock sys_clk_pin rise edge)
                                                      0.000     0.000 r  
    W5                                                0.000     0.000 r  clk (IN)
                         net (fo=0)                   0.000     0.000    clk
    W5                   IBUF (Prop_ibuf_I_O)         0.414     0.414 r  clk_IBUF_inst/O
                         net (fo=27, routed)          1.180     1.594    clk_IBUF
    SLICE_X28Y12         FDRE                                         r  blink_cnt_reg[16]/C
                         clock pessimism             -0.298     1.297    
    SLICE_X28Y12         FDRE (Hold_fdre_C_D)         0.105     1.402    blink_cnt_reg[16]
  -------------------------------------------------------------------
                         required time                         -1.402    
                         arrival time                           1.698    
  -------------------------------------------------------------------
                         slack                                  0.297    

Slack (MET) :             0.300ns  (arrival time - required time)
  Source:                 blink_cnt_reg[10]/C
                            (rising edge-triggered cell FDRE clocked by sys_clk_pin  {rise@0.000ns fall@5.000ns period=10.000ns})
  Destination:            blink_cnt_reg[12]/D
                            (rising edge-triggered cell FDRE clocked by sys_clk_pin  {rise@0.000ns fall@5.000ns period=10.000ns})
  Path Group:             sys_clk_pin
  Path Type:              Hold (Min at Fast Process Corner)
  Requirement:            0.000ns  (sys_clk_pin rise@0.000ns - sys_clk_pin rise@0.000ns)
  Data Path Delay:        0.476ns  (logic 0.355ns (74.508%)  route 0.121ns (25.492%))
  Logic Levels:           2  (CARRY4=2)
  Clock Path Skew:        0.071ns (DCD - SCD - CPR)
    Destination Clock Delay (DCD):    1.560ns
    Source Clock Delay      (SCD):    1.191ns
    Clock Pessimism Removal (CPR):    0.298ns

    Location             Delay type                Incr(ns)  Path(ns)    Netlist Resource(s)
  -------------------------------------------------------------------    -------------------
                         (clock sys_clk_pin rise edge)
                                                      0.000     0.000 r  
    W5                                                0.000     0.000 r  clk (IN)
                         net (fo=0)                   0.000     0.000    clk
    W5                   IBUF (Prop_ibuf_I_O)         0.226     0.226 r  clk_IBUF_inst/O
                         net (fo=27, routed)          0.964     1.191    clk_IBUF
    SLICE_X28Y10         FDRE                                         r  blink_cnt_reg[10]/C
  -------------------------------------------------------------------    -------------------
    SLICE_X28Y10         FDRE (Prop_fdre_C_Q)         0.141     1.332 r  blink_cnt_reg[10]/Q
                         net (fo=1, routed)           0.121     1.453    blink_cnt_reg_n_0_[10]
    SLICE_X28Y10         CARRY4 (Prop_carry4_S[2]_CO[3])
                                                      0.160     1.613 r  blink_cnt_reg[8]_i_1/CO[3]
                         net (fo=1, routed)           0.000     1.613    blink_cnt_reg[8]_i_1_n_0
    SLICE_X28Y11         CARRY4 (Prop_carry4_CI_O[0])
                                                      0.054     1.667 r  blink_cnt_reg[12]_i_1/O[0]
                         net (fo=1, routed)           0.000     1.667    blink_cnt_reg[12]_i_1_n_7
    SLICE_X28Y11         FDRE                                         r  blink_cnt_reg[12]/D
  -------------------------------------------------------------------    -------------------

                         (clock sys_clk_pin rise edge)
                                                      0.000     0.000 r  
    W5                                                0.000     0.000 r  clk (IN)
                         net (fo=0)                   0.000     0.000    clk
    W5                   IBUF (Prop_ibuf_I_O)         0.414     0.414 r  clk_IBUF_inst/O
                         net (fo=27, routed)          1.145     1.560    clk_IBUF
    SLICE_X28Y11         FDRE                                         r  blink_cnt_reg[12]/C
                         clock pessimism             -0.298     1.262    
    SLICE_X28Y11         FDRE (Hold_fdre_C_D)         0.105     1.367    blink_cnt_reg[12]
  -------------------------------------------------------------------
                         required time                         -1.367    
                         arrival time                           1.667    
  -------------------------------------------------------------------
                         slack                                  0.300    

Slack (MET) :             0.301ns  (arrival time - required time)
  Source:                 blink_cnt_reg[10]/C
                            (rising edge-triggered cell FDRE clocked by sys_clk_pin  {rise@0.000ns fall@5.000ns period=10.000ns})
  Destination:            blink_cnt_reg[11]/D
                            (rising edge-triggered cell FDRE clocked by sys_clk_pin  {rise@0.000ns fall@5.000ns period=10.000ns})
  Path Group:             sys_clk_pin
  Path Type:              Hold (Min at Fast Process Corner)
  Requirement:            0.000ns  (sys_clk_pin rise@0.000ns - sys_clk_pin rise@0.000ns)
  Data Path Delay:        0.406ns  (logic 0.285ns (70.118%)  route 0.121ns (29.882%))
  Logic Levels:           1  (CARRY4=1)
  Clock Path Skew:        0.000ns (DCD - SCD - CPR)
    Destination Clock Delay (DCD):    1.524ns
    Source Clock Delay      (SCD):    1.191ns
    Clock Pessimism Removal (CPR):    0.334ns

    Location             Delay type                Incr(ns)  Path(ns)    Netlist Resource(s)
  -------------------------------------------------------------------    -------------------
                         (clock sys_clk_pin rise edge)
                                                      0.000     0.000 r  
    W5                                                0.000     0.000 r  clk (IN)
                         net (fo=0)                   0.000     0.000    clk
    W5                   IBUF (Prop_ibuf_I_O)         0.226     0.226 r  clk_IBUF_inst/O
                         net (fo=27, routed)          0.964     1.191    clk_IBUF
    SLICE_X28Y10         FDRE                                         r  blink_cnt_reg[10]/C
  -------------------------------------------------------------------    -------------------
    SLICE_X28Y10         FDRE (Prop_fdre_C_Q)         0.141     1.332 r  blink_cnt_reg[10]/Q
                         net (fo=1, routed)           0.121     1.453    blink_cnt_reg_n_0_[10]
    SLICE_X28Y10         CARRY4 (Prop_carry4_S[2]_O[3])
                                                      0.144     1.597 r  blink_cnt_reg[8]_i_1/O[3]
                         net (fo=1, routed)           0.000     1.597    blink_cnt_reg[8]_i_1_n_4
    SLICE_X28Y10         FDRE                                         r  blink_cnt_reg[11]/D
  -------------------------------------------------------------------    -------------------

                         (clock sys_clk_pin rise edge)
                                                      0.000     0.000 r  
    W5                                                0.000     0.000 r  clk (IN)
                         net (fo=0)                   0.000     0.000    clk
    W5                   IBUF (Prop_ibuf_I_O)         0.414     0.414 r  clk_IBUF_inst/O
                         net (fo=27, routed)          1.110     1.524    clk_IBUF
    SLICE_X28Y10         FDRE                                         r  blink_cnt_reg[11]/C
                         clock pessimism             -0.334     1.191    
    SLICE_X28Y10         FDRE (Hold_fdre_C_D)         0.105     1.296    blink_cnt_reg[11]
  -------------------------------------------------------------------
                         required time                         -1.296    
                         arrival time                           1.597    
  -------------------------------------------------------------------
                         slack                                  0.301    

Slack (MET) :             0.301ns  (arrival time - required time)
  Source:                 blink_cnt_reg[14]/C
                            (rising edge-triggered cell FDRE clocked by sys_clk_pin  {rise@0.000ns fall@5.000ns period=10.000ns})
  Destination:            blink_cnt_reg[15]/D
                            (rising edge-triggered cell FDRE clocked by sys_clk_pin  {rise@0.000ns fall@5.000ns period=10.000ns})
  Path Group:             sys_clk_pin
  Path Type:              Hold (Min at Fast Process Corner)
  Requirement:            0.000ns  (sys_clk_pin rise@0.000ns - sys_clk_pin rise@0.000ns)
  Data Path Delay:        0.406ns  (logic 0.285ns (70.118%)  route 0.121ns (29.882%))
  Logic Levels:           1  (CARRY4=1)
  Clock Path Skew:        0.000ns (DCD - SCD - CPR)
    Destination Clock Delay (DCD):    1.560ns
    Source Clock Delay      (SCD):    1.222ns
    Clock Pessimism Removal (CPR):    0.338ns

    Location             Delay type                Incr(ns)  Path(ns)    Netlist Resource(s)
  -------------------------------------------------------------------    -------------------
                         (clock sys_clk_pin rise edge)
                                                      0.000     0.000 r  
    W5                                                0.000     0.000 r  clk (IN)
                         net (fo=0)                   0.000     0.000    clk
    W5                   IBUF (Prop_ibuf_I_O)         0.226     0.226 r  clk_IBUF_inst/O
                         net (fo=27, routed)          0.995     1.222    clk_IBUF
    SLICE_X28Y11         FDRE                                         r  blink_cnt_reg[14]/C
  -------------------------------------------------------------------    -------------------
    SLICE_X28Y11         FDRE (Prop_fdre_C_Q)         0.141     1.363 r  blink_cnt_reg[14]/Q
                         net (fo=1, routed)           0.121     1.484    blink_cnt_reg_n_0_[14]
    SLICE_X28Y11         CARRY4 (Prop_carry4_S[2]_O[3])
                                                      0.144     1.628 r  blink_cnt_reg[12]_i_1/O[3]
                         net (fo=1, routed)           0.000     1.628    blink_cnt_reg[12]_i_1_n_4
    SLICE_X28Y11         FDRE                                         r  blink_cnt_reg[15]/D
  -------------------------------------------------------------------    -------------------

                         (clock sys_clk_pin rise edge)
                                                      0.000     0.000 r  
    W5                                                0.000     0.000 r  clk (IN)
                         net (fo=0)                   0.000     0.000    clk
    W5                   IBUF (Prop_ibuf_I_O)         0.414     0.414 r  clk_IBUF_inst/O
                         net (fo=27, routed)          1.145     1.560    clk_IBUF
    SLICE_X28Y11         FDRE                                         r  blink_cnt_reg[15]/C
                         clock pessimism             -0.338     1.222    
    SLICE_X28Y11         FDRE (Hold_fdre_C_D)         0.105     1.327    blink_cnt_reg[15]
  -------------------------------------------------------------------
                         required time                         -1.327    
                         arrival time                           1.628    
  -------------------------------------------------------------------
                         slack                                  0.301    

Slack (MET) :             0.301ns  (arrival time - required time)
  Source:                 blink_cnt_reg[18]/C
                            (rising edge-triggered cell FDRE clocked by sys_clk_pin  {rise@0.000ns fall@5.000ns period=10.000ns})
  Destination:            blink_cnt_reg[19]/D
                            (rising edge-triggered cell FDRE clocked by sys_clk_pin  {rise@0.000ns fall@5.000ns period=10.000ns})
  Path Group:             sys_clk_pin
  Path Type:              Hold (Min at Fast Process Corner)
  Requirement:            0.000ns  (sys_clk_pin rise@0.000ns - sys_clk_pin rise@0.000ns)
  Data Path Delay:        0.406ns  (logic 0.285ns (70.118%)  route 0.121ns (29.882%))
  Logic Levels:           1  (CARRY4=1)
  Clock Path Skew:        0.000ns (DCD - SCD - CPR)
    Destination Clock Delay (DCD):    1.594ns
    Source Clock Delay      (SCD):    1.251ns
    Clock Pessimism Removal (CPR):    0.344ns

    Location             Delay type                Incr(ns)  Path(ns)    Netlist Resource(s)
  -------------------------------------------------------------------    -------------------
                         (clock sys_clk_pin rise edge)
                                                      0.000     0.000 r  
    W5                                                0.000     0.000 r  clk (IN)
                         net (fo=0)                   0.000     0.000    clk
    W5                   IBUF (Prop_ibuf_I_O)         0.226     0.226 r  clk_IBUF_inst/O
                         net (fo=27, routed)          1.024     1.251    clk_IBUF
    SLICE_X28Y12         FDRE                                         r  blink_cnt_reg[18]/C
  -------------------------------------------------------------------    -------------------
    SLICE_X28Y12         FDRE (Prop_fdre_C_Q)         0.141     1.392 r  blink_cnt_reg[18]/Q
                         net (fo=1, routed)           0.121     1.513    blink_cnt_reg_n_0_[18]
    SLICE_X28Y12         CARRY4 (Prop_carry4_S[2]_O[3])
                                                      0.144     1.657 r  blink_cnt_reg[16]_i_1/O[3]
                         net (fo=1, routed)           0.000     1.657    blink_cnt_reg[16]_i_1_n_4
    SLICE_X28Y12         FDRE                                         r  blink_cnt_reg[19]/D
  -------------------------------------------------------------------    -------------------

                         (clock sys_clk_pin rise edge)
                                                      0.000     0.000 r  
    W5                                                0.000     0.000 r  clk (IN)
                         net (fo=0)                   0.000     0.000    clk
    W5                   IBUF (Prop_ibuf_I_O)         0.414     0.414 r  clk_IBUF_inst/O
                         net (fo=27, routed)          1.180     1.594    clk_IBUF
    SLICE_X28Y12         FDRE                                         r  blink_cnt_reg[19]/C
                         clock pessimism             -0.344     1.251    
    SLICE_X28Y12         FDRE (Hold_fdre_C_D)         0.105     1.356    blink_cnt_reg[19]
  -------------------------------------------------------------------
                         required time                         -1.356    
                         arrival time                           1.657    
  -------------------------------------------------------------------
                         slack                                  0.301    





Pulse Width Checks
--------------------------------------------------------------------------------------
Clock Name:         sys_clk_pin
Waveform(ns):       { 0.000 5.000 }
Period(ns):         10.000
Sources:            { clk }

Check Type        Corner  Lib Pin  Reference Pin  Required(ns)  Actual(ns)  Slack(ns)  Location      Pin
Min Period        n/a     FDRE/C   n/a            1.000         10.000      9.000      SLICE_X28Y8   blink_cnt_reg[0]/C
Min Period        n/a     FDRE/C   n/a            1.000         10.000      9.000      SLICE_X28Y10  blink_cnt_reg[10]/C
Min Period        n/a     FDRE/C   n/a            1.000         10.000      9.000      SLICE_X28Y10  blink_cnt_reg[11]/C
Min Period        n/a     FDRE/C   n/a            1.000         10.000      9.000      SLICE_X28Y11  blink_cnt_reg[12]/C
Min Period        n/a     FDRE/C   n/a            1.000         10.000      9.000      SLICE_X28Y11  blink_cnt_reg[13]/C
Min Period        n/a     FDRE/C   n/a            1.000         10.000      9.000      SLICE_X28Y11  blink_cnt_reg[14]/C
Min Period        n/a     FDRE/C   n/a            1.000         10.000      9.000      SLICE_X28Y11  blink_cnt_reg[15]/C
Min Period        n/a     FDRE/C   n/a            1.000         10.000      9.000      SLICE_X28Y12  blink_cnt_reg[16]/C
Min Period        n/a     FDRE/C   n/a            1.000         10.000      9.000      SLICE_X28Y12  blink_cnt_reg[17]/C
Min Period        n/a     FDRE/C   n/a            1.000         10.000      9.000      SLICE_X28Y12  blink_cnt_reg[18]/C
Low Pulse Width   Slow    FDRE/C   n/a            0.500         5.000       4.500      SLICE_X28Y13  blink_cnt_reg[20]/C
Low Pulse Width   Slow    FDRE/C   n/a            0.500         5.000       4.500      SLICE_X28Y13  blink_cnt_reg[21]/C
Low Pulse Width   Slow    FDRE/C   n/a            0.500         5.000       4.500      SLICE_X28Y13  blink_cnt_reg[22]/C
Low Pulse Width   Slow    FDRE/C   n/a            0.500         5.000       4.500      SLICE_X28Y13  blink_cnt_reg[23]/C
Low Pulse Width   Fast    FDRE/C   n/a            0.500         5.000       4.500      SLICE_X28Y11  blink_cnt_reg[12]/C
Low Pulse Width   Fast    FDRE/C   n/a            0.500         5.000       4.500      SLICE_X28Y11  blink_cnt_reg[13]/C
Low Pulse Width   Fast    FDRE/C   n/a            0.500         5.000       4.500      SLICE_X28Y11  blink_cnt_reg[14]/C
Low Pulse Width   Fast    FDRE/C   n/a            0.500         5.000       4.500      SLICE_X28Y11  blink_cnt_reg[15]/C
Low Pulse Width   Fast    FDRE/C   n/a            0.500         5.000       4.500      SLICE_X28Y12  blink_cnt_reg[16]/C
Low Pulse Width   Fast    FDRE/C   n/a            0.500         5.000       4.500      SLICE_X28Y12  blink_cnt_reg[17]/C
High Pulse Width  Slow    FDRE/C   n/a            0.500         5.000       4.500      SLICE_X28Y8   blink_cnt_reg[0]/C
High Pulse Width  Slow    FDRE/C   n/a            0.500         5.000       4.500      SLICE_X28Y10  blink_cnt_reg[10]/C
High Pulse Width  Slow    FDRE/C   n/a            0.500         5.000       4.500      SLICE_X28Y10  blink_cnt_reg[11]/C
High Pulse Width  Slow    FDRE/C   n/a            0.500         5.000       4.500      SLICE_X28Y12  blink_cnt_reg[16]/C
High Pulse Width  Slow    FDRE/C   n/a            0.500         5.000       4.500      SLICE_X28Y12  blink_cnt_reg[17]/C
High Pulse Width  Slow    FDRE/C   n/a            0.500         5.000       4.500      SLICE_X28Y12  blink_cnt_reg[18]/C
High Pulse Width  Slow    FDRE/C   n/a            0.500         5.000       4.500      SLICE_X28Y12  blink_cnt_reg[19]/C
High Pulse Width  Slow    FDRE/C   n/a            0.500         5.000       4.500      SLICE_X28Y8   blink_cnt_reg[1]/C
High Pulse Width  Slow    FDRE/C   n/a            0.500         5.000       4.500      SLICE_X28Y8   blink_cnt_reg[2]/C
High Pulse Width  Slow    FDRE/C   n/a            0.500         5.000       4.500      SLICE_X28Y8   blink_cnt_reg[3]/C



