Copyright 1986-2018 Xilinx, Inc. All Rights Reserved.
-----------------------------------------------------------------------------------------------------------------------------------------------------------------------------------------------------
| Tool Version : Vivado v.2018.1 (win64) Build 2188600 Wed Apr  4 18:40:38 MDT 2018
| Date         : Thu May 21 21:02:26 2026
| Host         : Archer running 64-bit major release  (build 9200)
| Command      : report_timing_summary -max_paths 10 -file basys3_top_timing_summary_routed.rpt -pb basys3_top_timing_summary_routed.pb -rpx basys3_top_timing_summary_routed.rpx -warn_on_violation
| Design       : basys3_top
| Device       : 7a35t-cpg236
| Speed File   : -1  PRODUCTION 1.21 2018-02-08
-----------------------------------------------------------------------------------------------------------------------------------------------------------------------------------------------------

Timing Summary Report

------------------------------------------------------------------------------------------------
| Timer Settings
| --------------
------------------------------------------------------------------------------------------------

  Enable Multi Corner Analysis               :  Yes
  Enable Pessimism Removal                   :  Yes
  Pessimism Removal Resolution               :  Nearest Common Node
  Enable Input Delay Default Clock           :  No
  Enable Preset / Clear Arcs                 :  No
  Disable Flight Delays                      :  No
  Ignore I/O Paths                           :  No
  Timing Early Launch at Borrowing Latches   :  false

  Corner  Analyze    Analyze    
  Name    Max Paths  Min Paths  
  ------  ---------  ---------  
  Slow    Yes        Yes        
  Fast    Yes        Yes        



check_timing report

Table of Contents
-----------------
1. checking no_clock
2. checking constant_clock
3. checking pulse_width_clock
4. checking unconstrained_internal_endpoints
5. checking no_input_delay
6. checking no_output_delay
7. checking multiple_clock
8. checking generated_clocks
9. checking loops
10. checking partial_input_delay
11. checking partial_output_delay
12. checking latch_loops

1. checking no_clock
--------------------
 There are 0 register/latch pins with no clock.


2. checking constant_clock
--------------------------
 There are 0 register/latch pins with constant_clock.


3. checking pulse_width_clock
-----------------------------
 There are 0 register/latch pins which need pulse_width check


4. checking unconstrained_internal_endpoints
--------------------------------------------
 There are 0 pins that are not constrained for maximum delay.

 There are 0 pins that are not constrained for maximum delay due to constant clock.


5. checking no_input_delay
--------------------------
 There are 4 input ports with no input delay specified. (HIGH)

 There are 0 input ports with no input delay but user has a false path constraint.


6. checking no_output_delay
---------------------------
 There are 5 ports with no output delay specified. (HIGH)

 There are 0 ports with no output delay but user has a false path constraint

 There are 0 ports with no output delay but with a timing clock defined on it or propagating through it


7. checking multiple_clock
--------------------------
 There are 0 register/latch pins with multiple clocks.


8. checking generated_clocks
----------------------------
 There are 0 generated clocks that are not connected to a clock source.


9. checking loops
-----------------
 There are 0 combinational loops in the design.


10. checking partial_input_delay
--------------------------------
 There are 0 input ports with partial input delay specified.


11. checking partial_output_delay
---------------------------------
 There are 0 ports with partial output delay specified.


12. checking latch_loops
------------------------
 There are 0 combinational latch loops in the design through latch input



------------------------------------------------------------------------------------------------
| Design Timing Summary
| ---------------------
------------------------------------------------------------------------------------------------

    WNS(ns)      TNS(ns)  TNS Failing Endpoints  TNS Total Endpoints      WHS(ns)      THS(ns)  THS Failing Endpoints  THS Total Endpoints     WPWS(ns)     TPWS(ns)  TPWS Failing Endpoints  TPWS Total Endpoints  
    -------      -------  ---------------------  -------------------      -------      -------  ---------------------  -------------------     --------     --------  ----------------------  --------------------  
     13.124        0.000                      0                11563        0.032        0.000                      0                11563        3.000        0.000                       0                  5484  


All user specified timing constraints are met.


------------------------------------------------------------------------------------------------
| Clock Summary
| -------------
------------------------------------------------------------------------------------------------

Clock                 Waveform(ns)       Period(ns)      Frequency(MHz)
-----                 ------------       ----------      --------------
sys_clk_pin           {0.000 5.000}      10.000          100.000         
  clkfbout_clk_wiz_0  {0.000 5.000}      10.000          100.000         
  cpu_clk_clk_wiz_0   {0.000 20.000}     40.000          25.000          


------------------------------------------------------------------------------------------------
| Intra Clock Table
| -----------------
------------------------------------------------------------------------------------------------

Clock                     WNS(ns)      TNS(ns)  TNS Failing Endpoints  TNS Total Endpoints      WHS(ns)      THS(ns)  THS Failing Endpoints  THS Total Endpoints     WPWS(ns)     TPWS(ns)  TPWS Failing Endpoints  TPWS Total Endpoints  
-----                     -------      -------  ---------------------  -------------------      -------      -------  ---------------------  -------------------     --------     --------  ----------------------  --------------------  
sys_clk_pin                                                                                                                                                             3.000        0.000                       0                     1  
  clkfbout_clk_wiz_0                                                                                                                                                    7.845        0.000                       0                     3  
  cpu_clk_clk_wiz_0        13.124        0.000                      0                11563        0.032        0.000                      0                11563       18.750        0.000                       0                  5480  


------------------------------------------------------------------------------------------------
| Inter Clock Table
| -----------------
------------------------------------------------------------------------------------------------

From Clock    To Clock          WNS(ns)      TNS(ns)  TNS Failing Endpoints  TNS Total Endpoints      WHS(ns)      THS(ns)  THS Failing Endpoints  THS Total Endpoints  
----------    --------          -------      -------  ---------------------  -------------------      -------      -------  ---------------------  -------------------  


------------------------------------------------------------------------------------------------
| Other Path Groups Table
| -----------------------
------------------------------------------------------------------------------------------------

Path Group    From Clock    To Clock          WNS(ns)      TNS(ns)  TNS Failing Endpoints  TNS Total Endpoints      WHS(ns)      THS(ns)  THS Failing Endpoints  THS Total Endpoints  
----------    ----------    --------          -------      -------  ---------------------  -------------------      -------      -------  ---------------------  -------------------  


------------------------------------------------------------------------------------------------
| Timing Details
| --------------
------------------------------------------------------------------------------------------------


---------------------------------------------------------------------------------------------------
From Clock:  sys_clk_pin
  To Clock:  sys_clk_pin

Setup :           NA  Failing Endpoints,  Worst Slack           NA  ,  Total Violation           NA
Hold  :           NA  Failing Endpoints,  Worst Slack           NA  ,  Total Violation           NA
PW    :            0  Failing Endpoints,  Worst Slack        3.000ns,  Total Violation        0.000ns
---------------------------------------------------------------------------------------------------


Pulse Width Checks
--------------------------------------------------------------------------------------
Clock Name:         sys_clk_pin
Waveform(ns):       { 0.000 5.000 }
Period(ns):         10.000
Sources:            { clk }

Check Type        Corner  Lib Pin            Reference Pin  Required(ns)  Actual(ns)  Slack(ns)  Location         Pin
Min Period        n/a     MMCME2_ADV/CLKIN1  n/a            1.249         10.000      8.751      MMCME2_ADV_X1Y0  soc_top_inst/clk_wiz_0/inst/mmcm_adv_inst/CLKIN1
Max Period        n/a     MMCME2_ADV/CLKIN1  n/a            100.000       10.000      90.000     MMCME2_ADV_X1Y0  soc_top_inst/clk_wiz_0/inst/mmcm_adv_inst/CLKIN1
Low Pulse Width   Fast    MMCME2_ADV/CLKIN1  n/a            2.000         5.000       3.000      MMCME2_ADV_X1Y0  soc_top_inst/clk_wiz_0/inst/mmcm_adv_inst/CLKIN1
Low Pulse Width   Slow    MMCME2_ADV/CLKIN1  n/a            2.000         5.000       3.000      MMCME2_ADV_X1Y0  soc_top_inst/clk_wiz_0/inst/mmcm_adv_inst/CLKIN1
High Pulse Width  Slow    MMCME2_ADV/CLKIN1  n/a            2.000         5.000       3.000      MMCME2_ADV_X1Y0  soc_top_inst/clk_wiz_0/inst/mmcm_adv_inst/CLKIN1
High Pulse Width  Fast    MMCME2_ADV/CLKIN1  n/a            2.000         5.000       3.000      MMCME2_ADV_X1Y0  soc_top_inst/clk_wiz_0/inst/mmcm_adv_inst/CLKIN1



---------------------------------------------------------------------------------------------------
From Clock:  clkfbout_clk_wiz_0
  To Clock:  clkfbout_clk_wiz_0

Setup :           NA  Failing Endpoints,  Worst Slack           NA  ,  Total Violation           NA
Hold  :           NA  Failing Endpoints,  Worst Slack           NA  ,  Total Violation           NA
PW    :            0  Failing Endpoints,  Worst Slack        7.845ns,  Total Violation        0.000ns
---------------------------------------------------------------------------------------------------


Pulse Width Checks
--------------------------------------------------------------------------------------
Clock Name:         clkfbout_clk_wiz_0
Waveform(ns):       { 0.000 5.000 }
Period(ns):         10.000
Sources:            { soc_top_inst/clk_wiz_0/inst/mmcm_adv_inst/CLKFBOUT }

Check Type  Corner  Lib Pin              Reference Pin  Required(ns)  Actual(ns)  Slack(ns)  Location         Pin
Min Period  n/a     BUFG/I               n/a            2.155         10.000      7.845      BUFGCTRL_X0Y1    soc_top_inst/clk_wiz_0/inst/clkf_buf/I
Min Period  n/a     MMCME2_ADV/CLKFBOUT  n/a            1.249         10.000      8.751      MMCME2_ADV_X1Y0  soc_top_inst/clk_wiz_0/inst/mmcm_adv_inst/CLKFBOUT
Min Period  n/a     MMCME2_ADV/CLKFBIN   n/a            1.249         10.000      8.751      MMCME2_ADV_X1Y0  soc_top_inst/clk_wiz_0/inst/mmcm_adv_inst/CLKFBIN
Max Period  n/a     MMCME2_ADV/CLKFBIN   n/a            100.000       10.000      90.000     MMCME2_ADV_X1Y0  soc_top_inst/clk_wiz_0/inst/mmcm_adv_inst/CLKFBIN
Max Period  n/a     MMCME2_ADV/CLKFBOUT  n/a            213.360       10.000      203.360    MMCME2_ADV_X1Y0  soc_top_inst/clk_wiz_0/inst/mmcm_adv_inst/CLKFBOUT



---------------------------------------------------------------------------------------------------
From Clock:  cpu_clk_clk_wiz_0
  To Clock:  cpu_clk_clk_wiz_0

Setup :            0  Failing Endpoints,  Worst Slack       13.124ns,  Total Violation        0.000ns
Hold  :            0  Failing Endpoints,  Worst Slack        0.032ns,  Total Violation        0.000ns
PW    :            0  Failing Endpoints,  Worst Slack       18.750ns,  Total Violation        0.000ns
---------------------------------------------------------------------------------------------------


Max Delay Paths
--------------------------------------------------------------------------------------
Slack (MET) :             13.124ns  (required time - arrival time)
  Source:                 soc_top_inst/mycpu_top_inst/VTop_inst/core/ex_r_reg[op1][2]/C
                            (rising edge-triggered cell FDRE clocked by cpu_clk_clk_wiz_0  {rise@0.000ns fall@20.000ns period=40.000ns})
  Destination:            soc_top_inst/mycpu_top_inst/VTop_inst/core/ex_r_reg[op2][48]/R
                            (rising edge-triggered cell FDRE clocked by cpu_clk_clk_wiz_0  {rise@0.000ns fall@20.000ns period=40.000ns})
  Path Group:             cpu_clk_clk_wiz_0
  Path Type:              Setup (Max at Slow Process Corner)
  Requirement:            40.000ns  (cpu_clk_clk_wiz_0 rise@40.000ns - cpu_clk_clk_wiz_0 rise@0.000ns)
  Data Path Delay:        26.171ns  (logic 5.748ns (21.963%)  route 20.423ns (78.037%))
  Logic Levels:           33  (CARRY4=14 LUT2=1 LUT3=2 LUT4=3 LUT5=1 LUT6=12)
  Clock Path Skew:        -0.086ns (DCD - SCD + CPR)
    Destination Clock Delay (DCD):    -1.542ns = ( 38.458 - 40.000 ) 
    Source Clock Delay      (SCD):    -0.965ns
    Clock Pessimism Removal (CPR):    0.492ns
  Clock Uncertainty:      0.094ns  ((TSJ^2 + DJ^2)^1/2) / 2 + PE
    Total System Jitter     (TSJ):    0.071ns
    Discrete Jitter          (DJ):    0.175ns
    Phase Error              (PE):    0.000ns

    Location             Delay type                Incr(ns)  Path(ns)    Netlist Resource(s)
  -------------------------------------------------------------------    -------------------
                         (clock cpu_clk_clk_wiz_0 rise edge)
                                                      0.000     0.000 r  
    W5                                                0.000     0.000 r  clk (IN)
                         net (fo=0)                   0.000     0.000    soc_top_inst/clk_wiz_0/inst/sys_clk
    W5                   IBUF (Prop_ibuf_I_O)         1.458     1.458 r  soc_top_inst/clk_wiz_0/inst/clkin1_ibufg/O
                         net (fo=1, routed)           1.233     2.691    soc_top_inst/clk_wiz_0/inst/sys_clk_clk_wiz_0
    MMCME2_ADV_X1Y0      MMCME2_ADV (Prop_mmcme2_adv_CLKIN1_CLKOUT0)
                                                     -6.961    -4.269 r  soc_top_inst/clk_wiz_0/inst/mmcm_adv_inst/CLKOUT0
                         net (fo=1, routed)           1.661    -2.608    soc_top_inst/clk_wiz_0/inst/cpu_clk_clk_wiz_0
    BUFGCTRL_X0Y0        BUFG (Prop_bufg_I_O)         0.096    -2.512 r  soc_top_inst/clk_wiz_0/inst/clkout1_buf/O
                         net (fo=5478, routed)        1.547    -0.965    soc_top_inst/mycpu_top_inst/VTop_inst/core/cpu_clk
    SLICE_X30Y26         FDRE                                         r  soc_top_inst/mycpu_top_inst/VTop_inst/core/ex_r_reg[op1][2]/C
  -------------------------------------------------------------------    -------------------
    SLICE_X30Y26         FDRE (Prop_fdre_C_Q)         0.518    -0.447 r  soc_top_inst/mycpu_top_inst/VTop_inst/core/ex_r_reg[op1][2]/Q
                         net (fo=51, routed)          1.872     1.425    soc_top_inst/mycpu_top_inst/VTop_inst/core/ex_r_reg[op_n_0_1][2]
    SLICE_X51Y39         LUT4 (Prop_lut4_I1_O)        0.124     1.549 r  soc_top_inst/mycpu_top_inst/VTop_inst/core/ex_r[rs2_store][0]_i_181/O
                         net (fo=1, routed)           0.000     1.549    soc_top_inst/mycpu_top_inst/VTop_inst/core/ex_r[rs2_store][0]_i_181_n_0
    SLICE_X51Y39         CARRY4 (Prop_carry4_S[1]_CO[3])
                                                      0.550     2.099 r  soc_top_inst/mycpu_top_inst/VTop_inst/core/ex_r_reg[rs2_store][0]_i_158/CO[3]
                         net (fo=1, routed)           0.000     2.099    soc_top_inst/mycpu_top_inst/VTop_inst/core/ex_r_reg[rs2_store][0]_i_158_n_0
    SLICE_X51Y40         CARRY4 (Prop_carry4_CI_CO[3])
                                                      0.114     2.213 r  soc_top_inst/mycpu_top_inst/VTop_inst/core/ex_r_reg[rs2_store][0]_i_140/CO[3]
                         net (fo=1, routed)           0.000     2.213    soc_top_inst/mycpu_top_inst/VTop_inst/core/ex_r_reg[rs2_store][0]_i_140_n_0
    SLICE_X51Y41         CARRY4 (Prop_carry4_CI_CO[3])
                                                      0.114     2.327 r  soc_top_inst/mycpu_top_inst/VTop_inst/core/ex_r_reg[rs2_store][0]_i_122/CO[3]
                         net (fo=1, routed)           0.000     2.327    soc_top_inst/mycpu_top_inst/VTop_inst/core/ex_r_reg[rs2_store][0]_i_122_n_0
    SLICE_X51Y42         CARRY4 (Prop_carry4_CI_CO[3])
                                                      0.114     2.441 r  soc_top_inst/mycpu_top_inst/VTop_inst/core/ex_r_reg[rs2_store][0]_i_104/CO[3]
                         net (fo=1, routed)           0.000     2.441    soc_top_inst/mycpu_top_inst/VTop_inst/core/ex_r_reg[rs2_store][0]_i_104_n_0
    SLICE_X51Y43         CARRY4 (Prop_carry4_CI_CO[3])
                                                      0.114     2.555 r  soc_top_inst/mycpu_top_inst/VTop_inst/core/ex_r_reg[rs2_store][0]_i_86/CO[3]
                         net (fo=1, routed)           0.000     2.555    soc_top_inst/mycpu_top_inst/VTop_inst/core/ex_r_reg[rs2_store][0]_i_86_n_0
    SLICE_X51Y44         CARRY4 (Prop_carry4_CI_CO[3])
                                                      0.114     2.669 r  soc_top_inst/mycpu_top_inst/VTop_inst/core/ex_r_reg[rs2_store][0]_i_67/CO[3]
                         net (fo=1, routed)           0.000     2.669    soc_top_inst/mycpu_top_inst/VTop_inst/core/ex_r_reg[rs2_store][0]_i_67_n_0
    SLICE_X51Y45         CARRY4 (Prop_carry4_CI_CO[3])
                                                      0.114     2.783 r  soc_top_inst/mycpu_top_inst/VTop_inst/core/ex_r_reg[rs2_store][0]_i_32/CO[3]
                         net (fo=1, routed)           0.000     2.783    soc_top_inst/mycpu_top_inst/VTop_inst/core/ex_r_reg[rs2_store][0]_i_32_n_0
    SLICE_X51Y46         CARRY4 (Prop_carry4_CI_CO[3])
                                                      0.114     2.897 r  soc_top_inst/mycpu_top_inst/VTop_inst/core/ex_r_reg[rs2_store][0]_i_12/CO[3]
                         net (fo=2, routed)           1.521     4.419    soc_top_inst/mycpu_top_inst/VTop_inst/core/u_execute/data2
    SLICE_X51Y36         LUT6 (Prop_lut6_I1_O)        0.124     4.543 r  soc_top_inst/mycpu_top_inst/VTop_inst/core/mem_r[is_instr_misalign]_i_4/O
                         net (fo=2, routed)           0.275     4.817    soc_top_inst/mycpu_top_inst/VTop_inst/core/mem_r[is_instr_misalign]_i_4_n_0
    SLICE_X51Y36         LUT6 (Prop_lut6_I0_O)        0.124     4.941 r  soc_top_inst/mycpu_top_inst/VTop_inst/core/mem_r[is_instr_misalign]_i_2/O
                         net (fo=2, routed)           0.735     5.677    soc_top_inst/mycpu_top_inst/VTop_inst/core/u_execute/ex_branch_taken
    SLICE_X36Y36         LUT6 (Prop_lut6_I3_O)        0.124     5.801 r  soc_top_inst/mycpu_top_inst/VTop_inst/core/fetch_buf_instr[31]_i_7/O
                         net (fo=76, routed)          0.942     6.743    soc_top_inst/mycpu_top_inst/VTop_inst/core/u_mdu/ex_flush_front
    SLICE_X32Y27         LUT6 (Prop_lut6_I3_O)        0.124     6.867 r  soc_top_inst/mycpu_top_inst/VTop_inst/core/u_mdu/fetch_buf_instr[31]_i_6/O
                         net (fo=118, routed)         0.684     7.550    soc_top_inst/mycpu_top_inst/VTop_inst/core/u_commit/fetch_redirect_bubble_reg[0]_0
    SLICE_X32Y28         LUT6 (Prop_lut6_I5_O)        0.124     7.674 f  soc_top_inst/mycpu_top_inst/VTop_inst/core/u_commit/saved_is_insn_i_1/O
                         net (fo=81, routed)          1.288     8.962    soc_top_inst/mycpu_top_inst/VTop_inst/core/u_commit/u_csr/mem_r_reg[valid]
    SLICE_X12Y45         LUT3 (Prop_lut3_I2_O)        0.124     9.086 r  soc_top_inst/mycpu_top_inst/VTop_inst/core/u_commit/u_csr/led1_carry__4_i_4/O
                         net (fo=70, routed)          1.658    10.744    soc_top_inst/mycpu_top_inst/VTop_inst/core/u_commit/u_csr/led1_carry__4_i_4_n_0
    SLICE_X29Y27         LUT6 (Prop_lut6_I5_O)        0.124    10.868 f  soc_top_inst/mycpu_top_inst/VTop_inst/core/u_commit/u_csr/lock_req[addr][7]_i_3/O
                         net (fo=1, routed)           0.633    11.501    soc_top_inst/mycpu_top_inst/VTop_inst/u_mmu/mem_r_reg[mem_addr][7]
    SLICE_X12Y27         LUT5 (Prop_lut5_I4_O)        0.124    11.625 r  soc_top_inst/mycpu_top_inst/VTop_inst/u_mmu/lock_req[addr][7]_i_2/O
                         net (fo=2, routed)           0.321    11.946    soc_top_inst/mycpu_top_inst/VTop_inst/mux/saved_vaddr_reg[7]
    SLICE_X12Y28         LUT4 (Prop_lut4_I2_O)        0.124    12.070 f  soc_top_inst/mycpu_top_inst/VTop_inst/mux/latched_addr[7]_i_1/O
                         net (fo=3, routed)           0.757    12.826    soc_top_inst/mycpu_top_inst/VTop_inst/mux/latched_addr_reg[17][2]
    SLICE_X15Y31         LUT6 (Prop_lut6_I4_O)        0.124    12.950 r  soc_top_inst/mycpu_top_inst/VTop_inst/mux/tx_data_access1_carry_i_3/O
                         net (fo=1, routed)           0.000    12.950    soc_top_inst/device_inst/lock_valid_reg_2[1]
    SLICE_X15Y31         CARRY4 (Prop_carry4_S[1]_CO[3])
                                                      0.550    13.500 r  soc_top_inst/device_inst/tx_data_access1_carry/CO[3]
                         net (fo=1, routed)           0.000    13.500    soc_top_inst/device_inst/tx_data_access1_carry_n_0
    SLICE_X15Y32         CARRY4 (Prop_carry4_CI_CO[3])
                                                      0.114    13.614 r  soc_top_inst/device_inst/tx_data_access1_carry__0/CO[3]
                         net (fo=1, routed)           0.000    13.614    soc_top_inst/device_inst/tx_data_access1_carry__0_n_0
    SLICE_X15Y33         CARRY4 (Prop_carry4_CI_CO[3])
                                                      0.114    13.728 r  soc_top_inst/device_inst/tx_data_access1_carry__1/CO[3]
                         net (fo=1, routed)           0.000    13.728    soc_top_inst/device_inst/tx_data_access1_carry__1_n_0
    SLICE_X15Y34         CARRY4 (Prop_carry4_CI_CO[3])
                                                      0.114    13.842 r  soc_top_inst/device_inst/tx_data_access1_carry__2/CO[3]
                         net (fo=1, routed)           0.000    13.842    soc_top_inst/device_inst/tx_data_access1_carry__2_n_0
    SLICE_X15Y35         CARRY4 (Prop_carry4_CI_CO[3])
                                                      0.114    13.956 r  soc_top_inst/device_inst/tx_data_access1_carry__3/CO[3]
                         net (fo=1, routed)           0.000    13.956    soc_top_inst/device_inst/tx_data_access1_carry__3_n_0
    SLICE_X15Y36         CARRY4 (Prop_carry4_CI_CO[0])
                                                      0.271    14.227 r  soc_top_inst/device_inst/tx_data_access1_carry__4/CO[0]
                         net (fo=10, routed)          0.614    14.842    soc_top_inst/mycpu_top_inst/VTop_inst/mux/CO[0]
    SLICE_X29Y37         LUT6 (Prop_lut6_I4_O)        0.373    15.215 f  soc_top_inst/mycpu_top_inst/VTop_inst/mux/i___2_i_5__0/O
                         net (fo=3, routed)           0.965    16.180    soc_top_inst/mycpu_top_inst/VTop_inst/mux/req_inflight_reg_2
    SLICE_X8Y31          LUT6 (Prop_lut6_I2_O)        0.124    16.304 f  soc_top_inst/mycpu_top_inst/VTop_inst/mux/i___2_i_2/O
                         net (fo=8, routed)           1.108    17.412    soc_top_inst/mycpu_top_inst/VTop_inst/core/u_commit/u_csr/lock_select_reg[0]_0
    SLICE_X29Y27         LUT4 (Prop_lut4_I0_O)        0.124    17.536 f  soc_top_inst/mycpu_top_inst/VTop_inst/core/u_commit/u_csr/i___2_i_1__0/O
                         net (fo=143, routed)         1.087    18.623    soc_top_inst/mycpu_top_inst/VTop_inst/core/u_commit/u_csr/csr_mcause_reg[2]_0
    SLICE_X7Y29          LUT6 (Prop_lut6_I3_O)        0.124    18.747 r  soc_top_inst/mycpu_top_inst/VTop_inst/core/u_commit/u_csr/csr_mip_raw[63]_i_1/O
                         net (fo=446, routed)         1.279    20.026    soc_top_inst/mycpu_top_inst/VTop_inst/core/u_commit_n_1
    SLICE_X14Y48         LUT3 (Prop_lut3_I0_O)        0.124    20.150 r  soc_top_inst/mycpu_top_inst/VTop_inst/core/fetch_buf_instr[31]_i_4/O
                         net (fo=72, routed)          1.512    21.662    soc_top_inst/mycpu_top_inst/VTop_inst/core/mret_redirect
    SLICE_X32Y30         LUT2 (Prop_lut2_I0_O)        0.124    21.786 f  soc_top_inst/mycpu_top_inst/VTop_inst/core/fetch_req_pc[63]_i_3/O
                         net (fo=9, routed)           0.506    22.292    soc_top_inst/mycpu_top_inst/VTop_inst/core/fetch_req_pc[63]_i_3_n_0
    SLICE_X37Y31         LUT6 (Prop_lut6_I0_O)        0.124    22.416 f  soc_top_inst/mycpu_top_inst/VTop_inst/core/ex_r[wen]_i_5/O
                         net (fo=1, routed)           0.762    23.178    soc_top_inst/mycpu_top_inst/VTop_inst/core/u_mdu/ex_r_reg[is_jalr]_0
    SLICE_X37Y27         LUT6 (Prop_lut6_I2_O)        0.124    23.302 r  soc_top_inst/mycpu_top_inst/VTop_inst/core/u_mdu/ex_r[wen]_i_1/O
                         net (fo=413, routed)         1.905    25.207    soc_top_inst/mycpu_top_inst/VTop_inst/core/u_mdu_n_10
    SLICE_X56Y44         FDRE                                         r  soc_top_inst/mycpu_top_inst/VTop_inst/core/ex_r_reg[op2][48]/R
  -------------------------------------------------------------------    -------------------

                         (clock cpu_clk_clk_wiz_0 rise edge)
                                                     40.000    40.000 r  
    W5                                                0.000    40.000 r  clk (IN)
                         net (fo=0)                   0.000    40.000    soc_top_inst/clk_wiz_0/inst/sys_clk
    W5                   IBUF (Prop_ibuf_I_O)         1.388    41.388 r  soc_top_inst/clk_wiz_0/inst/clkin1_ibufg/O
                         net (fo=1, routed)           1.162    42.550    soc_top_inst/clk_wiz_0/inst/sys_clk_clk_wiz_0
    MMCME2_ADV_X1Y0      MMCME2_ADV (Prop_mmcme2_adv_CLKIN1_CLKOUT0)
                                                     -7.217    35.332 r  soc_top_inst/clk_wiz_0/inst/mmcm_adv_inst/CLKOUT0
                         net (fo=1, routed)           1.581    36.914    soc_top_inst/clk_wiz_0/inst/cpu_clk_clk_wiz_0
    BUFGCTRL_X0Y0        BUFG (Prop_bufg_I_O)         0.091    37.005 r  soc_top_inst/clk_wiz_0/inst/clkout1_buf/O
                         net (fo=5478, routed)        1.453    38.458    soc_top_inst/mycpu_top_inst/VTop_inst/core/cpu_clk
    SLICE_X56Y44         FDRE                                         r  soc_top_inst/mycpu_top_inst/VTop_inst/core/ex_r_reg[op2][48]/C
                         clock pessimism              0.492    38.949    
                         clock uncertainty           -0.094    38.855    
    SLICE_X56Y44         FDRE (Setup_fdre_C_R)       -0.524    38.331    soc_top_inst/mycpu_top_inst/VTop_inst/core/ex_r_reg[op2][48]
  -------------------------------------------------------------------
                         required time                         38.331    
                         arrival time                         -25.207    
  -------------------------------------------------------------------
                         slack                                 13.124    

Slack (MET) :             13.124ns  (required time - arrival time)
  Source:                 soc_top_inst/mycpu_top_inst/VTop_inst/core/ex_r_reg[op1][2]/C
                            (rising edge-triggered cell FDRE clocked by cpu_clk_clk_wiz_0  {rise@0.000ns fall@20.000ns period=40.000ns})
  Destination:            soc_top_inst/mycpu_top_inst/VTop_inst/core/ex_r_reg[op2][51]/R
                            (rising edge-triggered cell FDRE clocked by cpu_clk_clk_wiz_0  {rise@0.000ns fall@20.000ns period=40.000ns})
  Path Group:             cpu_clk_clk_wiz_0
  Path Type:              Setup (Max at Slow Process Corner)
  Requirement:            40.000ns  (cpu_clk_clk_wiz_0 rise@40.000ns - cpu_clk_clk_wiz_0 rise@0.000ns)
  Data Path Delay:        26.171ns  (logic 5.748ns (21.963%)  route 20.423ns (78.037%))
  Logic Levels:           33  (CARRY4=14 LUT2=1 LUT3=2 LUT4=3 LUT5=1 LUT6=12)
  Clock Path Skew:        -0.086ns (DCD - SCD + CPR)
    Destination Clock Delay (DCD):    -1.542ns = ( 38.458 - 40.000 ) 
    Source Clock Delay      (SCD):    -0.965ns
    Clock Pessimism Removal (CPR):    0.492ns
  Clock Uncertainty:      0.094ns  ((TSJ^2 + DJ^2)^1/2) / 2 + PE
    Total System Jitter     (TSJ):    0.071ns
    Discrete Jitter          (DJ):    0.175ns
    Phase Error              (PE):    0.000ns

    Location             Delay type                Incr(ns)  Path(ns)    Netlist Resource(s)
  -------------------------------------------------------------------    -------------------
                         (clock cpu_clk_clk_wiz_0 rise edge)
                                                      0.000     0.000 r  
    W5                                                0.000     0.000 r  clk (IN)
                         net (fo=0)                   0.000     0.000    soc_top_inst/clk_wiz_0/inst/sys_clk
    W5                   IBUF (Prop_ibuf_I_O)         1.458     1.458 r  soc_top_inst/clk_wiz_0/inst/clkin1_ibufg/O
                         net (fo=1, routed)           1.233     2.691    soc_top_inst/clk_wiz_0/inst/sys_clk_clk_wiz_0
    MMCME2_ADV_X1Y0      MMCME2_ADV (Prop_mmcme2_adv_CLKIN1_CLKOUT0)
                                                     -6.961    -4.269 r  soc_top_inst/clk_wiz_0/inst/mmcm_adv_inst/CLKOUT0
                         net (fo=1, routed)           1.661    -2.608    soc_top_inst/clk_wiz_0/inst/cpu_clk_clk_wiz_0
    BUFGCTRL_X0Y0        BUFG (Prop_bufg_I_O)         0.096    -2.512 r  soc_top_inst/clk_wiz_0/inst/clkout1_buf/O
                         net (fo=5478, routed)        1.547    -0.965    soc_top_inst/mycpu_top_inst/VTop_inst/core/cpu_clk
    SLICE_X30Y26         FDRE                                         r  soc_top_inst/mycpu_top_inst/VTop_inst/core/ex_r_reg[op1][2]/C
  -------------------------------------------------------------------    -------------------
    SLICE_X30Y26         FDRE (Prop_fdre_C_Q)         0.518    -0.447 r  soc_top_inst/mycpu_top_inst/VTop_inst/core/ex_r_reg[op1][2]/Q
                         net (fo=51, routed)          1.872     1.425    soc_top_inst/mycpu_top_inst/VTop_inst/core/ex_r_reg[op_n_0_1][2]
    SLICE_X51Y39         LUT4 (Prop_lut4_I1_O)        0.124     1.549 r  soc_top_inst/mycpu_top_inst/VTop_inst/core/ex_r[rs2_store][0]_i_181/O
                         net (fo=1, routed)           0.000     1.549    soc_top_inst/mycpu_top_inst/VTop_inst/core/ex_r[rs2_store][0]_i_181_n_0
    SLICE_X51Y39         CARRY4 (Prop_carry4_S[1]_CO[3])
                                                      0.550     2.099 r  soc_top_inst/mycpu_top_inst/VTop_inst/core/ex_r_reg[rs2_store][0]_i_158/CO[3]
                         net (fo=1, routed)           0.000     2.099    soc_top_inst/mycpu_top_inst/VTop_inst/core/ex_r_reg[rs2_store][0]_i_158_n_0
    SLICE_X51Y40         CARRY4 (Prop_carry4_CI_CO[3])
                                                      0.114     2.213 r  soc_top_inst/mycpu_top_inst/VTop_inst/core/ex_r_reg[rs2_store][0]_i_140/CO[3]
                         net (fo=1, routed)           0.000     2.213    soc_top_inst/mycpu_top_inst/VTop_inst/core/ex_r_reg[rs2_store][0]_i_140_n_0
    SLICE_X51Y41         CARRY4 (Prop_carry4_CI_CO[3])
                                                      0.114     2.327 r  soc_top_inst/mycpu_top_inst/VTop_inst/core/ex_r_reg[rs2_store][0]_i_122/CO[3]
                         net (fo=1, routed)           0.000     2.327    soc_top_inst/mycpu_top_inst/VTop_inst/core/ex_r_reg[rs2_store][0]_i_122_n_0
    SLICE_X51Y42         CARRY4 (Prop_carry4_CI_CO[3])
                                                      0.114     2.441 r  soc_top_inst/mycpu_top_inst/VTop_inst/core/ex_r_reg[rs2_store][0]_i_104/CO[3]
                         net (fo=1, routed)           0.000     2.441    soc_top_inst/mycpu_top_inst/VTop_inst/core/ex_r_reg[rs2_store][0]_i_104_n_0
    SLICE_X51Y43         CARRY4 (Prop_carry4_CI_CO[3])
                                                      0.114     2.555 r  soc_top_inst/mycpu_top_inst/VTop_inst/core/ex_r_reg[rs2_store][0]_i_86/CO[3]
                         net (fo=1, routed)           0.000     2.555    soc_top_inst/mycpu_top_inst/VTop_inst/core/ex_r_reg[rs2_store][0]_i_86_n_0
    SLICE_X51Y44         CARRY4 (Prop_carry4_CI_CO[3])
                                                      0.114     2.669 r  soc_top_inst/mycpu_top_inst/VTop_inst/core/ex_r_reg[rs2_store][0]_i_67/CO[3]
                         net (fo=1, routed)           0.000     2.669    soc_top_inst/mycpu_top_inst/VTop_inst/core/ex_r_reg[rs2_store][0]_i_67_n_0
    SLICE_X51Y45         CARRY4 (Prop_carry4_CI_CO[3])
                                                      0.114     2.783 r  soc_top_inst/mycpu_top_inst/VTop_inst/core/ex_r_reg[rs2_store][0]_i_32/CO[3]
                         net (fo=1, routed)           0.000     2.783    soc_top_inst/mycpu_top_inst/VTop_inst/core/ex_r_reg[rs2_store][0]_i_32_n_0
    SLICE_X51Y46         CARRY4 (Prop_carry4_CI_CO[3])
                                                      0.114     2.897 r  soc_top_inst/mycpu_top_inst/VTop_inst/core/ex_r_reg[rs2_store][0]_i_12/CO[3]
                         net (fo=2, routed)           1.521     4.419    soc_top_inst/mycpu_top_inst/VTop_inst/core/u_execute/data2
    SLICE_X51Y36         LUT6 (Prop_lut6_I1_O)        0.124     4.543 r  soc_top_inst/mycpu_top_inst/VTop_inst/core/mem_r[is_instr_misalign]_i_4/O
                         net (fo=2, routed)           0.275     4.817    soc_top_inst/mycpu_top_inst/VTop_inst/core/mem_r[is_instr_misalign]_i_4_n_0
    SLICE_X51Y36         LUT6 (Prop_lut6_I0_O)        0.124     4.941 r  soc_top_inst/mycpu_top_inst/VTop_inst/core/mem_r[is_instr_misalign]_i_2/O
                         net (fo=2, routed)           0.735     5.677    soc_top_inst/mycpu_top_inst/VTop_inst/core/u_execute/ex_branch_taken
    SLICE_X36Y36         LUT6 (Prop_lut6_I3_O)        0.124     5.801 r  soc_top_inst/mycpu_top_inst/VTop_inst/core/fetch_buf_instr[31]_i_7/O
                         net (fo=76, routed)          0.942     6.743    soc_top_inst/mycpu_top_inst/VTop_inst/core/u_mdu/ex_flush_front
    SLICE_X32Y27         LUT6 (Prop_lut6_I3_O)        0.124     6.867 r  soc_top_inst/mycpu_top_inst/VTop_inst/core/u_mdu/fetch_buf_instr[31]_i_6/O
                         net (fo=118, routed)         0.684     7.550    soc_top_inst/mycpu_top_inst/VTop_inst/core/u_commit/fetch_redirect_bubble_reg[0]_0
    SLICE_X32Y28         LUT6 (Prop_lut6_I5_O)        0.124     7.674 f  soc_top_inst/mycpu_top_inst/VTop_inst/core/u_commit/saved_is_insn_i_1/O
                         net (fo=81, routed)          1.288     8.962    soc_top_inst/mycpu_top_inst/VTop_inst/core/u_commit/u_csr/mem_r_reg[valid]
    SLICE_X12Y45         LUT3 (Prop_lut3_I2_O)        0.124     9.086 r  soc_top_inst/mycpu_top_inst/VTop_inst/core/u_commit/u_csr/led1_carry__4_i_4/O
                         net (fo=70, routed)          1.658    10.744    soc_top_inst/mycpu_top_inst/VTop_inst/core/u_commit/u_csr/led1_carry__4_i_4_n_0
    SLICE_X29Y27         LUT6 (Prop_lut6_I5_O)        0.124    10.868 f  soc_top_inst/mycpu_top_inst/VTop_inst/core/u_commit/u_csr/lock_req[addr][7]_i_3/O
                         net (fo=1, routed)           0.633    11.501    soc_top_inst/mycpu_top_inst/VTop_inst/u_mmu/mem_r_reg[mem_addr][7]
    SLICE_X12Y27         LUT5 (Prop_lut5_I4_O)        0.124    11.625 r  soc_top_inst/mycpu_top_inst/VTop_inst/u_mmu/lock_req[addr][7]_i_2/O
                         net (fo=2, routed)           0.321    11.946    soc_top_inst/mycpu_top_inst/VTop_inst/mux/saved_vaddr_reg[7]
    SLICE_X12Y28         LUT4 (Prop_lut4_I2_O)        0.124    12.070 f  soc_top_inst/mycpu_top_inst/VTop_inst/mux/latched_addr[7]_i_1/O
                         net (fo=3, routed)           0.757    12.826    soc_top_inst/mycpu_top_inst/VTop_inst/mux/latched_addr_reg[17][2]
    SLICE_X15Y31         LUT6 (Prop_lut6_I4_O)        0.124    12.950 r  soc_top_inst/mycpu_top_inst/VTop_inst/mux/tx_data_access1_carry_i_3/O
                         net (fo=1, routed)           0.000    12.950    soc_top_inst/device_inst/lock_valid_reg_2[1]
    SLICE_X15Y31         CARRY4 (Prop_carry4_S[1]_CO[3])
                                                      0.550    13.500 r  soc_top_inst/device_inst/tx_data_access1_carry/CO[3]
                         net (fo=1, routed)           0.000    13.500    soc_top_inst/device_inst/tx_data_access1_carry_n_0
    SLICE_X15Y32         CARRY4 (Prop_carry4_CI_CO[3])
                                                      0.114    13.614 r  soc_top_inst/device_inst/tx_data_access1_carry__0/CO[3]
                         net (fo=1, routed)           0.000    13.614    soc_top_inst/device_inst/tx_data_access1_carry__0_n_0
    SLICE_X15Y33         CARRY4 (Prop_carry4_CI_CO[3])
                                                      0.114    13.728 r  soc_top_inst/device_inst/tx_data_access1_carry__1/CO[3]
                         net (fo=1, routed)           0.000    13.728    soc_top_inst/device_inst/tx_data_access1_carry__1_n_0
    SLICE_X15Y34         CARRY4 (Prop_carry4_CI_CO[3])
                                                      0.114    13.842 r  soc_top_inst/device_inst/tx_data_access1_carry__2/CO[3]
                         net (fo=1, routed)           0.000    13.842    soc_top_inst/device_inst/tx_data_access1_carry__2_n_0
    SLICE_X15Y35         CARRY4 (Prop_carry4_CI_CO[3])
                                                      0.114    13.956 r  soc_top_inst/device_inst/tx_data_access1_carry__3/CO[3]
                         net (fo=1, routed)           0.000    13.956    soc_top_inst/device_inst/tx_data_access1_carry__3_n_0
    SLICE_X15Y36         CARRY4 (Prop_carry4_CI_CO[0])
                                                      0.271    14.227 r  soc_top_inst/device_inst/tx_data_access1_carry__4/CO[0]
                         net (fo=10, routed)          0.614    14.842    soc_top_inst/mycpu_top_inst/VTop_inst/mux/CO[0]
    SLICE_X29Y37         LUT6 (Prop_lut6_I4_O)        0.373    15.215 f  soc_top_inst/mycpu_top_inst/VTop_inst/mux/i___2_i_5__0/O
                         net (fo=3, routed)           0.965    16.180    soc_top_inst/mycpu_top_inst/VTop_inst/mux/req_inflight_reg_2
    SLICE_X8Y31          LUT6 (Prop_lut6_I2_O)        0.124    16.304 f  soc_top_inst/mycpu_top_inst/VTop_inst/mux/i___2_i_2/O
                         net (fo=8, routed)           1.108    17.412    soc_top_inst/mycpu_top_inst/VTop_inst/core/u_commit/u_csr/lock_select_reg[0]_0
    SLICE_X29Y27         LUT4 (Prop_lut4_I0_O)        0.124    17.536 f  soc_top_inst/mycpu_top_inst/VTop_inst/core/u_commit/u_csr/i___2_i_1__0/O
                         net (fo=143, routed)         1.087    18.623    soc_top_inst/mycpu_top_inst/VTop_inst/core/u_commit/u_csr/csr_mcause_reg[2]_0
    SLICE_X7Y29          LUT6 (Prop_lut6_I3_O)        0.124    18.747 r  soc_top_inst/mycpu_top_inst/VTop_inst/core/u_commit/u_csr/csr_mip_raw[63]_i_1/O
                         net (fo=446, routed)         1.279    20.026    soc_top_inst/mycpu_top_inst/VTop_inst/core/u_commit_n_1
    SLICE_X14Y48         LUT3 (Prop_lut3_I0_O)        0.124    20.150 r  soc_top_inst/mycpu_top_inst/VTop_inst/core/fetch_buf_instr[31]_i_4/O
                         net (fo=72, routed)          1.512    21.662    soc_top_inst/mycpu_top_inst/VTop_inst/core/mret_redirect
    SLICE_X32Y30         LUT2 (Prop_lut2_I0_O)        0.124    21.786 f  soc_top_inst/mycpu_top_inst/VTop_inst/core/fetch_req_pc[63]_i_3/O
                         net (fo=9, routed)           0.506    22.292    soc_top_inst/mycpu_top_inst/VTop_inst/core/fetch_req_pc[63]_i_3_n_0
    SLICE_X37Y31         LUT6 (Prop_lut6_I0_O)        0.124    22.416 f  soc_top_inst/mycpu_top_inst/VTop_inst/core/ex_r[wen]_i_5/O
                         net (fo=1, routed)           0.762    23.178    soc_top_inst/mycpu_top_inst/VTop_inst/core/u_mdu/ex_r_reg[is_jalr]_0
    SLICE_X37Y27         LUT6 (Prop_lut6_I2_O)        0.124    23.302 r  soc_top_inst/mycpu_top_inst/VTop_inst/core/u_mdu/ex_r[wen]_i_1/O
                         net (fo=413, routed)         1.905    25.207    soc_top_inst/mycpu_top_inst/VTop_inst/core/u_mdu_n_10
    SLICE_X56Y44         FDRE                                         r  soc_top_inst/mycpu_top_inst/VTop_inst/core/ex_r_reg[op2][51]/R
  -------------------------------------------------------------------    -------------------

                         (clock cpu_clk_clk_wiz_0 rise edge)
                                                     40.000    40.000 r  
    W5                                                0.000    40.000 r  clk (IN)
                         net (fo=0)                   0.000    40.000    soc_top_inst/clk_wiz_0/inst/sys_clk
    W5                   IBUF (Prop_ibuf_I_O)         1.388    41.388 r  soc_top_inst/clk_wiz_0/inst/clkin1_ibufg/O
                         net (fo=1, routed)           1.162    42.550    soc_top_inst/clk_wiz_0/inst/sys_clk_clk_wiz_0
    MMCME2_ADV_X1Y0      MMCME2_ADV (Prop_mmcme2_adv_CLKIN1_CLKOUT0)
                                                     -7.217    35.332 r  soc_top_inst/clk_wiz_0/inst/mmcm_adv_inst/CLKOUT0
                         net (fo=1, routed)           1.581    36.914    soc_top_inst/clk_wiz_0/inst/cpu_clk_clk_wiz_0
    BUFGCTRL_X0Y0        BUFG (Prop_bufg_I_O)         0.091    37.005 r  soc_top_inst/clk_wiz_0/inst/clkout1_buf/O
                         net (fo=5478, routed)        1.453    38.458    soc_top_inst/mycpu_top_inst/VTop_inst/core/cpu_clk
    SLICE_X56Y44         FDRE                                         r  soc_top_inst/mycpu_top_inst/VTop_inst/core/ex_r_reg[op2][51]/C
                         clock pessimism              0.492    38.949    
                         clock uncertainty           -0.094    38.855    
    SLICE_X56Y44         FDRE (Setup_fdre_C_R)       -0.524    38.331    soc_top_inst/mycpu_top_inst/VTop_inst/core/ex_r_reg[op2][51]
  -------------------------------------------------------------------
                         required time                         38.331    
                         arrival time                         -25.207    
  -------------------------------------------------------------------
                         slack                                 13.124    

Slack (MET) :             13.124ns  (required time - arrival time)
  Source:                 soc_top_inst/mycpu_top_inst/VTop_inst/core/ex_r_reg[op1][2]/C
                            (rising edge-triggered cell FDRE clocked by cpu_clk_clk_wiz_0  {rise@0.000ns fall@20.000ns period=40.000ns})
  Destination:            soc_top_inst/mycpu_top_inst/VTop_inst/core/ex_r_reg[op2][55]/R
                            (rising edge-triggered cell FDRE clocked by cpu_clk_clk_wiz_0  {rise@0.000ns fall@20.000ns period=40.000ns})
  Path Group:             cpu_clk_clk_wiz_0
  Path Type:              Setup (Max at Slow Process Corner)
  Requirement:            40.000ns  (cpu_clk_clk_wiz_0 rise@40.000ns - cpu_clk_clk_wiz_0 rise@0.000ns)
  Data Path Delay:        26.171ns  (logic 5.748ns (21.963%)  route 20.423ns (78.037%))
  Logic Levels:           33  (CARRY4=14 LUT2=1 LUT3=2 LUT4=3 LUT5=1 LUT6=12)
  Clock Path Skew:        -0.086ns (DCD - SCD + CPR)
    Destination Clock Delay (DCD):    -1.542ns = ( 38.458 - 40.000 ) 
    Source Clock Delay      (SCD):    -0.965ns
    Clock Pessimism Removal (CPR):    0.492ns
  Clock Uncertainty:      0.094ns  ((TSJ^2 + DJ^2)^1/2) / 2 + PE
    Total System Jitter     (TSJ):    0.071ns
    Discrete Jitter          (DJ):    0.175ns
    Phase Error              (PE):    0.000ns

    Location             Delay type                Incr(ns)  Path(ns)    Netlist Resource(s)
  -------------------------------------------------------------------    -------------------
                         (clock cpu_clk_clk_wiz_0 rise edge)
                                                      0.000     0.000 r  
    W5                                                0.000     0.000 r  clk (IN)
                         net (fo=0)                   0.000     0.000    soc_top_inst/clk_wiz_0/inst/sys_clk
    W5                   IBUF (Prop_ibuf_I_O)         1.458     1.458 r  soc_top_inst/clk_wiz_0/inst/clkin1_ibufg/O
                         net (fo=1, routed)           1.233     2.691    soc_top_inst/clk_wiz_0/inst/sys_clk_clk_wiz_0
    MMCME2_ADV_X1Y0      MMCME2_ADV (Prop_mmcme2_adv_CLKIN1_CLKOUT0)
                                                     -6.961    -4.269 r  soc_top_inst/clk_wiz_0/inst/mmcm_adv_inst/CLKOUT0
                         net (fo=1, routed)           1.661    -2.608    soc_top_inst/clk_wiz_0/inst/cpu_clk_clk_wiz_0
    BUFGCTRL_X0Y0        BUFG (Prop_bufg_I_O)         0.096    -2.512 r  soc_top_inst/clk_wiz_0/inst/clkout1_buf/O
                         net (fo=5478, routed)        1.547    -0.965    soc_top_inst/mycpu_top_inst/VTop_inst/core/cpu_clk
    SLICE_X30Y26         FDRE                                         r  soc_top_inst/mycpu_top_inst/VTop_inst/core/ex_r_reg[op1][2]/C
  -------------------------------------------------------------------    -------------------
    SLICE_X30Y26         FDRE (Prop_fdre_C_Q)         0.518    -0.447 r  soc_top_inst/mycpu_top_inst/VTop_inst/core/ex_r_reg[op1][2]/Q
                         net (fo=51, routed)          1.872     1.425    soc_top_inst/mycpu_top_inst/VTop_inst/core/ex_r_reg[op_n_0_1][2]
    SLICE_X51Y39         LUT4 (Prop_lut4_I1_O)        0.124     1.549 r  soc_top_inst/mycpu_top_inst/VTop_inst/core/ex_r[rs2_store][0]_i_181/O
                         net (fo=1, routed)           0.000     1.549    soc_top_inst/mycpu_top_inst/VTop_inst/core/ex_r[rs2_store][0]_i_181_n_0
    SLICE_X51Y39         CARRY4 (Prop_carry4_S[1]_CO[3])
                                                      0.550     2.099 r  soc_top_inst/mycpu_top_inst/VTop_inst/core/ex_r_reg[rs2_store][0]_i_158/CO[3]
                         net (fo=1, routed)           0.000     2.099    soc_top_inst/mycpu_top_inst/VTop_inst/core/ex_r_reg[rs2_store][0]_i_158_n_0
    SLICE_X51Y40         CARRY4 (Prop_carry4_CI_CO[3])
                                                      0.114     2.213 r  soc_top_inst/mycpu_top_inst/VTop_inst/core/ex_r_reg[rs2_store][0]_i_140/CO[3]
                         net (fo=1, routed)           0.000     2.213    soc_top_inst/mycpu_top_inst/VTop_inst/core/ex_r_reg[rs2_store][0]_i_140_n_0
    SLICE_X51Y41         CARRY4 (Prop_carry4_CI_CO[3])
                                                      0.114     2.327 r  soc_top_inst/mycpu_top_inst/VTop_inst/core/ex_r_reg[rs2_store][0]_i_122/CO[3]
                         net (fo=1, routed)           0.000     2.327    soc_top_inst/mycpu_top_inst/VTop_inst/core/ex_r_reg[rs2_store][0]_i_122_n_0
    SLICE_X51Y42         CARRY4 (Prop_carry4_CI_CO[3])
                                                      0.114     2.441 r  soc_top_inst/mycpu_top_inst/VTop_inst/core/ex_r_reg[rs2_store][0]_i_104/CO[3]
                         net (fo=1, routed)           0.000     2.441    soc_top_inst/mycpu_top_inst/VTop_inst/core/ex_r_reg[rs2_store][0]_i_104_n_0
    SLICE_X51Y43         CARRY4 (Prop_carry4_CI_CO[3])
                                                      0.114     2.555 r  soc_top_inst/mycpu_top_inst/VTop_inst/core/ex_r_reg[rs2_store][0]_i_86/CO[3]
                         net (fo=1, routed)           0.000     2.555    soc_top_inst/mycpu_top_inst/VTop_inst/core/ex_r_reg[rs2_store][0]_i_86_n_0
    SLICE_X51Y44         CARRY4 (Prop_carry4_CI_CO[3])
                                                      0.114     2.669 r  soc_top_inst/mycpu_top_inst/VTop_inst/core/ex_r_reg[rs2_store][0]_i_67/CO[3]
                         net (fo=1, routed)           0.000     2.669    soc_top_inst/mycpu_top_inst/VTop_inst/core/ex_r_reg[rs2_store][0]_i_67_n_0
    SLICE_X51Y45         CARRY4 (Prop_carry4_CI_CO[3])
                                                      0.114     2.783 r  soc_top_inst/mycpu_top_inst/VTop_inst/core/ex_r_reg[rs2_store][0]_i_32/CO[3]
                         net (fo=1, routed)           0.000     2.783    soc_top_inst/mycpu_top_inst/VTop_inst/core/ex_r_reg[rs2_store][0]_i_32_n_0
    SLICE_X51Y46         CARRY4 (Prop_carry4_CI_CO[3])
                                                      0.114     2.897 r  soc_top_inst/mycpu_top_inst/VTop_inst/core/ex_r_reg[rs2_store][0]_i_12/CO[3]
                         net (fo=2, routed)           1.521     4.419    soc_top_inst/mycpu_top_inst/VTop_inst/core/u_execute/data2
    SLICE_X51Y36         LUT6 (Prop_lut6_I1_O)        0.124     4.543 r  soc_top_inst/mycpu_top_inst/VTop_inst/core/mem_r[is_instr_misalign]_i_4/O
                         net (fo=2, routed)           0.275     4.817    soc_top_inst/mycpu_top_inst/VTop_inst/core/mem_r[is_instr_misalign]_i_4_n_0
    SLICE_X51Y36         LUT6 (Prop_lut6_I0_O)        0.124     4.941 r  soc_top_inst/mycpu_top_inst/VTop_inst/core/mem_r[is_instr_misalign]_i_2/O
                         net (fo=2, routed)           0.735     5.677    soc_top_inst/mycpu_top_inst/VTop_inst/core/u_execute/ex_branch_taken
    SLICE_X36Y36         LUT6 (Prop_lut6_I3_O)        0.124     5.801 r  soc_top_inst/mycpu_top_inst/VTop_inst/core/fetch_buf_instr[31]_i_7/O
                         net (fo=76, routed)          0.942     6.743    soc_top_inst/mycpu_top_inst/VTop_inst/core/u_mdu/ex_flush_front
    SLICE_X32Y27         LUT6 (Prop_lut6_I3_O)        0.124     6.867 r  soc_top_inst/mycpu_top_inst/VTop_inst/core/u_mdu/fetch_buf_instr[31]_i_6/O
                         net (fo=118, routed)         0.684     7.550    soc_top_inst/mycpu_top_inst/VTop_inst/core/u_commit/fetch_redirect_bubble_reg[0]_0
    SLICE_X32Y28         LUT6 (Prop_lut6_I5_O)        0.124     7.674 f  soc_top_inst/mycpu_top_inst/VTop_inst/core/u_commit/saved_is_insn_i_1/O
                         net (fo=81, routed)          1.288     8.962    soc_top_inst/mycpu_top_inst/VTop_inst/core/u_commit/u_csr/mem_r_reg[valid]
    SLICE_X12Y45         LUT3 (Prop_lut3_I2_O)        0.124     9.086 r  soc_top_inst/mycpu_top_inst/VTop_inst/core/u_commit/u_csr/led1_carry__4_i_4/O
                         net (fo=70, routed)          1.658    10.744    soc_top_inst/mycpu_top_inst/VTop_inst/core/u_commit/u_csr/led1_carry__4_i_4_n_0
    SLICE_X29Y27         LUT6 (Prop_lut6_I5_O)        0.124    10.868 f  soc_top_inst/mycpu_top_inst/VTop_inst/core/u_commit/u_csr/lock_req[addr][7]_i_3/O
                         net (fo=1, routed)           0.633    11.501    soc_top_inst/mycpu_top_inst/VTop_inst/u_mmu/mem_r_reg[mem_addr][7]
    SLICE_X12Y27         LUT5 (Prop_lut5_I4_O)        0.124    11.625 r  soc_top_inst/mycpu_top_inst/VTop_inst/u_mmu/lock_req[addr][7]_i_2/O
                         net (fo=2, routed)           0.321    11.946    soc_top_inst/mycpu_top_inst/VTop_inst/mux/saved_vaddr_reg[7]
    SLICE_X12Y28         LUT4 (Prop_lut4_I2_O)        0.124    12.070 f  soc_top_inst/mycpu_top_inst/VTop_inst/mux/latched_addr[7]_i_1/O
                         net (fo=3, routed)           0.757    12.826    soc_top_inst/mycpu_top_inst/VTop_inst/mux/latched_addr_reg[17][2]
    SLICE_X15Y31         LUT6 (Prop_lut6_I4_O)        0.124    12.950 r  soc_top_inst/mycpu_top_inst/VTop_inst/mux/tx_data_access1_carry_i_3/O
                         net (fo=1, routed)           0.000    12.950    soc_top_inst/device_inst/lock_valid_reg_2[1]
    SLICE_X15Y31         CARRY4 (Prop_carry4_S[1]_CO[3])
                                                      0.550    13.500 r  soc_top_inst/device_inst/tx_data_access1_carry/CO[3]
                         net (fo=1, routed)           0.000    13.500    soc_top_inst/device_inst/tx_data_access1_carry_n_0
    SLICE_X15Y32         CARRY4 (Prop_carry4_CI_CO[3])
                                                      0.114    13.614 r  soc_top_inst/device_inst/tx_data_access1_carry__0/CO[3]
                         net (fo=1, routed)           0.000    13.614    soc_top_inst/device_inst/tx_data_access1_carry__0_n_0
    SLICE_X15Y33         CARRY4 (Prop_carry4_CI_CO[3])
                                                      0.114    13.728 r  soc_top_inst/device_inst/tx_data_access1_carry__1/CO[3]
                         net (fo=1, routed)           0.000    13.728    soc_top_inst/device_inst/tx_data_access1_carry__1_n_0
    SLICE_X15Y34         CARRY4 (Prop_carry4_CI_CO[3])
                                                      0.114    13.842 r  soc_top_inst/device_inst/tx_data_access1_carry__2/CO[3]
                         net (fo=1, routed)           0.000    13.842    soc_top_inst/device_inst/tx_data_access1_carry__2_n_0
    SLICE_X15Y35         CARRY4 (Prop_carry4_CI_CO[3])
                                                      0.114    13.956 r  soc_top_inst/device_inst/tx_data_access1_carry__3/CO[3]
                         net (fo=1, routed)           0.000    13.956    soc_top_inst/device_inst/tx_data_access1_carry__3_n_0
    SLICE_X15Y36         CARRY4 (Prop_carry4_CI_CO[0])
                                                      0.271    14.227 r  soc_top_inst/device_inst/tx_data_access1_carry__4/CO[0]
                         net (fo=10, routed)          0.614    14.842    soc_top_inst/mycpu_top_inst/VTop_inst/mux/CO[0]
    SLICE_X29Y37         LUT6 (Prop_lut6_I4_O)        0.373    15.215 f  soc_top_inst/mycpu_top_inst/VTop_inst/mux/i___2_i_5__0/O
                         net (fo=3, routed)           0.965    16.180    soc_top_inst/mycpu_top_inst/VTop_inst/mux/req_inflight_reg_2
    SLICE_X8Y31          LUT6 (Prop_lut6_I2_O)        0.124    16.304 f  soc_top_inst/mycpu_top_inst/VTop_inst/mux/i___2_i_2/O
                         net (fo=8, routed)           1.108    17.412    soc_top_inst/mycpu_top_inst/VTop_inst/core/u_commit/u_csr/lock_select_reg[0]_0
    SLICE_X29Y27         LUT4 (Prop_lut4_I0_O)        0.124    17.536 f  soc_top_inst/mycpu_top_inst/VTop_inst/core/u_commit/u_csr/i___2_i_1__0/O
                         net (fo=143, routed)         1.087    18.623    soc_top_inst/mycpu_top_inst/VTop_inst/core/u_commit/u_csr/csr_mcause_reg[2]_0
    SLICE_X7Y29          LUT6 (Prop_lut6_I3_O)        0.124    18.747 r  soc_top_inst/mycpu_top_inst/VTop_inst/core/u_commit/u_csr/csr_mip_raw[63]_i_1/O
                         net (fo=446, routed)         1.279    20.026    soc_top_inst/mycpu_top_inst/VTop_inst/core/u_commit_n_1
    SLICE_X14Y48         LUT3 (Prop_lut3_I0_O)        0.124    20.150 r  soc_top_inst/mycpu_top_inst/VTop_inst/core/fetch_buf_instr[31]_i_4/O
                         net (fo=72, routed)          1.512    21.662    soc_top_inst/mycpu_top_inst/VTop_inst/core/mret_redirect
    SLICE_X32Y30         LUT2 (Prop_lut2_I0_O)        0.124    21.786 f  soc_top_inst/mycpu_top_inst/VTop_inst/core/fetch_req_pc[63]_i_3/O
                         net (fo=9, routed)           0.506    22.292    soc_top_inst/mycpu_top_inst/VTop_inst/core/fetch_req_pc[63]_i_3_n_0
    SLICE_X37Y31         LUT6 (Prop_lut6_I0_O)        0.124    22.416 f  soc_top_inst/mycpu_top_inst/VTop_inst/core/ex_r[wen]_i_5/O
                         net (fo=1, routed)           0.762    23.178    soc_top_inst/mycpu_top_inst/VTop_inst/core/u_mdu/ex_r_reg[is_jalr]_0
    SLICE_X37Y27         LUT6 (Prop_lut6_I2_O)        0.124    23.302 r  soc_top_inst/mycpu_top_inst/VTop_inst/core/u_mdu/ex_r[wen]_i_1/O
                         net (fo=413, routed)         1.905    25.207    soc_top_inst/mycpu_top_inst/VTop_inst/core/u_mdu_n_10
    SLICE_X56Y44         FDRE                                         r  soc_top_inst/mycpu_top_inst/VTop_inst/core/ex_r_reg[op2][55]/R
  -------------------------------------------------------------------    -------------------

                         (clock cpu_clk_clk_wiz_0 rise edge)
                                                     40.000    40.000 r  
    W5                                                0.000    40.000 r  clk (IN)
                         net (fo=0)                   0.000    40.000    soc_top_inst/clk_wiz_0/inst/sys_clk
    W5                   IBUF (Prop_ibuf_I_O)         1.388    41.388 r  soc_top_inst/clk_wiz_0/inst/clkin1_ibufg/O
                         net (fo=1, routed)           1.162    42.550    soc_top_inst/clk_wiz_0/inst/sys_clk_clk_wiz_0
    MMCME2_ADV_X1Y0      MMCME2_ADV (Prop_mmcme2_adv_CLKIN1_CLKOUT0)
                                                     -7.217    35.332 r  soc_top_inst/clk_wiz_0/inst/mmcm_adv_inst/CLKOUT0
                         net (fo=1, routed)           1.581    36.914    soc_top_inst/clk_wiz_0/inst/cpu_clk_clk_wiz_0
    BUFGCTRL_X0Y0        BUFG (Prop_bufg_I_O)         0.091    37.005 r  soc_top_inst/clk_wiz_0/inst/clkout1_buf/O
                         net (fo=5478, routed)        1.453    38.458    soc_top_inst/mycpu_top_inst/VTop_inst/core/cpu_clk
    SLICE_X56Y44         FDRE                                         r  soc_top_inst/mycpu_top_inst/VTop_inst/core/ex_r_reg[op2][55]/C
                         clock pessimism              0.492    38.949    
                         clock uncertainty           -0.094    38.855    
    SLICE_X56Y44         FDRE (Setup_fdre_C_R)       -0.524    38.331    soc_top_inst/mycpu_top_inst/VTop_inst/core/ex_r_reg[op2][55]
  -------------------------------------------------------------------
                         required time                         38.331    
                         arrival time                         -25.207    
  -------------------------------------------------------------------
                         slack                                 13.124    

Slack (MET) :             13.124ns  (required time - arrival time)
  Source:                 soc_top_inst/mycpu_top_inst/VTop_inst/core/ex_r_reg[op1][2]/C
                            (rising edge-triggered cell FDRE clocked by cpu_clk_clk_wiz_0  {rise@0.000ns fall@20.000ns period=40.000ns})
  Destination:            soc_top_inst/mycpu_top_inst/VTop_inst/core/ex_r_reg[op2][59]/R
                            (rising edge-triggered cell FDRE clocked by cpu_clk_clk_wiz_0  {rise@0.000ns fall@20.000ns period=40.000ns})
  Path Group:             cpu_clk_clk_wiz_0
  Path Type:              Setup (Max at Slow Process Corner)
  Requirement:            40.000ns  (cpu_clk_clk_wiz_0 rise@40.000ns - cpu_clk_clk_wiz_0 rise@0.000ns)
  Data Path Delay:        26.171ns  (logic 5.748ns (21.963%)  route 20.423ns (78.037%))
  Logic Levels:           33  (CARRY4=14 LUT2=1 LUT3=2 LUT4=3 LUT5=1 LUT6=12)
  Clock Path Skew:        -0.086ns (DCD - SCD + CPR)
    Destination Clock Delay (DCD):    -1.542ns = ( 38.458 - 40.000 ) 
    Source Clock Delay      (SCD):    -0.965ns
    Clock Pessimism Removal (CPR):    0.492ns
  Clock Uncertainty:      0.094ns  ((TSJ^2 + DJ^2)^1/2) / 2 + PE
    Total System Jitter     (TSJ):    0.071ns
    Discrete Jitter          (DJ):    0.175ns
    Phase Error              (PE):    0.000ns

    Location             Delay type                Incr(ns)  Path(ns)    Netlist Resource(s)
  -------------------------------------------------------------------    -------------------
                         (clock cpu_clk_clk_wiz_0 rise edge)
                                                      0.000     0.000 r  
    W5                                                0.000     0.000 r  clk (IN)
                         net (fo=0)                   0.000     0.000    soc_top_inst/clk_wiz_0/inst/sys_clk
    W5                   IBUF (Prop_ibuf_I_O)         1.458     1.458 r  soc_top_inst/clk_wiz_0/inst/clkin1_ibufg/O
                         net (fo=1, routed)           1.233     2.691    soc_top_inst/clk_wiz_0/inst/sys_clk_clk_wiz_0
    MMCME2_ADV_X1Y0      MMCME2_ADV (Prop_mmcme2_adv_CLKIN1_CLKOUT0)
                                                     -6.961    -4.269 r  soc_top_inst/clk_wiz_0/inst/mmcm_adv_inst/CLKOUT0
                         net (fo=1, routed)           1.661    -2.608    soc_top_inst/clk_wiz_0/inst/cpu_clk_clk_wiz_0
    BUFGCTRL_X0Y0        BUFG (Prop_bufg_I_O)         0.096    -2.512 r  soc_top_inst/clk_wiz_0/inst/clkout1_buf/O
                         net (fo=5478, routed)        1.547    -0.965    soc_top_inst/mycpu_top_inst/VTop_inst/core/cpu_clk
    SLICE_X30Y26         FDRE                                         r  soc_top_inst/mycpu_top_inst/VTop_inst/core/ex_r_reg[op1][2]/C
  -------------------------------------------------------------------    -------------------
    SLICE_X30Y26         FDRE (Prop_fdre_C_Q)         0.518    -0.447 r  soc_top_inst/mycpu_top_inst/VTop_inst/core/ex_r_reg[op1][2]/Q
                         net (fo=51, routed)          1.872     1.425    soc_top_inst/mycpu_top_inst/VTop_inst/core/ex_r_reg[op_n_0_1][2]
    SLICE_X51Y39         LUT4 (Prop_lut4_I1_O)        0.124     1.549 r  soc_top_inst/mycpu_top_inst/VTop_inst/core/ex_r[rs2_store][0]_i_181/O
                         net (fo=1, routed)           0.000     1.549    soc_top_inst/mycpu_top_inst/VTop_inst/core/ex_r[rs2_store][0]_i_181_n_0
    SLICE_X51Y39         CARRY4 (Prop_carry4_S[1]_CO[3])
                                                      0.550     2.099 r  soc_top_inst/mycpu_top_inst/VTop_inst/core/ex_r_reg[rs2_store][0]_i_158/CO[3]
                         net (fo=1, routed)           0.000     2.099    soc_top_inst/mycpu_top_inst/VTop_inst/core/ex_r_reg[rs2_store][0]_i_158_n_0
    SLICE_X51Y40         CARRY4 (Prop_carry4_CI_CO[3])
                                                      0.114     2.213 r  soc_top_inst/mycpu_top_inst/VTop_inst/core/ex_r_reg[rs2_store][0]_i_140/CO[3]
                         net (fo=1, routed)           0.000     2.213    soc_top_inst/mycpu_top_inst/VTop_inst/core/ex_r_reg[rs2_store][0]_i_140_n_0
    SLICE_X51Y41         CARRY4 (Prop_carry4_CI_CO[3])
                                                      0.114     2.327 r  soc_top_inst/mycpu_top_inst/VTop_inst/core/ex_r_reg[rs2_store][0]_i_122/CO[3]
                         net (fo=1, routed)           0.000     2.327    soc_top_inst/mycpu_top_inst/VTop_inst/core/ex_r_reg[rs2_store][0]_i_122_n_0
    SLICE_X51Y42         CARRY4 (Prop_carry4_CI_CO[3])
                                                      0.114     2.441 r  soc_top_inst/mycpu_top_inst/VTop_inst/core/ex_r_reg[rs2_store][0]_i_104/CO[3]
                         net (fo=1, routed)           0.000     2.441    soc_top_inst/mycpu_top_inst/VTop_inst/core/ex_r_reg[rs2_store][0]_i_104_n_0
    SLICE_X51Y43         CARRY4 (Prop_carry4_CI_CO[3])
                                                      0.114     2.555 r  soc_top_inst/mycpu_top_inst/VTop_inst/core/ex_r_reg[rs2_store][0]_i_86/CO[3]
                         net (fo=1, routed)           0.000     2.555    soc_top_inst/mycpu_top_inst/VTop_inst/core/ex_r_reg[rs2_store][0]_i_86_n_0
    SLICE_X51Y44         CARRY4 (Prop_carry4_CI_CO[3])
                                                      0.114     2.669 r  soc_top_inst/mycpu_top_inst/VTop_inst/core/ex_r_reg[rs2_store][0]_i_67/CO[3]
                         net (fo=1, routed)           0.000     2.669    soc_top_inst/mycpu_top_inst/VTop_inst/core/ex_r_reg[rs2_store][0]_i_67_n_0
    SLICE_X51Y45         CARRY4 (Prop_carry4_CI_CO[3])
                                                      0.114     2.783 r  soc_top_inst/mycpu_top_inst/VTop_inst/core/ex_r_reg[rs2_store][0]_i_32/CO[3]
                         net (fo=1, routed)           0.000     2.783    soc_top_inst/mycpu_top_inst/VTop_inst/core/ex_r_reg[rs2_store][0]_i_32_n_0
    SLICE_X51Y46         CARRY4 (Prop_carry4_CI_CO[3])
                                                      0.114     2.897 r  soc_top_inst/mycpu_top_inst/VTop_inst/core/ex_r_reg[rs2_store][0]_i_12/CO[3]
                         net (fo=2, routed)           1.521     4.419    soc_top_inst/mycpu_top_inst/VTop_inst/core/u_execute/data2
    SLICE_X51Y36         LUT6 (Prop_lut6_I1_O)        0.124     4.543 r  soc_top_inst/mycpu_top_inst/VTop_inst/core/mem_r[is_instr_misalign]_i_4/O
                         net (fo=2, routed)           0.275     4.817    soc_top_inst/mycpu_top_inst/VTop_inst/core/mem_r[is_instr_misalign]_i_4_n_0
    SLICE_X51Y36         LUT6 (Prop_lut6_I0_O)        0.124     4.941 r  soc_top_inst/mycpu_top_inst/VTop_inst/core/mem_r[is_instr_misalign]_i_2/O
                         net (fo=2, routed)           0.735     5.677    soc_top_inst/mycpu_top_inst/VTop_inst/core/u_execute/ex_branch_taken
    SLICE_X36Y36         LUT6 (Prop_lut6_I3_O)        0.124     5.801 r  soc_top_inst/mycpu_top_inst/VTop_inst/core/fetch_buf_instr[31]_i_7/O
                         net (fo=76, routed)          0.942     6.743    soc_top_inst/mycpu_top_inst/VTop_inst/core/u_mdu/ex_flush_front
    SLICE_X32Y27         LUT6 (Prop_lut6_I3_O)        0.124     6.867 r  soc_top_inst/mycpu_top_inst/VTop_inst/core/u_mdu/fetch_buf_instr[31]_i_6/O
                         net (fo=118, routed)         0.684     7.550    soc_top_inst/mycpu_top_inst/VTop_inst/core/u_commit/fetch_redirect_bubble_reg[0]_0
    SLICE_X32Y28         LUT6 (Prop_lut6_I5_O)        0.124     7.674 f  soc_top_inst/mycpu_top_inst/VTop_inst/core/u_commit/saved_is_insn_i_1/O
                         net (fo=81, routed)          1.288     8.962    soc_top_inst/mycpu_top_inst/VTop_inst/core/u_commit/u_csr/mem_r_reg[valid]
    SLICE_X12Y45         LUT3 (Prop_lut3_I2_O)        0.124     9.086 r  soc_top_inst/mycpu_top_inst/VTop_inst/core/u_commit/u_csr/led1_carry__4_i_4/O
                         net (fo=70, routed)          1.658    10.744    soc_top_inst/mycpu_top_inst/VTop_inst/core/u_commit/u_csr/led1_carry__4_i_4_n_0
    SLICE_X29Y27         LUT6 (Prop_lut6_I5_O)        0.124    10.868 f  soc_top_inst/mycpu_top_inst/VTop_inst/core/u_commit/u_csr/lock_req[addr][7]_i_3/O
                         net (fo=1, routed)           0.633    11.501    soc_top_inst/mycpu_top_inst/VTop_inst/u_mmu/mem_r_reg[mem_addr][7]
    SLICE_X12Y27         LUT5 (Prop_lut5_I4_O)        0.124    11.625 r  soc_top_inst/mycpu_top_inst/VTop_inst/u_mmu/lock_req[addr][7]_i_2/O
                         net (fo=2, routed)           0.321    11.946    soc_top_inst/mycpu_top_inst/VTop_inst/mux/saved_vaddr_reg[7]
    SLICE_X12Y28         LUT4 (Prop_lut4_I2_O)        0.124    12.070 f  soc_top_inst/mycpu_top_inst/VTop_inst/mux/latched_addr[7]_i_1/O
                         net (fo=3, routed)           0.757    12.826    soc_top_inst/mycpu_top_inst/VTop_inst/mux/latched_addr_reg[17][2]
    SLICE_X15Y31         LUT6 (Prop_lut6_I4_O)        0.124    12.950 r  soc_top_inst/mycpu_top_inst/VTop_inst/mux/tx_data_access1_carry_i_3/O
                         net (fo=1, routed)           0.000    12.950    soc_top_inst/device_inst/lock_valid_reg_2[1]
    SLICE_X15Y31         CARRY4 (Prop_carry4_S[1]_CO[3])
                                                      0.550    13.500 r  soc_top_inst/device_inst/tx_data_access1_carry/CO[3]
                         net (fo=1, routed)           0.000    13.500    soc_top_inst/device_inst/tx_data_access1_carry_n_0
    SLICE_X15Y32         CARRY4 (Prop_carry4_CI_CO[3])
                                                      0.114    13.614 r  soc_top_inst/device_inst/tx_data_access1_carry__0/CO[3]
                         net (fo=1, routed)           0.000    13.614    soc_top_inst/device_inst/tx_data_access1_carry__0_n_0
    SLICE_X15Y33         CARRY4 (Prop_carry4_CI_CO[3])
                                                      0.114    13.728 r  soc_top_inst/device_inst/tx_data_access1_carry__1/CO[3]
                         net (fo=1, routed)           0.000    13.728    soc_top_inst/device_inst/tx_data_access1_carry__1_n_0
    SLICE_X15Y34         CARRY4 (Prop_carry4_CI_CO[3])
                                                      0.114    13.842 r  soc_top_inst/device_inst/tx_data_access1_carry__2/CO[3]
                         net (fo=1, routed)           0.000    13.842    soc_top_inst/device_inst/tx_data_access1_carry__2_n_0
    SLICE_X15Y35         CARRY4 (Prop_carry4_CI_CO[3])
                                                      0.114    13.956 r  soc_top_inst/device_inst/tx_data_access1_carry__3/CO[3]
                         net (fo=1, routed)           0.000    13.956    soc_top_inst/device_inst/tx_data_access1_carry__3_n_0
    SLICE_X15Y36         CARRY4 (Prop_carry4_CI_CO[0])
                                                      0.271    14.227 r  soc_top_inst/device_inst/tx_data_access1_carry__4/CO[0]
                         net (fo=10, routed)          0.614    14.842    soc_top_inst/mycpu_top_inst/VTop_inst/mux/CO[0]
    SLICE_X29Y37         LUT6 (Prop_lut6_I4_O)        0.373    15.215 f  soc_top_inst/mycpu_top_inst/VTop_inst/mux/i___2_i_5__0/O
                         net (fo=3, routed)           0.965    16.180    soc_top_inst/mycpu_top_inst/VTop_inst/mux/req_inflight_reg_2
    SLICE_X8Y31          LUT6 (Prop_lut6_I2_O)        0.124    16.304 f  soc_top_inst/mycpu_top_inst/VTop_inst/mux/i___2_i_2/O
                         net (fo=8, routed)           1.108    17.412    soc_top_inst/mycpu_top_inst/VTop_inst/core/u_commit/u_csr/lock_select_reg[0]_0
    SLICE_X29Y27         LUT4 (Prop_lut4_I0_O)        0.124    17.536 f  soc_top_inst/mycpu_top_inst/VTop_inst/core/u_commit/u_csr/i___2_i_1__0/O
                         net (fo=143, routed)         1.087    18.623    soc_top_inst/mycpu_top_inst/VTop_inst/core/u_commit/u_csr/csr_mcause_reg[2]_0
    SLICE_X7Y29          LUT6 (Prop_lut6_I3_O)        0.124    18.747 r  soc_top_inst/mycpu_top_inst/VTop_inst/core/u_commit/u_csr/csr_mip_raw[63]_i_1/O
                         net (fo=446, routed)         1.279    20.026    soc_top_inst/mycpu_top_inst/VTop_inst/core/u_commit_n_1
    SLICE_X14Y48         LUT3 (Prop_lut3_I0_O)        0.124    20.150 r  soc_top_inst/mycpu_top_inst/VTop_inst/core/fetch_buf_instr[31]_i_4/O
                         net (fo=72, routed)          1.512    21.662    soc_top_inst/mycpu_top_inst/VTop_inst/core/mret_redirect
    SLICE_X32Y30         LUT2 (Prop_lut2_I0_O)        0.124    21.786 f  soc_top_inst/mycpu_top_inst/VTop_inst/core/fetch_req_pc[63]_i_3/O
                         net (fo=9, routed)           0.506    22.292    soc_top_inst/mycpu_top_inst/VTop_inst/core/fetch_req_pc[63]_i_3_n_0
    SLICE_X37Y31         LUT6 (Prop_lut6_I0_O)        0.124    22.416 f  soc_top_inst/mycpu_top_inst/VTop_inst/core/ex_r[wen]_i_5/O
                         net (fo=1, routed)           0.762    23.178    soc_top_inst/mycpu_top_inst/VTop_inst/core/u_mdu/ex_r_reg[is_jalr]_0
    SLICE_X37Y27         LUT6 (Prop_lut6_I2_O)        0.124    23.302 r  soc_top_inst/mycpu_top_inst/VTop_inst/core/u_mdu/ex_r[wen]_i_1/O
                         net (fo=413, routed)         1.905    25.207    soc_top_inst/mycpu_top_inst/VTop_inst/core/u_mdu_n_10
    SLICE_X56Y44         FDRE                                         r  soc_top_inst/mycpu_top_inst/VTop_inst/core/ex_r_reg[op2][59]/R
  -------------------------------------------------------------------    -------------------

                         (clock cpu_clk_clk_wiz_0 rise edge)
                                                     40.000    40.000 r  
    W5                                                0.000    40.000 r  clk (IN)
                         net (fo=0)                   0.000    40.000    soc_top_inst/clk_wiz_0/inst/sys_clk
    W5                   IBUF (Prop_ibuf_I_O)         1.388    41.388 r  soc_top_inst/clk_wiz_0/inst/clkin1_ibufg/O
                         net (fo=1, routed)           1.162    42.550    soc_top_inst/clk_wiz_0/inst/sys_clk_clk_wiz_0
    MMCME2_ADV_X1Y0      MMCME2_ADV (Prop_mmcme2_adv_CLKIN1_CLKOUT0)
                                                     -7.217    35.332 r  soc_top_inst/clk_wiz_0/inst/mmcm_adv_inst/CLKOUT0
                         net (fo=1, routed)           1.581    36.914    soc_top_inst/clk_wiz_0/inst/cpu_clk_clk_wiz_0
    BUFGCTRL_X0Y0        BUFG (Prop_bufg_I_O)         0.091    37.005 r  soc_top_inst/clk_wiz_0/inst/clkout1_buf/O
                         net (fo=5478, routed)        1.453    38.458    soc_top_inst/mycpu_top_inst/VTop_inst/core/cpu_clk
    SLICE_X56Y44         FDRE                                         r  soc_top_inst/mycpu_top_inst/VTop_inst/core/ex_r_reg[op2][59]/C
                         clock pessimism              0.492    38.949    
                         clock uncertainty           -0.094    38.855    
    SLICE_X56Y44         FDRE (Setup_fdre_C_R)       -0.524    38.331    soc_top_inst/mycpu_top_inst/VTop_inst/core/ex_r_reg[op2][59]
  -------------------------------------------------------------------
                         required time                         38.331    
                         arrival time                         -25.207    
  -------------------------------------------------------------------
                         slack                                 13.124    

Slack (MET) :             13.159ns  (required time - arrival time)
  Source:                 soc_top_inst/mycpu_top_inst/VTop_inst/core/ex_r_reg[op1][2]/C
                            (rising edge-triggered cell FDRE clocked by cpu_clk_clk_wiz_0  {rise@0.000ns fall@20.000ns period=40.000ns})
  Destination:            soc_top_inst/mycpu_top_inst/VTop_inst/core/ex_r_reg[op2][57]/R
                            (rising edge-triggered cell FDRE clocked by cpu_clk_clk_wiz_0  {rise@0.000ns fall@20.000ns period=40.000ns})
  Path Group:             cpu_clk_clk_wiz_0
  Path Type:              Setup (Max at Slow Process Corner)
  Requirement:            40.000ns  (cpu_clk_clk_wiz_0 rise@40.000ns - cpu_clk_clk_wiz_0 rise@0.000ns)
  Data Path Delay:        26.230ns  (logic 5.748ns (21.914%)  route 20.482ns (78.086%))
  Logic Levels:           33  (CARRY4=14 LUT2=1 LUT3=2 LUT4=3 LUT5=1 LUT6=12)
  Clock Path Skew:        -0.088ns (DCD - SCD + CPR)
    Destination Clock Delay (DCD):    -1.544ns = ( 38.456 - 40.000 ) 
    Source Clock Delay      (SCD):    -0.965ns
    Clock Pessimism Removal (CPR):    0.492ns
  Clock Uncertainty:      0.094ns  ((TSJ^2 + DJ^2)^1/2) / 2 + PE
    Total System Jitter     (TSJ):    0.071ns
    Discrete Jitter          (DJ):    0.175ns
    Phase Error              (PE):    0.000ns

    Location             Delay type                Incr(ns)  Path(ns)    Netlist Resource(s)
  -------------------------------------------------------------------    -------------------
                         (clock cpu_clk_clk_wiz_0 rise edge)
                                                      0.000     0.000 r  
    W5                                                0.000     0.000 r  clk (IN)
                         net (fo=0)                   0.000     0.000    soc_top_inst/clk_wiz_0/inst/sys_clk
    W5                   IBUF (Prop_ibuf_I_O)         1.458     1.458 r  soc_top_inst/clk_wiz_0/inst/clkin1_ibufg/O
                         net (fo=1, routed)           1.233     2.691    soc_top_inst/clk_wiz_0/inst/sys_clk_clk_wiz_0
    MMCME2_ADV_X1Y0      MMCME2_ADV (Prop_mmcme2_adv_CLKIN1_CLKOUT0)
                                                     -6.961    -4.269 r  soc_top_inst/clk_wiz_0/inst/mmcm_adv_inst/CLKOUT0
                         net (fo=1, routed)           1.661    -2.608    soc_top_inst/clk_wiz_0/inst/cpu_clk_clk_wiz_0
    BUFGCTRL_X0Y0        BUFG (Prop_bufg_I_O)         0.096    -2.512 r  soc_top_inst/clk_wiz_0/inst/clkout1_buf/O
                         net (fo=5478, routed)        1.547    -0.965    soc_top_inst/mycpu_top_inst/VTop_inst/core/cpu_clk
    SLICE_X30Y26         FDRE                                         r  soc_top_inst/mycpu_top_inst/VTop_inst/core/ex_r_reg[op1][2]/C
  -------------------------------------------------------------------    -------------------
    SLICE_X30Y26         FDRE (Prop_fdre_C_Q)         0.518    -0.447 r  soc_top_inst/mycpu_top_inst/VTop_inst/core/ex_r_reg[op1][2]/Q
                         net (fo=51, routed)          1.872     1.425    soc_top_inst/mycpu_top_inst/VTop_inst/core/ex_r_reg[op_n_0_1][2]
    SLICE_X51Y39         LUT4 (Prop_lut4_I1_O)        0.124     1.549 r  soc_top_inst/mycpu_top_inst/VTop_inst/core/ex_r[rs2_store][0]_i_181/O
                         net (fo=1, routed)           0.000     1.549    soc_top_inst/mycpu_top_inst/VTop_inst/core/ex_r[rs2_store][0]_i_181_n_0
    SLICE_X51Y39         CARRY4 (Prop_carry4_S[1]_CO[3])
                                                      0.550     2.099 r  soc_top_inst/mycpu_top_inst/VTop_inst/core/ex_r_reg[rs2_store][0]_i_158/CO[3]
                         net (fo=1, routed)           0.000     2.099    soc_top_inst/mycpu_top_inst/VTop_inst/core/ex_r_reg[rs2_store][0]_i_158_n_0
    SLICE_X51Y40         CARRY4 (Prop_carry4_CI_CO[3])
                                                      0.114     2.213 r  soc_top_inst/mycpu_top_inst/VTop_inst/core/ex_r_reg[rs2_store][0]_i_140/CO[3]
                         net (fo=1, routed)           0.000     2.213    soc_top_inst/mycpu_top_inst/VTop_inst/core/ex_r_reg[rs2_store][0]_i_140_n_0
    SLICE_X51Y41         CARRY4 (Prop_carry4_CI_CO[3])
                                                      0.114     2.327 r  soc_top_inst/mycpu_top_inst/VTop_inst/core/ex_r_reg[rs2_store][0]_i_122/CO[3]
                         net (fo=1, routed)           0.000     2.327    soc_top_inst/mycpu_top_inst/VTop_inst/core/ex_r_reg[rs2_store][0]_i_122_n_0
    SLICE_X51Y42         CARRY4 (Prop_carry4_CI_CO[3])
                                                      0.114     2.441 r  soc_top_inst/mycpu_top_inst/VTop_inst/core/ex_r_reg[rs2_store][0]_i_104/CO[3]
                         net (fo=1, routed)           0.000     2.441    soc_top_inst/mycpu_top_inst/VTop_inst/core/ex_r_reg[rs2_store][0]_i_104_n_0
    SLICE_X51Y43         CARRY4 (Prop_carry4_CI_CO[3])
                                                      0.114     2.555 r  soc_top_inst/mycpu_top_inst/VTop_inst/core/ex_r_reg[rs2_store][0]_i_86/CO[3]
                         net (fo=1, routed)           0.000     2.555    soc_top_inst/mycpu_top_inst/VTop_inst/core/ex_r_reg[rs2_store][0]_i_86_n_0
    SLICE_X51Y44         CARRY4 (Prop_carry4_CI_CO[3])
                                                      0.114     2.669 r  soc_top_inst/mycpu_top_inst/VTop_inst/core/ex_r_reg[rs2_store][0]_i_67/CO[3]
                         net (fo=1, routed)           0.000     2.669    soc_top_inst/mycpu_top_inst/VTop_inst/core/ex_r_reg[rs2_store][0]_i_67_n_0
    SLICE_X51Y45         CARRY4 (Prop_carry4_CI_CO[3])
                                                      0.114     2.783 r  soc_top_inst/mycpu_top_inst/VTop_inst/core/ex_r_reg[rs2_store][0]_i_32/CO[3]
                         net (fo=1, routed)           0.000     2.783    soc_top_inst/mycpu_top_inst/VTop_inst/core/ex_r_reg[rs2_store][0]_i_32_n_0
    SLICE_X51Y46         CARRY4 (Prop_carry4_CI_CO[3])
                                                      0.114     2.897 r  soc_top_inst/mycpu_top_inst/VTop_inst/core/ex_r_reg[rs2_store][0]_i_12/CO[3]
                         net (fo=2, routed)           1.521     4.419    soc_top_inst/mycpu_top_inst/VTop_inst/core/u_execute/data2
    SLICE_X51Y36         LUT6 (Prop_lut6_I1_O)        0.124     4.543 r  soc_top_inst/mycpu_top_inst/VTop_inst/core/mem_r[is_instr_misalign]_i_4/O
                         net (fo=2, routed)           0.275     4.817    soc_top_inst/mycpu_top_inst/VTop_inst/core/mem_r[is_instr_misalign]_i_4_n_0
    SLICE_X51Y36         LUT6 (Prop_lut6_I0_O)        0.124     4.941 r  soc_top_inst/mycpu_top_inst/VTop_inst/core/mem_r[is_instr_misalign]_i_2/O
                         net (fo=2, routed)           0.735     5.677    soc_top_inst/mycpu_top_inst/VTop_inst/core/u_execute/ex_branch_taken
    SLICE_X36Y36         LUT6 (Prop_lut6_I3_O)        0.124     5.801 r  soc_top_inst/mycpu_top_inst/VTop_inst/core/fetch_buf_instr[31]_i_7/O
                         net (fo=76, routed)          0.942     6.743    soc_top_inst/mycpu_top_inst/VTop_inst/core/u_mdu/ex_flush_front
    SLICE_X32Y27         LUT6 (Prop_lut6_I3_O)        0.124     6.867 r  soc_top_inst/mycpu_top_inst/VTop_inst/core/u_mdu/fetch_buf_instr[31]_i_6/O
                         net (fo=118, routed)         0.684     7.550    soc_top_inst/mycpu_top_inst/VTop_inst/core/u_commit/fetch_redirect_bubble_reg[0]_0
    SLICE_X32Y28         LUT6 (Prop_lut6_I5_O)        0.124     7.674 f  soc_top_inst/mycpu_top_inst/VTop_inst/core/u_commit/saved_is_insn_i_1/O
                         net (fo=81, routed)          1.288     8.962    soc_top_inst/mycpu_top_inst/VTop_inst/core/u_commit/u_csr/mem_r_reg[valid]
    SLICE_X12Y45         LUT3 (Prop_lut3_I2_O)        0.124     9.086 r  soc_top_inst/mycpu_top_inst/VTop_inst/core/u_commit/u_csr/led1_carry__4_i_4/O
                         net (fo=70, routed)          1.658    10.744    soc_top_inst/mycpu_top_inst/VTop_inst/core/u_commit/u_csr/led1_carry__4_i_4_n_0
    SLICE_X29Y27         LUT6 (Prop_lut6_I5_O)        0.124    10.868 f  soc_top_inst/mycpu_top_inst/VTop_inst/core/u_commit/u_csr/lock_req[addr][7]_i_3/O
                         net (fo=1, routed)           0.633    11.501    soc_top_inst/mycpu_top_inst/VTop_inst/u_mmu/mem_r_reg[mem_addr][7]
    SLICE_X12Y27         LUT5 (Prop_lut5_I4_O)        0.124    11.625 r  soc_top_inst/mycpu_top_inst/VTop_inst/u_mmu/lock_req[addr][7]_i_2/O
                         net (fo=2, routed)           0.321    11.946    soc_top_inst/mycpu_top_inst/VTop_inst/mux/saved_vaddr_reg[7]
    SLICE_X12Y28         LUT4 (Prop_lut4_I2_O)        0.124    12.070 f  soc_top_inst/mycpu_top_inst/VTop_inst/mux/latched_addr[7]_i_1/O
                         net (fo=3, routed)           0.757    12.826    soc_top_inst/mycpu_top_inst/VTop_inst/mux/latched_addr_reg[17][2]
    SLICE_X15Y31         LUT6 (Prop_lut6_I4_O)        0.124    12.950 r  soc_top_inst/mycpu_top_inst/VTop_inst/mux/tx_data_access1_carry_i_3/O
                         net (fo=1, routed)           0.000    12.950    soc_top_inst/device_inst/lock_valid_reg_2[1]
    SLICE_X15Y31         CARRY4 (Prop_carry4_S[1]_CO[3])
                                                      0.550    13.500 r  soc_top_inst/device_inst/tx_data_access1_carry/CO[3]
                         net (fo=1, routed)           0.000    13.500    soc_top_inst/device_inst/tx_data_access1_carry_n_0
    SLICE_X15Y32         CARRY4 (Prop_carry4_CI_CO[3])
                                                      0.114    13.614 r  soc_top_inst/device_inst/tx_data_access1_carry__0/CO[3]
                         net (fo=1, routed)           0.000    13.614    soc_top_inst/device_inst/tx_data_access1_carry__0_n_0
    SLICE_X15Y33         CARRY4 (Prop_carry4_CI_CO[3])
                                                      0.114    13.728 r  soc_top_inst/device_inst/tx_data_access1_carry__1/CO[3]
                         net (fo=1, routed)           0.000    13.728    soc_top_inst/device_inst/tx_data_access1_carry__1_n_0
    SLICE_X15Y34         CARRY4 (Prop_carry4_CI_CO[3])
                                                      0.114    13.842 r  soc_top_inst/device_inst/tx_data_access1_carry__2/CO[3]
                         net (fo=1, routed)           0.000    13.842    soc_top_inst/device_inst/tx_data_access1_carry__2_n_0
    SLICE_X15Y35         CARRY4 (Prop_carry4_CI_CO[3])
                                                      0.114    13.956 r  soc_top_inst/device_inst/tx_data_access1_carry__3/CO[3]
                         net (fo=1, routed)           0.000    13.956    soc_top_inst/device_inst/tx_data_access1_carry__3_n_0
    SLICE_X15Y36         CARRY4 (Prop_carry4_CI_CO[0])
                                                      0.271    14.227 r  soc_top_inst/device_inst/tx_data_access1_carry__4/CO[0]
                         net (fo=10, routed)          0.614    14.842    soc_top_inst/mycpu_top_inst/VTop_inst/mux/CO[0]
    SLICE_X29Y37         LUT6 (Prop_lut6_I4_O)        0.373    15.215 f  soc_top_inst/mycpu_top_inst/VTop_inst/mux/i___2_i_5__0/O
                         net (fo=3, routed)           0.965    16.180    soc_top_inst/mycpu_top_inst/VTop_inst/mux/req_inflight_reg_2
    SLICE_X8Y31          LUT6 (Prop_lut6_I2_O)        0.124    16.304 f  soc_top_inst/mycpu_top_inst/VTop_inst/mux/i___2_i_2/O
                         net (fo=8, routed)           1.108    17.412    soc_top_inst/mycpu_top_inst/VTop_inst/core/u_commit/u_csr/lock_select_reg[0]_0
    SLICE_X29Y27         LUT4 (Prop_lut4_I0_O)        0.124    17.536 f  soc_top_inst/mycpu_top_inst/VTop_inst/core/u_commit/u_csr/i___2_i_1__0/O
                         net (fo=143, routed)         1.087    18.623    soc_top_inst/mycpu_top_inst/VTop_inst/core/u_commit/u_csr/csr_mcause_reg[2]_0
    SLICE_X7Y29          LUT6 (Prop_lut6_I3_O)        0.124    18.747 r  soc_top_inst/mycpu_top_inst/VTop_inst/core/u_commit/u_csr/csr_mip_raw[63]_i_1/O
                         net (fo=446, routed)         1.279    20.026    soc_top_inst/mycpu_top_inst/VTop_inst/core/u_commit_n_1
    SLICE_X14Y48         LUT3 (Prop_lut3_I0_O)        0.124    20.150 r  soc_top_inst/mycpu_top_inst/VTop_inst/core/fetch_buf_instr[31]_i_4/O
                         net (fo=72, routed)          1.512    21.662    soc_top_inst/mycpu_top_inst/VTop_inst/core/mret_redirect
    SLICE_X32Y30         LUT2 (Prop_lut2_I0_O)        0.124    21.786 f  soc_top_inst/mycpu_top_inst/VTop_inst/core/fetch_req_pc[63]_i_3/O
                         net (fo=9, routed)           0.506    22.292    soc_top_inst/mycpu_top_inst/VTop_inst/core/fetch_req_pc[63]_i_3_n_0
    SLICE_X37Y31         LUT6 (Prop_lut6_I0_O)        0.124    22.416 f  soc_top_inst/mycpu_top_inst/VTop_inst/core/ex_r[wen]_i_5/O
                         net (fo=1, routed)           0.762    23.178    soc_top_inst/mycpu_top_inst/VTop_inst/core/u_mdu/ex_r_reg[is_jalr]_0
    SLICE_X37Y27         LUT6 (Prop_lut6_I2_O)        0.124    23.302 r  soc_top_inst/mycpu_top_inst/VTop_inst/core/u_mdu/ex_r[wen]_i_1/O
                         net (fo=413, routed)         1.963    25.265    soc_top_inst/mycpu_top_inst/VTop_inst/core/u_mdu_n_10
    SLICE_X48Y44         FDRE                                         r  soc_top_inst/mycpu_top_inst/VTop_inst/core/ex_r_reg[op2][57]/R
  -------------------------------------------------------------------    -------------------

                         (clock cpu_clk_clk_wiz_0 rise edge)
                                                     40.000    40.000 r  
    W5                                                0.000    40.000 r  clk (IN)
                         net (fo=0)                   0.000    40.000    soc_top_inst/clk_wiz_0/inst/sys_clk
    W5                   IBUF (Prop_ibuf_I_O)         1.388    41.388 r  soc_top_inst/clk_wiz_0/inst/clkin1_ibufg/O
                         net (fo=1, routed)           1.162    42.550    soc_top_inst/clk_wiz_0/inst/sys_clk_clk_wiz_0
    MMCME2_ADV_X1Y0      MMCME2_ADV (Prop_mmcme2_adv_CLKIN1_CLKOUT0)
                                                     -7.217    35.332 r  soc_top_inst/clk_wiz_0/inst/mmcm_adv_inst/CLKOUT0
                         net (fo=1, routed)           1.581    36.914    soc_top_inst/clk_wiz_0/inst/cpu_clk_clk_wiz_0
    BUFGCTRL_X0Y0        BUFG (Prop_bufg_I_O)         0.091    37.005 r  soc_top_inst/clk_wiz_0/inst/clkout1_buf/O
                         net (fo=5478, routed)        1.451    38.456    soc_top_inst/mycpu_top_inst/VTop_inst/core/cpu_clk
    SLICE_X48Y44         FDRE                                         r  soc_top_inst/mycpu_top_inst/VTop_inst/core/ex_r_reg[op2][57]/C
                         clock pessimism              0.492    38.947    
                         clock uncertainty           -0.094    38.853    
    SLICE_X48Y44         FDRE (Setup_fdre_C_R)       -0.429    38.424    soc_top_inst/mycpu_top_inst/VTop_inst/core/ex_r_reg[op2][57]
  -------------------------------------------------------------------
                         required time                         38.424    
                         arrival time                         -25.265    
  -------------------------------------------------------------------
                         slack                                 13.159    

Slack (MET) :             13.163ns  (required time - arrival time)
  Source:                 soc_top_inst/mycpu_top_inst/VTop_inst/core/ex_r_reg[op1][2]/C
                            (rising edge-triggered cell FDRE clocked by cpu_clk_clk_wiz_0  {rise@0.000ns fall@20.000ns period=40.000ns})
  Destination:            soc_top_inst/mycpu_top_inst/VTop_inst/core/ex_r_reg[op2][39]/R
                            (rising edge-triggered cell FDRE clocked by cpu_clk_clk_wiz_0  {rise@0.000ns fall@20.000ns period=40.000ns})
  Path Group:             cpu_clk_clk_wiz_0
  Path Type:              Setup (Max at Slow Process Corner)
  Requirement:            40.000ns  (cpu_clk_clk_wiz_0 rise@40.000ns - cpu_clk_clk_wiz_0 rise@0.000ns)
  Data Path Delay:        26.130ns  (logic 5.748ns (21.997%)  route 20.382ns (78.003%))
  Logic Levels:           33  (CARRY4=14 LUT2=1 LUT3=2 LUT4=3 LUT5=1 LUT6=12)
  Clock Path Skew:        -0.088ns (DCD - SCD + CPR)
    Destination Clock Delay (DCD):    -1.544ns = ( 38.456 - 40.000 ) 
    Source Clock Delay      (SCD):    -0.965ns
    Clock Pessimism Removal (CPR):    0.492ns
  Clock Uncertainty:      0.094ns  ((TSJ^2 + DJ^2)^1/2) / 2 + PE
    Total System Jitter     (TSJ):    0.071ns
    Discrete Jitter          (DJ):    0.175ns
    Phase Error              (PE):    0.000ns

    Location             Delay type                Incr(ns)  Path(ns)    Netlist Resource(s)
  -------------------------------------------------------------------    -------------------
                         (clock cpu_clk_clk_wiz_0 rise edge)
                                                      0.000     0.000 r  
    W5                                                0.000     0.000 r  clk (IN)
                         net (fo=0)                   0.000     0.000    soc_top_inst/clk_wiz_0/inst/sys_clk
    W5                   IBUF (Prop_ibuf_I_O)         1.458     1.458 r  soc_top_inst/clk_wiz_0/inst/clkin1_ibufg/O
                         net (fo=1, routed)           1.233     2.691    soc_top_inst/clk_wiz_0/inst/sys_clk_clk_wiz_0
    MMCME2_ADV_X1Y0      MMCME2_ADV (Prop_mmcme2_adv_CLKIN1_CLKOUT0)
                                                     -6.961    -4.269 r  soc_top_inst/clk_wiz_0/inst/mmcm_adv_inst/CLKOUT0
                         net (fo=1, routed)           1.661    -2.608    soc_top_inst/clk_wiz_0/inst/cpu_clk_clk_wiz_0
    BUFGCTRL_X0Y0        BUFG (Prop_bufg_I_O)         0.096    -2.512 r  soc_top_inst/clk_wiz_0/inst/clkout1_buf/O
                         net (fo=5478, routed)        1.547    -0.965    soc_top_inst/mycpu_top_inst/VTop_inst/core/cpu_clk
    SLICE_X30Y26         FDRE                                         r  soc_top_inst/mycpu_top_inst/VTop_inst/core/ex_r_reg[op1][2]/C
  -------------------------------------------------------------------    -------------------
    SLICE_X30Y26         FDRE (Prop_fdre_C_Q)         0.518    -0.447 r  soc_top_inst/mycpu_top_inst/VTop_inst/core/ex_r_reg[op1][2]/Q
                         net (fo=51, routed)          1.872     1.425    soc_top_inst/mycpu_top_inst/VTop_inst/core/ex_r_reg[op_n_0_1][2]
    SLICE_X51Y39         LUT4 (Prop_lut4_I1_O)        0.124     1.549 r  soc_top_inst/mycpu_top_inst/VTop_inst/core/ex_r[rs2_store][0]_i_181/O
                         net (fo=1, routed)           0.000     1.549    soc_top_inst/mycpu_top_inst/VTop_inst/core/ex_r[rs2_store][0]_i_181_n_0
    SLICE_X51Y39         CARRY4 (Prop_carry4_S[1]_CO[3])
                                                      0.550     2.099 r  soc_top_inst/mycpu_top_inst/VTop_inst/core/ex_r_reg[rs2_store][0]_i_158/CO[3]
                         net (fo=1, routed)           0.000     2.099    soc_top_inst/mycpu_top_inst/VTop_inst/core/ex_r_reg[rs2_store][0]_i_158_n_0
    SLICE_X51Y40         CARRY4 (Prop_carry4_CI_CO[3])
                                                      0.114     2.213 r  soc_top_inst/mycpu_top_inst/VTop_inst/core/ex_r_reg[rs2_store][0]_i_140/CO[3]
                         net (fo=1, routed)           0.000     2.213    soc_top_inst/mycpu_top_inst/VTop_inst/core/ex_r_reg[rs2_store][0]_i_140_n_0
    SLICE_X51Y41         CARRY4 (Prop_carry4_CI_CO[3])
                                                      0.114     2.327 r  soc_top_inst/mycpu_top_inst/VTop_inst/core/ex_r_reg[rs2_store][0]_i_122/CO[3]
                         net (fo=1, routed)           0.000     2.327    soc_top_inst/mycpu_top_inst/VTop_inst/core/ex_r_reg[rs2_store][0]_i_122_n_0
    SLICE_X51Y42         CARRY4 (Prop_carry4_CI_CO[3])
                                                      0.114     2.441 r  soc_top_inst/mycpu_top_inst/VTop_inst/core/ex_r_reg[rs2_store][0]_i_104/CO[3]
                         net (fo=1, routed)           0.000     2.441    soc_top_inst/mycpu_top_inst/VTop_inst/core/ex_r_reg[rs2_store][0]_i_104_n_0
    SLICE_X51Y43         CARRY4 (Prop_carry4_CI_CO[3])
                                                      0.114     2.555 r  soc_top_inst/mycpu_top_inst/VTop_inst/core/ex_r_reg[rs2_store][0]_i_86/CO[3]
                         net (fo=1, routed)           0.000     2.555    soc_top_inst/mycpu_top_inst/VTop_inst/core/ex_r_reg[rs2_store][0]_i_86_n_0
    SLICE_X51Y44         CARRY4 (Prop_carry4_CI_CO[3])
                                                      0.114     2.669 r  soc_top_inst/mycpu_top_inst/VTop_inst/core/ex_r_reg[rs2_store][0]_i_67/CO[3]
                         net (fo=1, routed)           0.000     2.669    soc_top_inst/mycpu_top_inst/VTop_inst/core/ex_r_reg[rs2_store][0]_i_67_n_0
    SLICE_X51Y45         CARRY4 (Prop_carry4_CI_CO[3])
                                                      0.114     2.783 r  soc_top_inst/mycpu_top_inst/VTop_inst/core/ex_r_reg[rs2_store][0]_i_32/CO[3]
                         net (fo=1, routed)           0.000     2.783    soc_top_inst/mycpu_top_inst/VTop_inst/core/ex_r_reg[rs2_store][0]_i_32_n_0
    SLICE_X51Y46         CARRY4 (Prop_carry4_CI_CO[3])
                                                      0.114     2.897 r  soc_top_inst/mycpu_top_inst/VTop_inst/core/ex_r_reg[rs2_store][0]_i_12/CO[3]
                         net (fo=2, routed)           1.521     4.419    soc_top_inst/mycpu_top_inst/VTop_inst/core/u_execute/data2
    SLICE_X51Y36         LUT6 (Prop_lut6_I1_O)        0.124     4.543 r  soc_top_inst/mycpu_top_inst/VTop_inst/core/mem_r[is_instr_misalign]_i_4/O
                         net (fo=2, routed)           0.275     4.817    soc_top_inst/mycpu_top_inst/VTop_inst/core/mem_r[is_instr_misalign]_i_4_n_0
    SLICE_X51Y36         LUT6 (Prop_lut6_I0_O)        0.124     4.941 r  soc_top_inst/mycpu_top_inst/VTop_inst/core/mem_r[is_instr_misalign]_i_2/O
                         net (fo=2, routed)           0.735     5.677    soc_top_inst/mycpu_top_inst/VTop_inst/core/u_execute/ex_branch_taken
    SLICE_X36Y36         LUT6 (Prop_lut6_I3_O)        0.124     5.801 r  soc_top_inst/mycpu_top_inst/VTop_inst/core/fetch_buf_instr[31]_i_7/O
                         net (fo=76, routed)          0.942     6.743    soc_top_inst/mycpu_top_inst/VTop_inst/core/u_mdu/ex_flush_front
    SLICE_X32Y27         LUT6 (Prop_lut6_I3_O)        0.124     6.867 r  soc_top_inst/mycpu_top_inst/VTop_inst/core/u_mdu/fetch_buf_instr[31]_i_6/O
                         net (fo=118, routed)         0.684     7.550    soc_top_inst/mycpu_top_inst/VTop_inst/core/u_commit/fetch_redirect_bubble_reg[0]_0
    SLICE_X32Y28         LUT6 (Prop_lut6_I5_O)        0.124     7.674 f  soc_top_inst/mycpu_top_inst/VTop_inst/core/u_commit/saved_is_insn_i_1/O
                         net (fo=81, routed)          1.288     8.962    soc_top_inst/mycpu_top_inst/VTop_inst/core/u_commit/u_csr/mem_r_reg[valid]
    SLICE_X12Y45         LUT3 (Prop_lut3_I2_O)        0.124     9.086 r  soc_top_inst/mycpu_top_inst/VTop_inst/core/u_commit/u_csr/led1_carry__4_i_4/O
                         net (fo=70, routed)          1.658    10.744    soc_top_inst/mycpu_top_inst/VTop_inst/core/u_commit/u_csr/led1_carry__4_i_4_n_0
    SLICE_X29Y27         LUT6 (Prop_lut6_I5_O)        0.124    10.868 f  soc_top_inst/mycpu_top_inst/VTop_inst/core/u_commit/u_csr/lock_req[addr][7]_i_3/O
                         net (fo=1, routed)           0.633    11.501    soc_top_inst/mycpu_top_inst/VTop_inst/u_mmu/mem_r_reg[mem_addr][7]
    SLICE_X12Y27         LUT5 (Prop_lut5_I4_O)        0.124    11.625 r  soc_top_inst/mycpu_top_inst/VTop_inst/u_mmu/lock_req[addr][7]_i_2/O
                         net (fo=2, routed)           0.321    11.946    soc_top_inst/mycpu_top_inst/VTop_inst/mux/saved_vaddr_reg[7]
    SLICE_X12Y28         LUT4 (Prop_lut4_I2_O)        0.124    12.070 f  soc_top_inst/mycpu_top_inst/VTop_inst/mux/latched_addr[7]_i_1/O
                         net (fo=3, routed)           0.757    12.826    soc_top_inst/mycpu_top_inst/VTop_inst/mux/latched_addr_reg[17][2]
    SLICE_X15Y31         LUT6 (Prop_lut6_I4_O)        0.124    12.950 r  soc_top_inst/mycpu_top_inst/VTop_inst/mux/tx_data_access1_carry_i_3/O
                         net (fo=1, routed)           0.000    12.950    soc_top_inst/device_inst/lock_valid_reg_2[1]
    SLICE_X15Y31         CARRY4 (Prop_carry4_S[1]_CO[3])
                                                      0.550    13.500 r  soc_top_inst/device_inst/tx_data_access1_carry/CO[3]
                         net (fo=1, routed)           0.000    13.500    soc_top_inst/device_inst/tx_data_access1_carry_n_0
    SLICE_X15Y32         CARRY4 (Prop_carry4_CI_CO[3])
                                                      0.114    13.614 r  soc_top_inst/device_inst/tx_data_access1_carry__0/CO[3]
                         net (fo=1, routed)           0.000    13.614    soc_top_inst/device_inst/tx_data_access1_carry__0_n_0
    SLICE_X15Y33         CARRY4 (Prop_carry4_CI_CO[3])
                                                      0.114    13.728 r  soc_top_inst/device_inst/tx_data_access1_carry__1/CO[3]
                         net (fo=1, routed)           0.000    13.728    soc_top_inst/device_inst/tx_data_access1_carry__1_n_0
    SLICE_X15Y34         CARRY4 (Prop_carry4_CI_CO[3])
                                                      0.114    13.842 r  soc_top_inst/device_inst/tx_data_access1_carry__2/CO[3]
                         net (fo=1, routed)           0.000    13.842    soc_top_inst/device_inst/tx_data_access1_carry__2_n_0
    SLICE_X15Y35         CARRY4 (Prop_carry4_CI_CO[3])
                                                      0.114    13.956 r  soc_top_inst/device_inst/tx_data_access1_carry__3/CO[3]
                         net (fo=1, routed)           0.000    13.956    soc_top_inst/device_inst/tx_data_access1_carry__3_n_0
    SLICE_X15Y36         CARRY4 (Prop_carry4_CI_CO[0])
                                                      0.271    14.227 r  soc_top_inst/device_inst/tx_data_access1_carry__4/CO[0]
                         net (fo=10, routed)          0.614    14.842    soc_top_inst/mycpu_top_inst/VTop_inst/mux/CO[0]
    SLICE_X29Y37         LUT6 (Prop_lut6_I4_O)        0.373    15.215 f  soc_top_inst/mycpu_top_inst/VTop_inst/mux/i___2_i_5__0/O
                         net (fo=3, routed)           0.965    16.180    soc_top_inst/mycpu_top_inst/VTop_inst/mux/req_inflight_reg_2
    SLICE_X8Y31          LUT6 (Prop_lut6_I2_O)        0.124    16.304 f  soc_top_inst/mycpu_top_inst/VTop_inst/mux/i___2_i_2/O
                         net (fo=8, routed)           1.108    17.412    soc_top_inst/mycpu_top_inst/VTop_inst/core/u_commit/u_csr/lock_select_reg[0]_0
    SLICE_X29Y27         LUT4 (Prop_lut4_I0_O)        0.124    17.536 f  soc_top_inst/mycpu_top_inst/VTop_inst/core/u_commit/u_csr/i___2_i_1__0/O
                         net (fo=143, routed)         1.087    18.623    soc_top_inst/mycpu_top_inst/VTop_inst/core/u_commit/u_csr/csr_mcause_reg[2]_0
    SLICE_X7Y29          LUT6 (Prop_lut6_I3_O)        0.124    18.747 r  soc_top_inst/mycpu_top_inst/VTop_inst/core/u_commit/u_csr/csr_mip_raw[63]_i_1/O
                         net (fo=446, routed)         1.279    20.026    soc_top_inst/mycpu_top_inst/VTop_inst/core/u_commit_n_1
    SLICE_X14Y48         LUT3 (Prop_lut3_I0_O)        0.124    20.150 r  soc_top_inst/mycpu_top_inst/VTop_inst/core/fetch_buf_instr[31]_i_4/O
                         net (fo=72, routed)          1.512    21.662    soc_top_inst/mycpu_top_inst/VTop_inst/core/mret_redirect
    SLICE_X32Y30         LUT2 (Prop_lut2_I0_O)        0.124    21.786 f  soc_top_inst/mycpu_top_inst/VTop_inst/core/fetch_req_pc[63]_i_3/O
                         net (fo=9, routed)           0.506    22.292    soc_top_inst/mycpu_top_inst/VTop_inst/core/fetch_req_pc[63]_i_3_n_0
    SLICE_X37Y31         LUT6 (Prop_lut6_I0_O)        0.124    22.416 f  soc_top_inst/mycpu_top_inst/VTop_inst/core/ex_r[wen]_i_5/O
                         net (fo=1, routed)           0.762    23.178    soc_top_inst/mycpu_top_inst/VTop_inst/core/u_mdu/ex_r_reg[is_jalr]_0
    SLICE_X37Y27         LUT6 (Prop_lut6_I2_O)        0.124    23.302 r  soc_top_inst/mycpu_top_inst/VTop_inst/core/u_mdu/ex_r[wen]_i_1/O
                         net (fo=413, routed)         1.864    25.166    soc_top_inst/mycpu_top_inst/VTop_inst/core/u_mdu_n_10
    SLICE_X56Y40         FDRE                                         r  soc_top_inst/mycpu_top_inst/VTop_inst/core/ex_r_reg[op2][39]/R
  -------------------------------------------------------------------    -------------------

                         (clock cpu_clk_clk_wiz_0 rise edge)
                                                     40.000    40.000 r  
    W5                                                0.000    40.000 r  clk (IN)
                         net (fo=0)                   0.000    40.000    soc_top_inst/clk_wiz_0/inst/sys_clk
    W5                   IBUF (Prop_ibuf_I_O)         1.388    41.388 r  soc_top_inst/clk_wiz_0/inst/clkin1_ibufg/O
                         net (fo=1, routed)           1.162    42.550    soc_top_inst/clk_wiz_0/inst/sys_clk_clk_wiz_0
    MMCME2_ADV_X1Y0      MMCME2_ADV (Prop_mmcme2_adv_CLKIN1_CLKOUT0)
                                                     -7.217    35.332 r  soc_top_inst/clk_wiz_0/inst/mmcm_adv_inst/CLKOUT0
                         net (fo=1, routed)           1.581    36.914    soc_top_inst/clk_wiz_0/inst/cpu_clk_clk_wiz_0
    BUFGCTRL_X0Y0        BUFG (Prop_bufg_I_O)         0.091    37.005 r  soc_top_inst/clk_wiz_0/inst/clkout1_buf/O
                         net (fo=5478, routed)        1.451    38.456    soc_top_inst/mycpu_top_inst/VTop_inst/core/cpu_clk
    SLICE_X56Y40         FDRE                                         r  soc_top_inst/mycpu_top_inst/VTop_inst/core/ex_r_reg[op2][39]/C
                         clock pessimism              0.492    38.947    
                         clock uncertainty           -0.094    38.853    
    SLICE_X56Y40         FDRE (Setup_fdre_C_R)       -0.524    38.329    soc_top_inst/mycpu_top_inst/VTop_inst/core/ex_r_reg[op2][39]
  -------------------------------------------------------------------
                         required time                         38.329    
                         arrival time                         -25.166    
  -------------------------------------------------------------------
                         slack                                 13.163    

Slack (MET) :             13.163ns  (required time - arrival time)
  Source:                 soc_top_inst/mycpu_top_inst/VTop_inst/core/ex_r_reg[op1][2]/C
                            (rising edge-triggered cell FDRE clocked by cpu_clk_clk_wiz_0  {rise@0.000ns fall@20.000ns period=40.000ns})
  Destination:            soc_top_inst/mycpu_top_inst/VTop_inst/core/ex_r_reg[op2][46]/R
                            (rising edge-triggered cell FDRE clocked by cpu_clk_clk_wiz_0  {rise@0.000ns fall@20.000ns period=40.000ns})
  Path Group:             cpu_clk_clk_wiz_0
  Path Type:              Setup (Max at Slow Process Corner)
  Requirement:            40.000ns  (cpu_clk_clk_wiz_0 rise@40.000ns - cpu_clk_clk_wiz_0 rise@0.000ns)
  Data Path Delay:        26.130ns  (logic 5.748ns (21.997%)  route 20.382ns (78.003%))
  Logic Levels:           33  (CARRY4=14 LUT2=1 LUT3=2 LUT4=3 LUT5=1 LUT6=12)
  Clock Path Skew:        -0.088ns (DCD - SCD + CPR)
    Destination Clock Delay (DCD):    -1.544ns = ( 38.456 - 40.000 ) 
    Source Clock Delay      (SCD):    -0.965ns
    Clock Pessimism Removal (CPR):    0.492ns
  Clock Uncertainty:      0.094ns  ((TSJ^2 + DJ^2)^1/2) / 2 + PE
    Total System Jitter     (TSJ):    0.071ns
    Discrete Jitter          (DJ):    0.175ns
    Phase Error              (PE):    0.000ns

    Location             Delay type                Incr(ns)  Path(ns)    Netlist Resource(s)
  -------------------------------------------------------------------    -------------------
                         (clock cpu_clk_clk_wiz_0 rise edge)
                                                      0.000     0.000 r  
    W5                                                0.000     0.000 r  clk (IN)
                         net (fo=0)                   0.000     0.000    soc_top_inst/clk_wiz_0/inst/sys_clk
    W5                   IBUF (Prop_ibuf_I_O)         1.458     1.458 r  soc_top_inst/clk_wiz_0/inst/clkin1_ibufg/O
                         net (fo=1, routed)           1.233     2.691    soc_top_inst/clk_wiz_0/inst/sys_clk_clk_wiz_0
    MMCME2_ADV_X1Y0      MMCME2_ADV (Prop_mmcme2_adv_CLKIN1_CLKOUT0)
                                                     -6.961    -4.269 r  soc_top_inst/clk_wiz_0/inst/mmcm_adv_inst/CLKOUT0
                         net (fo=1, routed)           1.661    -2.608    soc_top_inst/clk_wiz_0/inst/cpu_clk_clk_wiz_0
    BUFGCTRL_X0Y0        BUFG (Prop_bufg_I_O)         0.096    -2.512 r  soc_top_inst/clk_wiz_0/inst/clkout1_buf/O
                         net (fo=5478, routed)        1.547    -0.965    soc_top_inst/mycpu_top_inst/VTop_inst/core/cpu_clk
    SLICE_X30Y26         FDRE                                         r  soc_top_inst/mycpu_top_inst/VTop_inst/core/ex_r_reg[op1][2]/C
  -------------------------------------------------------------------    -------------------
    SLICE_X30Y26         FDRE (Prop_fdre_C_Q)         0.518    -0.447 r  soc_top_inst/mycpu_top_inst/VTop_inst/core/ex_r_reg[op1][2]/Q
                         net (fo=51, routed)          1.872     1.425    soc_top_inst/mycpu_top_inst/VTop_inst/core/ex_r_reg[op_n_0_1][2]
    SLICE_X51Y39         LUT4 (Prop_lut4_I1_O)        0.124     1.549 r  soc_top_inst/mycpu_top_inst/VTop_inst/core/ex_r[rs2_store][0]_i_181/O
                         net (fo=1, routed)           0.000     1.549    soc_top_inst/mycpu_top_inst/VTop_inst/core/ex_r[rs2_store][0]_i_181_n_0
    SLICE_X51Y39         CARRY4 (Prop_carry4_S[1]_CO[3])
                                                      0.550     2.099 r  soc_top_inst/mycpu_top_inst/VTop_inst/core/ex_r_reg[rs2_store][0]_i_158/CO[3]
                         net (fo=1, routed)           0.000     2.099    soc_top_inst/mycpu_top_inst/VTop_inst/core/ex_r_reg[rs2_store][0]_i_158_n_0
    SLICE_X51Y40         CARRY4 (Prop_carry4_CI_CO[3])
                                                      0.114     2.213 r  soc_top_inst/mycpu_top_inst/VTop_inst/core/ex_r_reg[rs2_store][0]_i_140/CO[3]
                         net (fo=1, routed)           0.000     2.213    soc_top_inst/mycpu_top_inst/VTop_inst/core/ex_r_reg[rs2_store][0]_i_140_n_0
    SLICE_X51Y41         CARRY4 (Prop_carry4_CI_CO[3])
                                                      0.114     2.327 r  soc_top_inst/mycpu_top_inst/VTop_inst/core/ex_r_reg[rs2_store][0]_i_122/CO[3]
                         net (fo=1, routed)           0.000     2.327    soc_top_inst/mycpu_top_inst/VTop_inst/core/ex_r_reg[rs2_store][0]_i_122_n_0
    SLICE_X51Y42         CARRY4 (Prop_carry4_CI_CO[3])
                                                      0.114     2.441 r  soc_top_inst/mycpu_top_inst/VTop_inst/core/ex_r_reg[rs2_store][0]_i_104/CO[3]
                         net (fo=1, routed)           0.000     2.441    soc_top_inst/mycpu_top_inst/VTop_inst/core/ex_r_reg[rs2_store][0]_i_104_n_0
    SLICE_X51Y43         CARRY4 (Prop_carry4_CI_CO[3])
                                                      0.114     2.555 r  soc_top_inst/mycpu_top_inst/VTop_inst/core/ex_r_reg[rs2_store][0]_i_86/CO[3]
                         net (fo=1, routed)           0.000     2.555    soc_top_inst/mycpu_top_inst/VTop_inst/core/ex_r_reg[rs2_store][0]_i_86_n_0
    SLICE_X51Y44         CARRY4 (Prop_carry4_CI_CO[3])
                                                      0.114     2.669 r  soc_top_inst/mycpu_top_inst/VTop_inst/core/ex_r_reg[rs2_store][0]_i_67/CO[3]
                         net (fo=1, routed)           0.000     2.669    soc_top_inst/mycpu_top_inst/VTop_inst/core/ex_r_reg[rs2_store][0]_i_67_n_0
    SLICE_X51Y45         CARRY4 (Prop_carry4_CI_CO[3])
                                                      0.114     2.783 r  soc_top_inst/mycpu_top_inst/VTop_inst/core/ex_r_reg[rs2_store][0]_i_32/CO[3]
                         net (fo=1, routed)           0.000     2.783    soc_top_inst/mycpu_top_inst/VTop_inst/core/ex_r_reg[rs2_store][0]_i_32_n_0
    SLICE_X51Y46         CARRY4 (Prop_carry4_CI_CO[3])
                                                      0.114     2.897 r  soc_top_inst/mycpu_top_inst/VTop_inst/core/ex_r_reg[rs2_store][0]_i_12/CO[3]
                         net (fo=2, routed)           1.521     4.419    soc_top_inst/mycpu_top_inst/VTop_inst/core/u_execute/data2
    SLICE_X51Y36         LUT6 (Prop_lut6_I1_O)        0.124     4.543 r  soc_top_inst/mycpu_top_inst/VTop_inst/core/mem_r[is_instr_misalign]_i_4/O
                         net (fo=2, routed)           0.275     4.817    soc_top_inst/mycpu_top_inst/VTop_inst/core/mem_r[is_instr_misalign]_i_4_n_0
    SLICE_X51Y36         LUT6 (Prop_lut6_I0_O)        0.124     4.941 r  soc_top_inst/mycpu_top_inst/VTop_inst/core/mem_r[is_instr_misalign]_i_2/O
                         net (fo=2, routed)           0.735     5.677    soc_top_inst/mycpu_top_inst/VTop_inst/core/u_execute/ex_branch_taken
    SLICE_X36Y36         LUT6 (Prop_lut6_I3_O)        0.124     5.801 r  soc_top_inst/mycpu_top_inst/VTop_inst/core/fetch_buf_instr[31]_i_7/O
                         net (fo=76, routed)          0.942     6.743    soc_top_inst/mycpu_top_inst/VTop_inst/core/u_mdu/ex_flush_front
    SLICE_X32Y27         LUT6 (Prop_lut6_I3_O)        0.124     6.867 r  soc_top_inst/mycpu_top_inst/VTop_inst/core/u_mdu/fetch_buf_instr[31]_i_6/O
                         net (fo=118, routed)         0.684     7.550    soc_top_inst/mycpu_top_inst/VTop_inst/core/u_commit/fetch_redirect_bubble_reg[0]_0
    SLICE_X32Y28         LUT6 (Prop_lut6_I5_O)        0.124     7.674 f  soc_top_inst/mycpu_top_inst/VTop_inst/core/u_commit/saved_is_insn_i_1/O
                         net (fo=81, routed)          1.288     8.962    soc_top_inst/mycpu_top_inst/VTop_inst/core/u_commit/u_csr/mem_r_reg[valid]
    SLICE_X12Y45         LUT3 (Prop_lut3_I2_O)        0.124     9.086 r  soc_top_inst/mycpu_top_inst/VTop_inst/core/u_commit/u_csr/led1_carry__4_i_4/O
                         net (fo=70, routed)          1.658    10.744    soc_top_inst/mycpu_top_inst/VTop_inst/core/u_commit/u_csr/led1_carry__4_i_4_n_0
    SLICE_X29Y27         LUT6 (Prop_lut6_I5_O)        0.124    10.868 f  soc_top_inst/mycpu_top_inst/VTop_inst/core/u_commit/u_csr/lock_req[addr][7]_i_3/O
                         net (fo=1, routed)           0.633    11.501    soc_top_inst/mycpu_top_inst/VTop_inst/u_mmu/mem_r_reg[mem_addr][7]
    SLICE_X12Y27         LUT5 (Prop_lut5_I4_O)        0.124    11.625 r  soc_top_inst/mycpu_top_inst/VTop_inst/u_mmu/lock_req[addr][7]_i_2/O
                         net (fo=2, routed)           0.321    11.946    soc_top_inst/mycpu_top_inst/VTop_inst/mux/saved_vaddr_reg[7]
    SLICE_X12Y28         LUT4 (Prop_lut4_I2_O)        0.124    12.070 f  soc_top_inst/mycpu_top_inst/VTop_inst/mux/latched_addr[7]_i_1/O
                         net (fo=3, routed)           0.757    12.826    soc_top_inst/mycpu_top_inst/VTop_inst/mux/latched_addr_reg[17][2]
    SLICE_X15Y31         LUT6 (Prop_lut6_I4_O)        0.124    12.950 r  soc_top_inst/mycpu_top_inst/VTop_inst/mux/tx_data_access1_carry_i_3/O
                         net (fo=1, routed)           0.000    12.950    soc_top_inst/device_inst/lock_valid_reg_2[1]
    SLICE_X15Y31         CARRY4 (Prop_carry4_S[1]_CO[3])
                                                      0.550    13.500 r  soc_top_inst/device_inst/tx_data_access1_carry/CO[3]
                         net (fo=1, routed)           0.000    13.500    soc_top_inst/device_inst/tx_data_access1_carry_n_0
    SLICE_X15Y32         CARRY4 (Prop_carry4_CI_CO[3])
                                                      0.114    13.614 r  soc_top_inst/device_inst/tx_data_access1_carry__0/CO[3]
                         net (fo=1, routed)           0.000    13.614    soc_top_inst/device_inst/tx_data_access1_carry__0_n_0
    SLICE_X15Y33         CARRY4 (Prop_carry4_CI_CO[3])
                                                      0.114    13.728 r  soc_top_inst/device_inst/tx_data_access1_carry__1/CO[3]
                         net (fo=1, routed)           0.000    13.728    soc_top_inst/device_inst/tx_data_access1_carry__1_n_0
    SLICE_X15Y34         CARRY4 (Prop_carry4_CI_CO[3])
                                                      0.114    13.842 r  soc_top_inst/device_inst/tx_data_access1_carry__2/CO[3]
                         net (fo=1, routed)           0.000    13.842    soc_top_inst/device_inst/tx_data_access1_carry__2_n_0
    SLICE_X15Y35         CARRY4 (Prop_carry4_CI_CO[3])
                                                      0.114    13.956 r  soc_top_inst/device_inst/tx_data_access1_carry__3/CO[3]
                         net (fo=1, routed)           0.000    13.956    soc_top_inst/device_inst/tx_data_access1_carry__3_n_0
    SLICE_X15Y36         CARRY4 (Prop_carry4_CI_CO[0])
                                                      0.271    14.227 r  soc_top_inst/device_inst/tx_data_access1_carry__4/CO[0]
                         net (fo=10, routed)          0.614    14.842    soc_top_inst/mycpu_top_inst/VTop_inst/mux/CO[0]
    SLICE_X29Y37         LUT6 (Prop_lut6_I4_O)        0.373    15.215 f  soc_top_inst/mycpu_top_inst/VTop_inst/mux/i___2_i_5__0/O
                         net (fo=3, routed)           0.965    16.180    soc_top_inst/mycpu_top_inst/VTop_inst/mux/req_inflight_reg_2
    SLICE_X8Y31          LUT6 (Prop_lut6_I2_O)        0.124    16.304 f  soc_top_inst/mycpu_top_inst/VTop_inst/mux/i___2_i_2/O
                         net (fo=8, routed)           1.108    17.412    soc_top_inst/mycpu_top_inst/VTop_inst/core/u_commit/u_csr/lock_select_reg[0]_0
    SLICE_X29Y27         LUT4 (Prop_lut4_I0_O)        0.124    17.536 f  soc_top_inst/mycpu_top_inst/VTop_inst/core/u_commit/u_csr/i___2_i_1__0/O
                         net (fo=143, routed)         1.087    18.623    soc_top_inst/mycpu_top_inst/VTop_inst/core/u_commit/u_csr/csr_mcause_reg[2]_0
    SLICE_X7Y29          LUT6 (Prop_lut6_I3_O)        0.124    18.747 r  soc_top_inst/mycpu_top_inst/VTop_inst/core/u_commit/u_csr/csr_mip_raw[63]_i_1/O
                         net (fo=446, routed)         1.279    20.026    soc_top_inst/mycpu_top_inst/VTop_inst/core/u_commit_n_1
    SLICE_X14Y48         LUT3 (Prop_lut3_I0_O)        0.124    20.150 r  soc_top_inst/mycpu_top_inst/VTop_inst/core/fetch_buf_instr[31]_i_4/O
                         net (fo=72, routed)          1.512    21.662    soc_top_inst/mycpu_top_inst/VTop_inst/core/mret_redirect
    SLICE_X32Y30         LUT2 (Prop_lut2_I0_O)        0.124    21.786 f  soc_top_inst/mycpu_top_inst/VTop_inst/core/fetch_req_pc[63]_i_3/O
                         net (fo=9, routed)           0.506    22.292    soc_top_inst/mycpu_top_inst/VTop_inst/core/fetch_req_pc[63]_i_3_n_0
    SLICE_X37Y31         LUT6 (Prop_lut6_I0_O)        0.124    22.416 f  soc_top_inst/mycpu_top_inst/VTop_inst/core/ex_r[wen]_i_5/O
                         net (fo=1, routed)           0.762    23.178    soc_top_inst/mycpu_top_inst/VTop_inst/core/u_mdu/ex_r_reg[is_jalr]_0
    SLICE_X37Y27         LUT6 (Prop_lut6_I2_O)        0.124    23.302 r  soc_top_inst/mycpu_top_inst/VTop_inst/core/u_mdu/ex_r[wen]_i_1/O
                         net (fo=413, routed)         1.864    25.166    soc_top_inst/mycpu_top_inst/VTop_inst/core/u_mdu_n_10
    SLICE_X56Y40         FDRE                                         r  soc_top_inst/mycpu_top_inst/VTop_inst/core/ex_r_reg[op2][46]/R
  -------------------------------------------------------------------    -------------------

                         (clock cpu_clk_clk_wiz_0 rise edge)
                                                     40.000    40.000 r  
    W5                                                0.000    40.000 r  clk (IN)
                         net (fo=0)                   0.000    40.000    soc_top_inst/clk_wiz_0/inst/sys_clk
    W5                   IBUF (Prop_ibuf_I_O)         1.388    41.388 r  soc_top_inst/clk_wiz_0/inst/clkin1_ibufg/O
                         net (fo=1, routed)           1.162    42.550    soc_top_inst/clk_wiz_0/inst/sys_clk_clk_wiz_0
    MMCME2_ADV_X1Y0      MMCME2_ADV (Prop_mmcme2_adv_CLKIN1_CLKOUT0)
                                                     -7.217    35.332 r  soc_top_inst/clk_wiz_0/inst/mmcm_adv_inst/CLKOUT0
                         net (fo=1, routed)           1.581    36.914    soc_top_inst/clk_wiz_0/inst/cpu_clk_clk_wiz_0
    BUFGCTRL_X0Y0        BUFG (Prop_bufg_I_O)         0.091    37.005 r  soc_top_inst/clk_wiz_0/inst/clkout1_buf/O
                         net (fo=5478, routed)        1.451    38.456    soc_top_inst/mycpu_top_inst/VTop_inst/core/cpu_clk
    SLICE_X56Y40         FDRE                                         r  soc_top_inst/mycpu_top_inst/VTop_inst/core/ex_r_reg[op2][46]/C
                         clock pessimism              0.492    38.947    
                         clock uncertainty           -0.094    38.853    
    SLICE_X56Y40         FDRE (Setup_fdre_C_R)       -0.524    38.329    soc_top_inst/mycpu_top_inst/VTop_inst/core/ex_r_reg[op2][46]
  -------------------------------------------------------------------
                         required time                         38.329    
                         arrival time                         -25.166    
  -------------------------------------------------------------------
                         slack                                 13.163    

Slack (MET) :             13.198ns  (required time - arrival time)
  Source:                 soc_top_inst/mycpu_top_inst/VTop_inst/core/ex_r_reg[op1][2]/C
                            (rising edge-triggered cell FDRE clocked by cpu_clk_clk_wiz_0  {rise@0.000ns fall@20.000ns period=40.000ns})
  Destination:            soc_top_inst/mycpu_top_inst/VTop_inst/core/ex_r_reg[is_word]/R
                            (rising edge-triggered cell FDRE clocked by cpu_clk_clk_wiz_0  {rise@0.000ns fall@20.000ns period=40.000ns})
  Path Group:             cpu_clk_clk_wiz_0
  Path Type:              Setup (Max at Slow Process Corner)
  Requirement:            40.000ns  (cpu_clk_clk_wiz_0 rise@40.000ns - cpu_clk_clk_wiz_0 rise@0.000ns)
  Data Path Delay:        26.189ns  (logic 5.748ns (21.949%)  route 20.441ns (78.051%))
  Logic Levels:           33  (CARRY4=14 LUT2=1 LUT3=2 LUT4=3 LUT5=1 LUT6=12)
  Clock Path Skew:        -0.090ns (DCD - SCD + CPR)
    Destination Clock Delay (DCD):    -1.546ns = ( 38.454 - 40.000 ) 
    Source Clock Delay      (SCD):    -0.965ns
    Clock Pessimism Removal (CPR):    0.492ns
  Clock Uncertainty:      0.094ns  ((TSJ^2 + DJ^2)^1/2) / 2 + PE
    Total System Jitter     (TSJ):    0.071ns
    Discrete Jitter          (DJ):    0.175ns
    Phase Error              (PE):    0.000ns

    Location             Delay type                Incr(ns)  Path(ns)    Netlist Resource(s)
  -------------------------------------------------------------------    -------------------
                         (clock cpu_clk_clk_wiz_0 rise edge)
                                                      0.000     0.000 r  
    W5                                                0.000     0.000 r  clk (IN)
                         net (fo=0)                   0.000     0.000    soc_top_inst/clk_wiz_0/inst/sys_clk
    W5                   IBUF (Prop_ibuf_I_O)         1.458     1.458 r  soc_top_inst/clk_wiz_0/inst/clkin1_ibufg/O
                         net (fo=1, routed)           1.233     2.691    soc_top_inst/clk_wiz_0/inst/sys_clk_clk_wiz_0
    MMCME2_ADV_X1Y0      MMCME2_ADV (Prop_mmcme2_adv_CLKIN1_CLKOUT0)
                                                     -6.961    -4.269 r  soc_top_inst/clk_wiz_0/inst/mmcm_adv_inst/CLKOUT0
                         net (fo=1, routed)           1.661    -2.608    soc_top_inst/clk_wiz_0/inst/cpu_clk_clk_wiz_0
    BUFGCTRL_X0Y0        BUFG (Prop_bufg_I_O)         0.096    -2.512 r  soc_top_inst/clk_wiz_0/inst/clkout1_buf/O
                         net (fo=5478, routed)        1.547    -0.965    soc_top_inst/mycpu_top_inst/VTop_inst/core/cpu_clk
    SLICE_X30Y26         FDRE                                         r  soc_top_inst/mycpu_top_inst/VTop_inst/core/ex_r_reg[op1][2]/C
  -------------------------------------------------------------------    -------------------
    SLICE_X30Y26         FDRE (Prop_fdre_C_Q)         0.518    -0.447 r  soc_top_inst/mycpu_top_inst/VTop_inst/core/ex_r_reg[op1][2]/Q
                         net (fo=51, routed)          1.872     1.425    soc_top_inst/mycpu_top_inst/VTop_inst/core/ex_r_reg[op_n_0_1][2]
    SLICE_X51Y39         LUT4 (Prop_lut4_I1_O)        0.124     1.549 r  soc_top_inst/mycpu_top_inst/VTop_inst/core/ex_r[rs2_store][0]_i_181/O
                         net (fo=1, routed)           0.000     1.549    soc_top_inst/mycpu_top_inst/VTop_inst/core/ex_r[rs2_store][0]_i_181_n_0
    SLICE_X51Y39         CARRY4 (Prop_carry4_S[1]_CO[3])
                                                      0.550     2.099 r  soc_top_inst/mycpu_top_inst/VTop_inst/core/ex_r_reg[rs2_store][0]_i_158/CO[3]
                         net (fo=1, routed)           0.000     2.099    soc_top_inst/mycpu_top_inst/VTop_inst/core/ex_r_reg[rs2_store][0]_i_158_n_0
    SLICE_X51Y40         CARRY4 (Prop_carry4_CI_CO[3])
                                                      0.114     2.213 r  soc_top_inst/mycpu_top_inst/VTop_inst/core/ex_r_reg[rs2_store][0]_i_140/CO[3]
                         net (fo=1, routed)           0.000     2.213    soc_top_inst/mycpu_top_inst/VTop_inst/core/ex_r_reg[rs2_store][0]_i_140_n_0
    SLICE_X51Y41         CARRY4 (Prop_carry4_CI_CO[3])
                                                      0.114     2.327 r  soc_top_inst/mycpu_top_inst/VTop_inst/core/ex_r_reg[rs2_store][0]_i_122/CO[3]
                         net (fo=1, routed)           0.000     2.327    soc_top_inst/mycpu_top_inst/VTop_inst/core/ex_r_reg[rs2_store][0]_i_122_n_0
    SLICE_X51Y42         CARRY4 (Prop_carry4_CI_CO[3])
                                                      0.114     2.441 r  soc_top_inst/mycpu_top_inst/VTop_inst/core/ex_r_reg[rs2_store][0]_i_104/CO[3]
                         net (fo=1, routed)           0.000     2.441    soc_top_inst/mycpu_top_inst/VTop_inst/core/ex_r_reg[rs2_store][0]_i_104_n_0
    SLICE_X51Y43         CARRY4 (Prop_carry4_CI_CO[3])
                                                      0.114     2.555 r  soc_top_inst/mycpu_top_inst/VTop_inst/core/ex_r_reg[rs2_store][0]_i_86/CO[3]
                         net (fo=1, routed)           0.000     2.555    soc_top_inst/mycpu_top_inst/VTop_inst/core/ex_r_reg[rs2_store][0]_i_86_n_0
    SLICE_X51Y44         CARRY4 (Prop_carry4_CI_CO[3])
                                                      0.114     2.669 r  soc_top_inst/mycpu_top_inst/VTop_inst/core/ex_r_reg[rs2_store][0]_i_67/CO[3]
                         net (fo=1, routed)           0.000     2.669    soc_top_inst/mycpu_top_inst/VTop_inst/core/ex_r_reg[rs2_store][0]_i_67_n_0
    SLICE_X51Y45         CARRY4 (Prop_carry4_CI_CO[3])
                                                      0.114     2.783 r  soc_top_inst/mycpu_top_inst/VTop_inst/core/ex_r_reg[rs2_store][0]_i_32/CO[3]
                         net (fo=1, routed)           0.000     2.783    soc_top_inst/mycpu_top_inst/VTop_inst/core/ex_r_reg[rs2_store][0]_i_32_n_0
    SLICE_X51Y46         CARRY4 (Prop_carry4_CI_CO[3])
                                                      0.114     2.897 r  soc_top_inst/mycpu_top_inst/VTop_inst/core/ex_r_reg[rs2_store][0]_i_12/CO[3]
                         net (fo=2, routed)           1.521     4.419    soc_top_inst/mycpu_top_inst/VTop_inst/core/u_execute/data2
    SLICE_X51Y36         LUT6 (Prop_lut6_I1_O)        0.124     4.543 r  soc_top_inst/mycpu_top_inst/VTop_inst/core/mem_r[is_instr_misalign]_i_4/O
                         net (fo=2, routed)           0.275     4.817    soc_top_inst/mycpu_top_inst/VTop_inst/core/mem_r[is_instr_misalign]_i_4_n_0
    SLICE_X51Y36         LUT6 (Prop_lut6_I0_O)        0.124     4.941 r  soc_top_inst/mycpu_top_inst/VTop_inst/core/mem_r[is_instr_misalign]_i_2/O
                         net (fo=2, routed)           0.735     5.677    soc_top_inst/mycpu_top_inst/VTop_inst/core/u_execute/ex_branch_taken
    SLICE_X36Y36         LUT6 (Prop_lut6_I3_O)        0.124     5.801 r  soc_top_inst/mycpu_top_inst/VTop_inst/core/fetch_buf_instr[31]_i_7/O
                         net (fo=76, routed)          0.942     6.743    soc_top_inst/mycpu_top_inst/VTop_inst/core/u_mdu/ex_flush_front
    SLICE_X32Y27         LUT6 (Prop_lut6_I3_O)        0.124     6.867 r  soc_top_inst/mycpu_top_inst/VTop_inst/core/u_mdu/fetch_buf_instr[31]_i_6/O
                         net (fo=118, routed)         0.684     7.550    soc_top_inst/mycpu_top_inst/VTop_inst/core/u_commit/fetch_redirect_bubble_reg[0]_0
    SLICE_X32Y28         LUT6 (Prop_lut6_I5_O)        0.124     7.674 f  soc_top_inst/mycpu_top_inst/VTop_inst/core/u_commit/saved_is_insn_i_1/O
                         net (fo=81, routed)          1.288     8.962    soc_top_inst/mycpu_top_inst/VTop_inst/core/u_commit/u_csr/mem_r_reg[valid]
    SLICE_X12Y45         LUT3 (Prop_lut3_I2_O)        0.124     9.086 r  soc_top_inst/mycpu_top_inst/VTop_inst/core/u_commit/u_csr/led1_carry__4_i_4/O
                         net (fo=70, routed)          1.658    10.744    soc_top_inst/mycpu_top_inst/VTop_inst/core/u_commit/u_csr/led1_carry__4_i_4_n_0
    SLICE_X29Y27         LUT6 (Prop_lut6_I5_O)        0.124    10.868 f  soc_top_inst/mycpu_top_inst/VTop_inst/core/u_commit/u_csr/lock_req[addr][7]_i_3/O
                         net (fo=1, routed)           0.633    11.501    soc_top_inst/mycpu_top_inst/VTop_inst/u_mmu/mem_r_reg[mem_addr][7]
    SLICE_X12Y27         LUT5 (Prop_lut5_I4_O)        0.124    11.625 r  soc_top_inst/mycpu_top_inst/VTop_inst/u_mmu/lock_req[addr][7]_i_2/O
                         net (fo=2, routed)           0.321    11.946    soc_top_inst/mycpu_top_inst/VTop_inst/mux/saved_vaddr_reg[7]
    SLICE_X12Y28         LUT4 (Prop_lut4_I2_O)        0.124    12.070 f  soc_top_inst/mycpu_top_inst/VTop_inst/mux/latched_addr[7]_i_1/O
                         net (fo=3, routed)           0.757    12.826    soc_top_inst/mycpu_top_inst/VTop_inst/mux/latched_addr_reg[17][2]
    SLICE_X15Y31         LUT6 (Prop_lut6_I4_O)        0.124    12.950 r  soc_top_inst/mycpu_top_inst/VTop_inst/mux/tx_data_access1_carry_i_3/O
                         net (fo=1, routed)           0.000    12.950    soc_top_inst/device_inst/lock_valid_reg_2[1]
    SLICE_X15Y31         CARRY4 (Prop_carry4_S[1]_CO[3])
                                                      0.550    13.500 r  soc_top_inst/device_inst/tx_data_access1_carry/CO[3]
                         net (fo=1, routed)           0.000    13.500    soc_top_inst/device_inst/tx_data_access1_carry_n_0
    SLICE_X15Y32         CARRY4 (Prop_carry4_CI_CO[3])
                                                      0.114    13.614 r  soc_top_inst/device_inst/tx_data_access1_carry__0/CO[3]
                         net (fo=1, routed)           0.000    13.614    soc_top_inst/device_inst/tx_data_access1_carry__0_n_0
    SLICE_X15Y33         CARRY4 (Prop_carry4_CI_CO[3])
                                                      0.114    13.728 r  soc_top_inst/device_inst/tx_data_access1_carry__1/CO[3]
                         net (fo=1, routed)           0.000    13.728    soc_top_inst/device_inst/tx_data_access1_carry__1_n_0
    SLICE_X15Y34         CARRY4 (Prop_carry4_CI_CO[3])
                                                      0.114    13.842 r  soc_top_inst/device_inst/tx_data_access1_carry__2/CO[3]
                         net (fo=1, routed)           0.000    13.842    soc_top_inst/device_inst/tx_data_access1_carry__2_n_0
    SLICE_X15Y35         CARRY4 (Prop_carry4_CI_CO[3])
                                                      0.114    13.956 r  soc_top_inst/device_inst/tx_data_access1_carry__3/CO[3]
                         net (fo=1, routed)           0.000    13.956    soc_top_inst/device_inst/tx_data_access1_carry__3_n_0
    SLICE_X15Y36         CARRY4 (Prop_carry4_CI_CO[0])
                                                      0.271    14.227 r  soc_top_inst/device_inst/tx_data_access1_carry__4/CO[0]
                         net (fo=10, routed)          0.614    14.842    soc_top_inst/mycpu_top_inst/VTop_inst/mux/CO[0]
    SLICE_X29Y37         LUT6 (Prop_lut6_I4_O)        0.373    15.215 f  soc_top_inst/mycpu_top_inst/VTop_inst/mux/i___2_i_5__0/O
                         net (fo=3, routed)           0.965    16.180    soc_top_inst/mycpu_top_inst/VTop_inst/mux/req_inflight_reg_2
    SLICE_X8Y31          LUT6 (Prop_lut6_I2_O)        0.124    16.304 f  soc_top_inst/mycpu_top_inst/VTop_inst/mux/i___2_i_2/O
                         net (fo=8, routed)           1.108    17.412    soc_top_inst/mycpu_top_inst/VTop_inst/core/u_commit/u_csr/lock_select_reg[0]_0
    SLICE_X29Y27         LUT4 (Prop_lut4_I0_O)        0.124    17.536 f  soc_top_inst/mycpu_top_inst/VTop_inst/core/u_commit/u_csr/i___2_i_1__0/O
                         net (fo=143, routed)         1.087    18.623    soc_top_inst/mycpu_top_inst/VTop_inst/core/u_commit/u_csr/csr_mcause_reg[2]_0
    SLICE_X7Y29          LUT6 (Prop_lut6_I3_O)        0.124    18.747 r  soc_top_inst/mycpu_top_inst/VTop_inst/core/u_commit/u_csr/csr_mip_raw[63]_i_1/O
                         net (fo=446, routed)         1.279    20.026    soc_top_inst/mycpu_top_inst/VTop_inst/core/u_commit_n_1
    SLICE_X14Y48         LUT3 (Prop_lut3_I0_O)        0.124    20.150 r  soc_top_inst/mycpu_top_inst/VTop_inst/core/fetch_buf_instr[31]_i_4/O
                         net (fo=72, routed)          1.512    21.662    soc_top_inst/mycpu_top_inst/VTop_inst/core/mret_redirect
    SLICE_X32Y30         LUT2 (Prop_lut2_I0_O)        0.124    21.786 f  soc_top_inst/mycpu_top_inst/VTop_inst/core/fetch_req_pc[63]_i_3/O
                         net (fo=9, routed)           0.506    22.292    soc_top_inst/mycpu_top_inst/VTop_inst/core/fetch_req_pc[63]_i_3_n_0
    SLICE_X37Y31         LUT6 (Prop_lut6_I0_O)        0.124    22.416 f  soc_top_inst/mycpu_top_inst/VTop_inst/core/ex_r[wen]_i_5/O
                         net (fo=1, routed)           0.762    23.178    soc_top_inst/mycpu_top_inst/VTop_inst/core/u_mdu/ex_r_reg[is_jalr]_0
    SLICE_X37Y27         LUT6 (Prop_lut6_I2_O)        0.124    23.302 r  soc_top_inst/mycpu_top_inst/VTop_inst/core/u_mdu/ex_r[wen]_i_1/O
                         net (fo=413, routed)         1.922    25.224    soc_top_inst/mycpu_top_inst/VTop_inst/core/u_mdu_n_10
    SLICE_X44Y47         FDRE                                         r  soc_top_inst/mycpu_top_inst/VTop_inst/core/ex_r_reg[is_word]/R
  -------------------------------------------------------------------    -------------------

                         (clock cpu_clk_clk_wiz_0 rise edge)
                                                     40.000    40.000 r  
    W5                                                0.000    40.000 r  clk (IN)
                         net (fo=0)                   0.000    40.000    soc_top_inst/clk_wiz_0/inst/sys_clk
    W5                   IBUF (Prop_ibuf_I_O)         1.388    41.388 r  soc_top_inst/clk_wiz_0/inst/clkin1_ibufg/O
                         net (fo=1, routed)           1.162    42.550    soc_top_inst/clk_wiz_0/inst/sys_clk_clk_wiz_0
    MMCME2_ADV_X1Y0      MMCME2_ADV (Prop_mmcme2_adv_CLKIN1_CLKOUT0)
                                                     -7.217    35.332 r  soc_top_inst/clk_wiz_0/inst/mmcm_adv_inst/CLKOUT0
                         net (fo=1, routed)           1.581    36.914    soc_top_inst/clk_wiz_0/inst/cpu_clk_clk_wiz_0
    BUFGCTRL_X0Y0        BUFG (Prop_bufg_I_O)         0.091    37.005 r  soc_top_inst/clk_wiz_0/inst/clkout1_buf/O
                         net (fo=5478, routed)        1.449    38.454    soc_top_inst/mycpu_top_inst/VTop_inst/core/cpu_clk
    SLICE_X44Y47         FDRE                                         r  soc_top_inst/mycpu_top_inst/VTop_inst/core/ex_r_reg[is_word]/C
                         clock pessimism              0.492    38.945    
                         clock uncertainty           -0.094    38.851    
    SLICE_X44Y47         FDRE (Setup_fdre_C_R)       -0.429    38.422    soc_top_inst/mycpu_top_inst/VTop_inst/core/ex_r_reg[is_word]
  -------------------------------------------------------------------
                         required time                         38.422    
                         arrival time                         -25.224    
  -------------------------------------------------------------------
                         slack                                 13.198    

Slack (MET) :             13.198ns  (required time - arrival time)
  Source:                 soc_top_inst/mycpu_top_inst/VTop_inst/core/ex_r_reg[op1][2]/C
                            (rising edge-triggered cell FDRE clocked by cpu_clk_clk_wiz_0  {rise@0.000ns fall@20.000ns period=40.000ns})
  Destination:            soc_top_inst/mycpu_top_inst/VTop_inst/core/ex_r_reg[is_word]_rep__1/R
                            (rising edge-triggered cell FDRE clocked by cpu_clk_clk_wiz_0  {rise@0.000ns fall@20.000ns period=40.000ns})
  Path Group:             cpu_clk_clk_wiz_0
  Path Type:              Setup (Max at Slow Process Corner)
  Requirement:            40.000ns  (cpu_clk_clk_wiz_0 rise@40.000ns - cpu_clk_clk_wiz_0 rise@0.000ns)
  Data Path Delay:        26.189ns  (logic 5.748ns (21.949%)  route 20.441ns (78.051%))
  Logic Levels:           33  (CARRY4=14 LUT2=1 LUT3=2 LUT4=3 LUT5=1 LUT6=12)
  Clock Path Skew:        -0.090ns (DCD - SCD + CPR)
    Destination Clock Delay (DCD):    -1.546ns = ( 38.454 - 40.000 ) 
    Source Clock Delay      (SCD):    -0.965ns
    Clock Pessimism Removal (CPR):    0.492ns
  Clock Uncertainty:      0.094ns  ((TSJ^2 + DJ^2)^1/2) / 2 + PE
    Total System Jitter     (TSJ):    0.071ns
    Discrete Jitter          (DJ):    0.175ns
    Phase Error              (PE):    0.000ns

    Location             Delay type                Incr(ns)  Path(ns)    Netlist Resource(s)
  -------------------------------------------------------------------    -------------------
                         (clock cpu_clk_clk_wiz_0 rise edge)
                                                      0.000     0.000 r  
    W5                                                0.000     0.000 r  clk (IN)
                         net (fo=0)                   0.000     0.000    soc_top_inst/clk_wiz_0/inst/sys_clk
    W5                   IBUF (Prop_ibuf_I_O)         1.458     1.458 r  soc_top_inst/clk_wiz_0/inst/clkin1_ibufg/O
                         net (fo=1, routed)           1.233     2.691    soc_top_inst/clk_wiz_0/inst/sys_clk_clk_wiz_0
    MMCME2_ADV_X1Y0      MMCME2_ADV (Prop_mmcme2_adv_CLKIN1_CLKOUT0)
                                                     -6.961    -4.269 r  soc_top_inst/clk_wiz_0/inst/mmcm_adv_inst/CLKOUT0
                         net (fo=1, routed)           1.661    -2.608    soc_top_inst/clk_wiz_0/inst/cpu_clk_clk_wiz_0
    BUFGCTRL_X0Y0        BUFG (Prop_bufg_I_O)         0.096    -2.512 r  soc_top_inst/clk_wiz_0/inst/clkout1_buf/O
                         net (fo=5478, routed)        1.547    -0.965    soc_top_inst/mycpu_top_inst/VTop_inst/core/cpu_clk
    SLICE_X30Y26         FDRE                                         r  soc_top_inst/mycpu_top_inst/VTop_inst/core/ex_r_reg[op1][2]/C
  -------------------------------------------------------------------    -------------------
    SLICE_X30Y26         FDRE (Prop_fdre_C_Q)         0.518    -0.447 r  soc_top_inst/mycpu_top_inst/VTop_inst/core/ex_r_reg[op1][2]/Q
                         net (fo=51, routed)          1.872     1.425    soc_top_inst/mycpu_top_inst/VTop_inst/core/ex_r_reg[op_n_0_1][2]
    SLICE_X51Y39         LUT4 (Prop_lut4_I1_O)        0.124     1.549 r  soc_top_inst/mycpu_top_inst/VTop_inst/core/ex_r[rs2_store][0]_i_181/O
                         net (fo=1, routed)           0.000     1.549    soc_top_inst/mycpu_top_inst/VTop_inst/core/ex_r[rs2_store][0]_i_181_n_0
    SLICE_X51Y39         CARRY4 (Prop_carry4_S[1]_CO[3])
                                                      0.550     2.099 r  soc_top_inst/mycpu_top_inst/VTop_inst/core/ex_r_reg[rs2_store][0]_i_158/CO[3]
                         net (fo=1, routed)           0.000     2.099    soc_top_inst/mycpu_top_inst/VTop_inst/core/ex_r_reg[rs2_store][0]_i_158_n_0
    SLICE_X51Y40         CARRY4 (Prop_carry4_CI_CO[3])
                                                      0.114     2.213 r  soc_top_inst/mycpu_top_inst/VTop_inst/core/ex_r_reg[rs2_store][0]_i_140/CO[3]
                         net (fo=1, routed)           0.000     2.213    soc_top_inst/mycpu_top_inst/VTop_inst/core/ex_r_reg[rs2_store][0]_i_140_n_0
    SLICE_X51Y41         CARRY4 (Prop_carry4_CI_CO[3])
                                                      0.114     2.327 r  soc_top_inst/mycpu_top_inst/VTop_inst/core/ex_r_reg[rs2_store][0]_i_122/CO[3]
                         net (fo=1, routed)           0.000     2.327    soc_top_inst/mycpu_top_inst/VTop_inst/core/ex_r_reg[rs2_store][0]_i_122_n_0
    SLICE_X51Y42         CARRY4 (Prop_carry4_CI_CO[3])
                                                      0.114     2.441 r  soc_top_inst/mycpu_top_inst/VTop_inst/core/ex_r_reg[rs2_store][0]_i_104/CO[3]
                         net (fo=1, routed)           0.000     2.441    soc_top_inst/mycpu_top_inst/VTop_inst/core/ex_r_reg[rs2_store][0]_i_104_n_0
    SLICE_X51Y43         CARRY4 (Prop_carry4_CI_CO[3])
                                                      0.114     2.555 r  soc_top_inst/mycpu_top_inst/VTop_inst/core/ex_r_reg[rs2_store][0]_i_86/CO[3]
                         net (fo=1, routed)           0.000     2.555    soc_top_inst/mycpu_top_inst/VTop_inst/core/ex_r_reg[rs2_store][0]_i_86_n_0
    SLICE_X51Y44         CARRY4 (Prop_carry4_CI_CO[3])
                                                      0.114     2.669 r  soc_top_inst/mycpu_top_inst/VTop_inst/core/ex_r_reg[rs2_store][0]_i_67/CO[3]
                         net (fo=1, routed)           0.000     2.669    soc_top_inst/mycpu_top_inst/VTop_inst/core/ex_r_reg[rs2_store][0]_i_67_n_0
    SLICE_X51Y45         CARRY4 (Prop_carry4_CI_CO[3])
                                                      0.114     2.783 r  soc_top_inst/mycpu_top_inst/VTop_inst/core/ex_r_reg[rs2_store][0]_i_32/CO[3]
                         net (fo=1, routed)           0.000     2.783    soc_top_inst/mycpu_top_inst/VTop_inst/core/ex_r_reg[rs2_store][0]_i_32_n_0
    SLICE_X51Y46         CARRY4 (Prop_carry4_CI_CO[3])
                                                      0.114     2.897 r  soc_top_inst/mycpu_top_inst/VTop_inst/core/ex_r_reg[rs2_store][0]_i_12/CO[3]
                         net (fo=2, routed)           1.521     4.419    soc_top_inst/mycpu_top_inst/VTop_inst/core/u_execute/data2
    SLICE_X51Y36         LUT6 (Prop_lut6_I1_O)        0.124     4.543 r  soc_top_inst/mycpu_top_inst/VTop_inst/core/mem_r[is_instr_misalign]_i_4/O
                         net (fo=2, routed)           0.275     4.817    soc_top_inst/mycpu_top_inst/VTop_inst/core/mem_r[is_instr_misalign]_i_4_n_0
    SLICE_X51Y36         LUT6 (Prop_lut6_I0_O)        0.124     4.941 r  soc_top_inst/mycpu_top_inst/VTop_inst/core/mem_r[is_instr_misalign]_i_2/O
                         net (fo=2, routed)           0.735     5.677    soc_top_inst/mycpu_top_inst/VTop_inst/core/u_execute/ex_branch_taken
    SLICE_X36Y36         LUT6 (Prop_lut6_I3_O)        0.124     5.801 r  soc_top_inst/mycpu_top_inst/VTop_inst/core/fetch_buf_instr[31]_i_7/O
                         net (fo=76, routed)          0.942     6.743    soc_top_inst/mycpu_top_inst/VTop_inst/core/u_mdu/ex_flush_front
    SLICE_X32Y27         LUT6 (Prop_lut6_I3_O)        0.124     6.867 r  soc_top_inst/mycpu_top_inst/VTop_inst/core/u_mdu/fetch_buf_instr[31]_i_6/O
                         net (fo=118, routed)         0.684     7.550    soc_top_inst/mycpu_top_inst/VTop_inst/core/u_commit/fetch_redirect_bubble_reg[0]_0
    SLICE_X32Y28         LUT6 (Prop_lut6_I5_O)        0.124     7.674 f  soc_top_inst/mycpu_top_inst/VTop_inst/core/u_commit/saved_is_insn_i_1/O
                         net (fo=81, routed)          1.288     8.962    soc_top_inst/mycpu_top_inst/VTop_inst/core/u_commit/u_csr/mem_r_reg[valid]
    SLICE_X12Y45         LUT3 (Prop_lut3_I2_O)        0.124     9.086 r  soc_top_inst/mycpu_top_inst/VTop_inst/core/u_commit/u_csr/led1_carry__4_i_4/O
                         net (fo=70, routed)          1.658    10.744    soc_top_inst/mycpu_top_inst/VTop_inst/core/u_commit/u_csr/led1_carry__4_i_4_n_0
    SLICE_X29Y27         LUT6 (Prop_lut6_I5_O)        0.124    10.868 f  soc_top_inst/mycpu_top_inst/VTop_inst/core/u_commit/u_csr/lock_req[addr][7]_i_3/O
                         net (fo=1, routed)           0.633    11.501    soc_top_inst/mycpu_top_inst/VTop_inst/u_mmu/mem_r_reg[mem_addr][7]
    SLICE_X12Y27         LUT5 (Prop_lut5_I4_O)        0.124    11.625 r  soc_top_inst/mycpu_top_inst/VTop_inst/u_mmu/lock_req[addr][7]_i_2/O
                         net (fo=2, routed)           0.321    11.946    soc_top_inst/mycpu_top_inst/VTop_inst/mux/saved_vaddr_reg[7]
    SLICE_X12Y28         LUT4 (Prop_lut4_I2_O)        0.124    12.070 f  soc_top_inst/mycpu_top_inst/VTop_inst/mux/latched_addr[7]_i_1/O
                         net (fo=3, routed)           0.757    12.826    soc_top_inst/mycpu_top_inst/VTop_inst/mux/latched_addr_reg[17][2]
    SLICE_X15Y31         LUT6 (Prop_lut6_I4_O)        0.124    12.950 r  soc_top_inst/mycpu_top_inst/VTop_inst/mux/tx_data_access1_carry_i_3/O
                         net (fo=1, routed)           0.000    12.950    soc_top_inst/device_inst/lock_valid_reg_2[1]
    SLICE_X15Y31         CARRY4 (Prop_carry4_S[1]_CO[3])
                                                      0.550    13.500 r  soc_top_inst/device_inst/tx_data_access1_carry/CO[3]
                         net (fo=1, routed)           0.000    13.500    soc_top_inst/device_inst/tx_data_access1_carry_n_0
    SLICE_X15Y32         CARRY4 (Prop_carry4_CI_CO[3])
                                                      0.114    13.614 r  soc_top_inst/device_inst/tx_data_access1_carry__0/CO[3]
                         net (fo=1, routed)           0.000    13.614    soc_top_inst/device_inst/tx_data_access1_carry__0_n_0
    SLICE_X15Y33         CARRY4 (Prop_carry4_CI_CO[3])
                                                      0.114    13.728 r  soc_top_inst/device_inst/tx_data_access1_carry__1/CO[3]
                         net (fo=1, routed)           0.000    13.728    soc_top_inst/device_inst/tx_data_access1_carry__1_n_0
    SLICE_X15Y34         CARRY4 (Prop_carry4_CI_CO[3])
                                                      0.114    13.842 r  soc_top_inst/device_inst/tx_data_access1_carry__2/CO[3]
                         net (fo=1, routed)           0.000    13.842    soc_top_inst/device_inst/tx_data_access1_carry__2_n_0
    SLICE_X15Y35         CARRY4 (Prop_carry4_CI_CO[3])
                                                      0.114    13.956 r  soc_top_inst/device_inst/tx_data_access1_carry__3/CO[3]
                         net (fo=1, routed)           0.000    13.956    soc_top_inst/device_inst/tx_data_access1_carry__3_n_0
    SLICE_X15Y36         CARRY4 (Prop_carry4_CI_CO[0])
                                                      0.271    14.227 r  soc_top_inst/device_inst/tx_data_access1_carry__4/CO[0]
                         net (fo=10, routed)          0.614    14.842    soc_top_inst/mycpu_top_inst/VTop_inst/mux/CO[0]
    SLICE_X29Y37         LUT6 (Prop_lut6_I4_O)        0.373    15.215 f  soc_top_inst/mycpu_top_inst/VTop_inst/mux/i___2_i_5__0/O
                         net (fo=3, routed)           0.965    16.180    soc_top_inst/mycpu_top_inst/VTop_inst/mux/req_inflight_reg_2
    SLICE_X8Y31          LUT6 (Prop_lut6_I2_O)        0.124    16.304 f  soc_top_inst/mycpu_top_inst/VTop_inst/mux/i___2_i_2/O
                         net (fo=8, routed)           1.108    17.412    soc_top_inst/mycpu_top_inst/VTop_inst/core/u_commit/u_csr/lock_select_reg[0]_0
    SLICE_X29Y27         LUT4 (Prop_lut4_I0_O)        0.124    17.536 f  soc_top_inst/mycpu_top_inst/VTop_inst/core/u_commit/u_csr/i___2_i_1__0/O
                         net (fo=143, routed)         1.087    18.623    soc_top_inst/mycpu_top_inst/VTop_inst/core/u_commit/u_csr/csr_mcause_reg[2]_0
    SLICE_X7Y29          LUT6 (Prop_lut6_I3_O)        0.124    18.747 r  soc_top_inst/mycpu_top_inst/VTop_inst/core/u_commit/u_csr/csr_mip_raw[63]_i_1/O
                         net (fo=446, routed)         1.279    20.026    soc_top_inst/mycpu_top_inst/VTop_inst/core/u_commit_n_1
    SLICE_X14Y48         LUT3 (Prop_lut3_I0_O)        0.124    20.150 r  soc_top_inst/mycpu_top_inst/VTop_inst/core/fetch_buf_instr[31]_i_4/O
                         net (fo=72, routed)          1.512    21.662    soc_top_inst/mycpu_top_inst/VTop_inst/core/mret_redirect
    SLICE_X32Y30         LUT2 (Prop_lut2_I0_O)        0.124    21.786 f  soc_top_inst/mycpu_top_inst/VTop_inst/core/fetch_req_pc[63]_i_3/O
                         net (fo=9, routed)           0.506    22.292    soc_top_inst/mycpu_top_inst/VTop_inst/core/fetch_req_pc[63]_i_3_n_0
    SLICE_X37Y31         LUT6 (Prop_lut6_I0_O)        0.124    22.416 f  soc_top_inst/mycpu_top_inst/VTop_inst/core/ex_r[wen]_i_5/O
                         net (fo=1, routed)           0.762    23.178    soc_top_inst/mycpu_top_inst/VTop_inst/core/u_mdu/ex_r_reg[is_jalr]_0
    SLICE_X37Y27         LUT6 (Prop_lut6_I2_O)        0.124    23.302 r  soc_top_inst/mycpu_top_inst/VTop_inst/core/u_mdu/ex_r[wen]_i_1/O
                         net (fo=413, routed)         1.922    25.224    soc_top_inst/mycpu_top_inst/VTop_inst/core/u_mdu_n_10
    SLICE_X44Y47         FDRE                                         r  soc_top_inst/mycpu_top_inst/VTop_inst/core/ex_r_reg[is_word]_rep__1/R
  -------------------------------------------------------------------    -------------------

                         (clock cpu_clk_clk_wiz_0 rise edge)
                                                     40.000    40.000 r  
    W5                                                0.000    40.000 r  clk (IN)
                         net (fo=0)                   0.000    40.000    soc_top_inst/clk_wiz_0/inst/sys_clk
    W5                   IBUF (Prop_ibuf_I_O)         1.388    41.388 r  soc_top_inst/clk_wiz_0/inst/clkin1_ibufg/O
                         net (fo=1, routed)           1.162    42.550    soc_top_inst/clk_wiz_0/inst/sys_clk_clk_wiz_0
    MMCME2_ADV_X1Y0      MMCME2_ADV (Prop_mmcme2_adv_CLKIN1_CLKOUT0)
                                                     -7.217    35.332 r  soc_top_inst/clk_wiz_0/inst/mmcm_adv_inst/CLKOUT0
                         net (fo=1, routed)           1.581    36.914    soc_top_inst/clk_wiz_0/inst/cpu_clk_clk_wiz_0
    BUFGCTRL_X0Y0        BUFG (Prop_bufg_I_O)         0.091    37.005 r  soc_top_inst/clk_wiz_0/inst/clkout1_buf/O
                         net (fo=5478, routed)        1.449    38.454    soc_top_inst/mycpu_top_inst/VTop_inst/core/cpu_clk
    SLICE_X44Y47         FDRE                                         r  soc_top_inst/mycpu_top_inst/VTop_inst/core/ex_r_reg[is_word]_rep__1/C
                         clock pessimism              0.492    38.945    
                         clock uncertainty           -0.094    38.851    
    SLICE_X44Y47         FDRE (Setup_fdre_C_R)       -0.429    38.422    soc_top_inst/mycpu_top_inst/VTop_inst/core/ex_r_reg[is_word]_rep__1
  -------------------------------------------------------------------
                         required time                         38.422    
                         arrival time                         -25.224    
  -------------------------------------------------------------------
                         slack                                 13.198    

Slack (MET) :             13.295ns  (required time - arrival time)
  Source:                 soc_top_inst/mycpu_top_inst/VTop_inst/core/ex_r_reg[op1][2]/C
                            (rising edge-triggered cell FDRE clocked by cpu_clk_clk_wiz_0  {rise@0.000ns fall@20.000ns period=40.000ns})
  Destination:            soc_top_inst/mycpu_top_inst/VTop_inst/core/ex_r_reg[alu_cmd][1]_rep/R
                            (rising edge-triggered cell FDRE clocked by cpu_clk_clk_wiz_0  {rise@0.000ns fall@20.000ns period=40.000ns})
  Path Group:             cpu_clk_clk_wiz_0
  Path Type:              Setup (Max at Slow Process Corner)
  Requirement:            40.000ns  (cpu_clk_clk_wiz_0 rise@40.000ns - cpu_clk_clk_wiz_0 rise@0.000ns)
  Data Path Delay:        25.998ns  (logic 5.748ns (22.109%)  route 20.250ns (77.891%))
  Logic Levels:           33  (CARRY4=14 LUT2=1 LUT3=2 LUT4=3 LUT5=1 LUT6=12)
  Clock Path Skew:        -0.088ns (DCD - SCD + CPR)
    Destination Clock Delay (DCD):    -1.544ns = ( 38.456 - 40.000 ) 
    Source Clock Delay      (SCD):    -0.965ns
    Clock Pessimism Removal (CPR):    0.492ns
  Clock Uncertainty:      0.094ns  ((TSJ^2 + DJ^2)^1/2) / 2 + PE
    Total System Jitter     (TSJ):    0.071ns
    Discrete Jitter          (DJ):    0.175ns
    Phase Error              (PE):    0.000ns

    Location             Delay type                Incr(ns)  Path(ns)    Netlist Resource(s)
  -------------------------------------------------------------------    -------------------
                         (clock cpu_clk_clk_wiz_0 rise edge)
                                                      0.000     0.000 r  
    W5                                                0.000     0.000 r  clk (IN)
                         net (fo=0)                   0.000     0.000    soc_top_inst/clk_wiz_0/inst/sys_clk
    W5                   IBUF (Prop_ibuf_I_O)         1.458     1.458 r  soc_top_inst/clk_wiz_0/inst/clkin1_ibufg/O
                         net (fo=1, routed)           1.233     2.691    soc_top_inst/clk_wiz_0/inst/sys_clk_clk_wiz_0
    MMCME2_ADV_X1Y0      MMCME2_ADV (Prop_mmcme2_adv_CLKIN1_CLKOUT0)
                                                     -6.961    -4.269 r  soc_top_inst/clk_wiz_0/inst/mmcm_adv_inst/CLKOUT0
                         net (fo=1, routed)           1.661    -2.608    soc_top_inst/clk_wiz_0/inst/cpu_clk_clk_wiz_0
    BUFGCTRL_X0Y0        BUFG (Prop_bufg_I_O)         0.096    -2.512 r  soc_top_inst/clk_wiz_0/inst/clkout1_buf/O
                         net (fo=5478, routed)        1.547    -0.965    soc_top_inst/mycpu_top_inst/VTop_inst/core/cpu_clk
    SLICE_X30Y26         FDRE                                         r  soc_top_inst/mycpu_top_inst/VTop_inst/core/ex_r_reg[op1][2]/C
  -------------------------------------------------------------------    -------------------
    SLICE_X30Y26         FDRE (Prop_fdre_C_Q)         0.518    -0.447 r  soc_top_inst/mycpu_top_inst/VTop_inst/core/ex_r_reg[op1][2]/Q
                         net (fo=51, routed)          1.872     1.425    soc_top_inst/mycpu_top_inst/VTop_inst/core/ex_r_reg[op_n_0_1][2]
    SLICE_X51Y39         LUT4 (Prop_lut4_I1_O)        0.124     1.549 r  soc_top_inst/mycpu_top_inst/VTop_inst/core/ex_r[rs2_store][0]_i_181/O
                         net (fo=1, routed)           0.000     1.549    soc_top_inst/mycpu_top_inst/VTop_inst/core/ex_r[rs2_store][0]_i_181_n_0
    SLICE_X51Y39         CARRY4 (Prop_carry4_S[1]_CO[3])
                                                      0.550     2.099 r  soc_top_inst/mycpu_top_inst/VTop_inst/core/ex_r_reg[rs2_store][0]_i_158/CO[3]
                         net (fo=1, routed)           0.000     2.099    soc_top_inst/mycpu_top_inst/VTop_inst/core/ex_r_reg[rs2_store][0]_i_158_n_0
    SLICE_X51Y40         CARRY4 (Prop_carry4_CI_CO[3])
                                                      0.114     2.213 r  soc_top_inst/mycpu_top_inst/VTop_inst/core/ex_r_reg[rs2_store][0]_i_140/CO[3]
                         net (fo=1, routed)           0.000     2.213    soc_top_inst/mycpu_top_inst/VTop_inst/core/ex_r_reg[rs2_store][0]_i_140_n_0
    SLICE_X51Y41         CARRY4 (Prop_carry4_CI_CO[3])
                                                      0.114     2.327 r  soc_top_inst/mycpu_top_inst/VTop_inst/core/ex_r_reg[rs2_store][0]_i_122/CO[3]
                         net (fo=1, routed)           0.000     2.327    soc_top_inst/mycpu_top_inst/VTop_inst/core/ex_r_reg[rs2_store][0]_i_122_n_0
    SLICE_X51Y42         CARRY4 (Prop_carry4_CI_CO[3])
                                                      0.114     2.441 r  soc_top_inst/mycpu_top_inst/VTop_inst/core/ex_r_reg[rs2_store][0]_i_104/CO[3]
                         net (fo=1, routed)           0.000     2.441    soc_top_inst/mycpu_top_inst/VTop_inst/core/ex_r_reg[rs2_store][0]_i_104_n_0
    SLICE_X51Y43         CARRY4 (Prop_carry4_CI_CO[3])
                                                      0.114     2.555 r  soc_top_inst/mycpu_top_inst/VTop_inst/core/ex_r_reg[rs2_store][0]_i_86/CO[3]
                         net (fo=1, routed)           0.000     2.555    soc_top_inst/mycpu_top_inst/VTop_inst/core/ex_r_reg[rs2_store][0]_i_86_n_0
    SLICE_X51Y44         CARRY4 (Prop_carry4_CI_CO[3])
                                                      0.114     2.669 r  soc_top_inst/mycpu_top_inst/VTop_inst/core/ex_r_reg[rs2_store][0]_i_67/CO[3]
                         net (fo=1, routed)           0.000     2.669    soc_top_inst/mycpu_top_inst/VTop_inst/core/ex_r_reg[rs2_store][0]_i_67_n_0
    SLICE_X51Y45         CARRY4 (Prop_carry4_CI_CO[3])
                                                      0.114     2.783 r  soc_top_inst/mycpu_top_inst/VTop_inst/core/ex_r_reg[rs2_store][0]_i_32/CO[3]
                         net (fo=1, routed)           0.000     2.783    soc_top_inst/mycpu_top_inst/VTop_inst/core/ex_r_reg[rs2_store][0]_i_32_n_0
    SLICE_X51Y46         CARRY4 (Prop_carry4_CI_CO[3])
                                                      0.114     2.897 r  soc_top_inst/mycpu_top_inst/VTop_inst/core/ex_r_reg[rs2_store][0]_i_12/CO[3]
                         net (fo=2, routed)           1.521     4.419    soc_top_inst/mycpu_top_inst/VTop_inst/core/u_execute/data2
    SLICE_X51Y36         LUT6 (Prop_lut6_I1_O)        0.124     4.543 r  soc_top_inst/mycpu_top_inst/VTop_inst/core/mem_r[is_instr_misalign]_i_4/O
                         net (fo=2, routed)           0.275     4.817    soc_top_inst/mycpu_top_inst/VTop_inst/core/mem_r[is_instr_misalign]_i_4_n_0
    SLICE_X51Y36         LUT6 (Prop_lut6_I0_O)        0.124     4.941 r  soc_top_inst/mycpu_top_inst/VTop_inst/core/mem_r[is_instr_misalign]_i_2/O
                         net (fo=2, routed)           0.735     5.677    soc_top_inst/mycpu_top_inst/VTop_inst/core/u_execute/ex_branch_taken
    SLICE_X36Y36         LUT6 (Prop_lut6_I3_O)        0.124     5.801 r  soc_top_inst/mycpu_top_inst/VTop_inst/core/fetch_buf_instr[31]_i_7/O
                         net (fo=76, routed)          0.942     6.743    soc_top_inst/mycpu_top_inst/VTop_inst/core/u_mdu/ex_flush_front
    SLICE_X32Y27         LUT6 (Prop_lut6_I3_O)        0.124     6.867 r  soc_top_inst/mycpu_top_inst/VTop_inst/core/u_mdu/fetch_buf_instr[31]_i_6/O
                         net (fo=118, routed)         0.684     7.550    soc_top_inst/mycpu_top_inst/VTop_inst/core/u_commit/fetch_redirect_bubble_reg[0]_0
    SLICE_X32Y28         LUT6 (Prop_lut6_I5_O)        0.124     7.674 f  soc_top_inst/mycpu_top_inst/VTop_inst/core/u_commit/saved_is_insn_i_1/O
                         net (fo=81, routed)          1.288     8.962    soc_top_inst/mycpu_top_inst/VTop_inst/core/u_commit/u_csr/mem_r_reg[valid]
    SLICE_X12Y45         LUT3 (Prop_lut3_I2_O)        0.124     9.086 r  soc_top_inst/mycpu_top_inst/VTop_inst/core/u_commit/u_csr/led1_carry__4_i_4/O
                         net (fo=70, routed)          1.658    10.744    soc_top_inst/mycpu_top_inst/VTop_inst/core/u_commit/u_csr/led1_carry__4_i_4_n_0
    SLICE_X29Y27         LUT6 (Prop_lut6_I5_O)        0.124    10.868 f  soc_top_inst/mycpu_top_inst/VTop_inst/core/u_commit/u_csr/lock_req[addr][7]_i_3/O
                         net (fo=1, routed)           0.633    11.501    soc_top_inst/mycpu_top_inst/VTop_inst/u_mmu/mem_r_reg[mem_addr][7]
    SLICE_X12Y27         LUT5 (Prop_lut5_I4_O)        0.124    11.625 r  soc_top_inst/mycpu_top_inst/VTop_inst/u_mmu/lock_req[addr][7]_i_2/O
                         net (fo=2, routed)           0.321    11.946    soc_top_inst/mycpu_top_inst/VTop_inst/mux/saved_vaddr_reg[7]
    SLICE_X12Y28         LUT4 (Prop_lut4_I2_O)        0.124    12.070 f  soc_top_inst/mycpu_top_inst/VTop_inst/mux/latched_addr[7]_i_1/O
                         net (fo=3, routed)           0.757    12.826    soc_top_inst/mycpu_top_inst/VTop_inst/mux/latched_addr_reg[17][2]
    SLICE_X15Y31         LUT6 (Prop_lut6_I4_O)        0.124    12.950 r  soc_top_inst/mycpu_top_inst/VTop_inst/mux/tx_data_access1_carry_i_3/O
                         net (fo=1, routed)           0.000    12.950    soc_top_inst/device_inst/lock_valid_reg_2[1]
    SLICE_X15Y31         CARRY4 (Prop_carry4_S[1]_CO[3])
                                                      0.550    13.500 r  soc_top_inst/device_inst/tx_data_access1_carry/CO[3]
                         net (fo=1, routed)           0.000    13.500    soc_top_inst/device_inst/tx_data_access1_carry_n_0
    SLICE_X15Y32         CARRY4 (Prop_carry4_CI_CO[3])
                                                      0.114    13.614 r  soc_top_inst/device_inst/tx_data_access1_carry__0/CO[3]
                         net (fo=1, routed)           0.000    13.614    soc_top_inst/device_inst/tx_data_access1_carry__0_n_0
    SLICE_X15Y33         CARRY4 (Prop_carry4_CI_CO[3])
                                                      0.114    13.728 r  soc_top_inst/device_inst/tx_data_access1_carry__1/CO[3]
                         net (fo=1, routed)           0.000    13.728    soc_top_inst/device_inst/tx_data_access1_carry__1_n_0
    SLICE_X15Y34         CARRY4 (Prop_carry4_CI_CO[3])
                                                      0.114    13.842 r  soc_top_inst/device_inst/tx_data_access1_carry__2/CO[3]
                         net (fo=1, routed)           0.000    13.842    soc_top_inst/device_inst/tx_data_access1_carry__2_n_0
    SLICE_X15Y35         CARRY4 (Prop_carry4_CI_CO[3])
                                                      0.114    13.956 r  soc_top_inst/device_inst/tx_data_access1_carry__3/CO[3]
                         net (fo=1, routed)           0.000    13.956    soc_top_inst/device_inst/tx_data_access1_carry__3_n_0
    SLICE_X15Y36         CARRY4 (Prop_carry4_CI_CO[0])
                                                      0.271    14.227 r  soc_top_inst/device_inst/tx_data_access1_carry__4/CO[0]
                         net (fo=10, routed)          0.614    14.842    soc_top_inst/mycpu_top_inst/VTop_inst/mux/CO[0]
    SLICE_X29Y37         LUT6 (Prop_lut6_I4_O)        0.373    15.215 f  soc_top_inst/mycpu_top_inst/VTop_inst/mux/i___2_i_5__0/O
                         net (fo=3, routed)           0.965    16.180    soc_top_inst/mycpu_top_inst/VTop_inst/mux/req_inflight_reg_2
    SLICE_X8Y31          LUT6 (Prop_lut6_I2_O)        0.124    16.304 f  soc_top_inst/mycpu_top_inst/VTop_inst/mux/i___2_i_2/O
                         net (fo=8, routed)           1.108    17.412    soc_top_inst/mycpu_top_inst/VTop_inst/core/u_commit/u_csr/lock_select_reg[0]_0
    SLICE_X29Y27         LUT4 (Prop_lut4_I0_O)        0.124    17.536 f  soc_top_inst/mycpu_top_inst/VTop_inst/core/u_commit/u_csr/i___2_i_1__0/O
                         net (fo=143, routed)         1.087    18.623    soc_top_inst/mycpu_top_inst/VTop_inst/core/u_commit/u_csr/csr_mcause_reg[2]_0
    SLICE_X7Y29          LUT6 (Prop_lut6_I3_O)        0.124    18.747 r  soc_top_inst/mycpu_top_inst/VTop_inst/core/u_commit/u_csr/csr_mip_raw[63]_i_1/O
                         net (fo=446, routed)         1.279    20.026    soc_top_inst/mycpu_top_inst/VTop_inst/core/u_commit_n_1
    SLICE_X14Y48         LUT3 (Prop_lut3_I0_O)        0.124    20.150 r  soc_top_inst/mycpu_top_inst/VTop_inst/core/fetch_buf_instr[31]_i_4/O
                         net (fo=72, routed)          1.512    21.662    soc_top_inst/mycpu_top_inst/VTop_inst/core/mret_redirect
    SLICE_X32Y30         LUT2 (Prop_lut2_I0_O)        0.124    21.786 f  soc_top_inst/mycpu_top_inst/VTop_inst/core/fetch_req_pc[63]_i_3/O
                         net (fo=9, routed)           0.506    22.292    soc_top_inst/mycpu_top_inst/VTop_inst/core/fetch_req_pc[63]_i_3_n_0
    SLICE_X37Y31         LUT6 (Prop_lut6_I0_O)        0.124    22.416 f  soc_top_inst/mycpu_top_inst/VTop_inst/core/ex_r[wen]_i_5/O
                         net (fo=1, routed)           0.762    23.178    soc_top_inst/mycpu_top_inst/VTop_inst/core/u_mdu/ex_r_reg[is_jalr]_0
    SLICE_X37Y27         LUT6 (Prop_lut6_I2_O)        0.124    23.302 r  soc_top_inst/mycpu_top_inst/VTop_inst/core/u_mdu/ex_r[wen]_i_1/O
                         net (fo=413, routed)         1.732    25.034    soc_top_inst/mycpu_top_inst/VTop_inst/core/u_mdu_n_10
    SLICE_X54Y42         FDRE                                         r  soc_top_inst/mycpu_top_inst/VTop_inst/core/ex_r_reg[alu_cmd][1]_rep/R
  -------------------------------------------------------------------    -------------------

                         (clock cpu_clk_clk_wiz_0 rise edge)
                                                     40.000    40.000 r  
    W5                                                0.000    40.000 r  clk (IN)
                         net (fo=0)                   0.000    40.000    soc_top_inst/clk_wiz_0/inst/sys_clk
    W5                   IBUF (Prop_ibuf_I_O)         1.388    41.388 r  soc_top_inst/clk_wiz_0/inst/clkin1_ibufg/O
                         net (fo=1, routed)           1.162    42.550    soc_top_inst/clk_wiz_0/inst/sys_clk_clk_wiz_0
    MMCME2_ADV_X1Y0      MMCME2_ADV (Prop_mmcme2_adv_CLKIN1_CLKOUT0)
                                                     -7.217    35.332 r  soc_top_inst/clk_wiz_0/inst/mmcm_adv_inst/CLKOUT0
                         net (fo=1, routed)           1.581    36.914    soc_top_inst/clk_wiz_0/inst/cpu_clk_clk_wiz_0
    BUFGCTRL_X0Y0        BUFG (Prop_bufg_I_O)         0.091    37.005 r  soc_top_inst/clk_wiz_0/inst/clkout1_buf/O
                         net (fo=5478, routed)        1.451    38.456    soc_top_inst/mycpu_top_inst/VTop_inst/core/cpu_clk
    SLICE_X54Y42         FDRE                                         r  soc_top_inst/mycpu_top_inst/VTop_inst/core/ex_r_reg[alu_cmd][1]_rep/C
                         clock pessimism              0.492    38.947    
                         clock uncertainty           -0.094    38.853    
    SLICE_X54Y42         FDRE (Setup_fdre_C_R)       -0.524    38.329    soc_top_inst/mycpu_top_inst/VTop_inst/core/ex_r_reg[alu_cmd][1]_rep
  -------------------------------------------------------------------
                         required time                         38.329    
                         arrival time                         -25.034    
  -------------------------------------------------------------------
                         slack                                 13.295    





Min Delay Paths
--------------------------------------------------------------------------------------
Slack (MET) :             0.032ns  (arrival time - required time)
  Source:                 soc_top_inst/mycpu_top_inst/VTop_inst/core/ex_r_reg[pc][59]/C
                            (rising edge-triggered cell FDRE clocked by cpu_clk_clk_wiz_0  {rise@0.000ns fall@20.000ns period=40.000ns})
  Destination:            soc_top_inst/mycpu_top_inst/VTop_inst/core/mem_r_reg[pc][59]/D
                            (rising edge-triggered cell FDRE clocked by cpu_clk_clk_wiz_0  {rise@0.000ns fall@20.000ns period=40.000ns})
  Path Group:             cpu_clk_clk_wiz_0
  Path Type:              Hold (Min at Fast Process Corner)
  Requirement:            0.000ns  (cpu_clk_clk_wiz_0 rise@0.000ns - cpu_clk_clk_wiz_0 rise@0.000ns)
  Data Path Delay:        0.368ns  (logic 0.141ns (38.342%)  route 0.227ns (61.658%))
  Logic Levels:           0  
  Clock Path Skew:        0.264ns (DCD - SCD - CPR)
    Destination Clock Delay (DCD):    -0.858ns
    Source Clock Delay      (SCD):    -0.618ns
    Clock Pessimism Removal (CPR):    -0.503ns

    Location             Delay type                Incr(ns)  Path(ns)    Netlist Resource(s)
  -------------------------------------------------------------------    -------------------
                         (clock cpu_clk_clk_wiz_0 rise edge)
                                                      0.000     0.000 r  
    W5                                                0.000     0.000 r  clk (IN)
                         net (fo=0)                   0.000     0.000    soc_top_inst/clk_wiz_0/inst/sys_clk
    W5                   IBUF (Prop_ibuf_I_O)         0.226     0.226 r  soc_top_inst/clk_wiz_0/inst/clkin1_ibufg/O
                         net (fo=1, routed)           0.440     0.667    soc_top_inst/clk_wiz_0/inst/sys_clk_clk_wiz_0
    MMCME2_ADV_X1Y0      MMCME2_ADV (Prop_mmcme2_adv_CLKIN1_CLKOUT0)
                                                     -2.360    -1.693 r  soc_top_inst/clk_wiz_0/inst/mmcm_adv_inst/CLKOUT0
                         net (fo=1, routed)           0.486    -1.207    soc_top_inst/clk_wiz_0/inst/cpu_clk_clk_wiz_0
    BUFGCTRL_X0Y0        BUFG (Prop_bufg_I_O)         0.026    -1.181 r  soc_top_inst/clk_wiz_0/inst/clkout1_buf/O
                         net (fo=5478, routed)        0.563    -0.618    soc_top_inst/mycpu_top_inst/VTop_inst/core/cpu_clk
    SLICE_X36Y46         FDRE                                         r  soc_top_inst/mycpu_top_inst/VTop_inst/core/ex_r_reg[pc][59]/C
  -------------------------------------------------------------------    -------------------
    SLICE_X36Y46         FDRE (Prop_fdre_C_Q)         0.141    -0.477 r  soc_top_inst/mycpu_top_inst/VTop_inst/core/ex_r_reg[pc][59]/Q
                         net (fo=4, routed)           0.227    -0.251    soc_top_inst/mycpu_top_inst/VTop_inst/core/ex_r_reg[pc_n_0_][59]
    SLICE_X35Y48         FDRE                                         r  soc_top_inst/mycpu_top_inst/VTop_inst/core/mem_r_reg[pc][59]/D
  -------------------------------------------------------------------    -------------------

                         (clock cpu_clk_clk_wiz_0 rise edge)
                                                      0.000     0.000 r  
    W5                                                0.000     0.000 r  clk (IN)
                         net (fo=0)                   0.000     0.000    soc_top_inst/clk_wiz_0/inst/sys_clk
    W5                   IBUF (Prop_ibuf_I_O)         0.414     0.414 r  soc_top_inst/clk_wiz_0/inst/clkin1_ibufg/O
                         net (fo=1, routed)           0.480     0.894    soc_top_inst/clk_wiz_0/inst/sys_clk_clk_wiz_0
    MMCME2_ADV_X1Y0      MMCME2_ADV (Prop_mmcme2_adv_CLKIN1_CLKOUT0)
                                                     -3.142    -2.248 r  soc_top_inst/clk_wiz_0/inst/mmcm_adv_inst/CLKOUT0
                         net (fo=1, routed)           0.530    -1.718    soc_top_inst/clk_wiz_0/inst/cpu_clk_clk_wiz_0
    BUFGCTRL_X0Y0        BUFG (Prop_bufg_I_O)         0.029    -1.689 r  soc_top_inst/clk_wiz_0/inst/clkout1_buf/O
                         net (fo=5478, routed)        0.832    -0.858    soc_top_inst/mycpu_top_inst/VTop_inst/core/cpu_clk
    SLICE_X35Y48         FDRE                                         r  soc_top_inst/mycpu_top_inst/VTop_inst/core/mem_r_reg[pc][59]/C
                         clock pessimism              0.503    -0.354    
    SLICE_X35Y48         FDRE (Hold_fdre_C_D)         0.072    -0.282    soc_top_inst/mycpu_top_inst/VTop_inst/core/mem_r_reg[pc][59]
  -------------------------------------------------------------------
                         required time                          0.282    
                         arrival time                          -0.251    
  -------------------------------------------------------------------
                         slack                                  0.032    

Slack (MET) :             0.046ns  (arrival time - required time)
  Source:                 soc_top_inst/mycpu_top_inst/VTop_inst/core/mem_r_reg[csr_wdata][61]/C
                            (rising edge-triggered cell FDRE clocked by cpu_clk_clk_wiz_0  {rise@0.000ns fall@20.000ns period=40.000ns})
  Destination:            soc_top_inst/mycpu_top_inst/VTop_inst/core/wb_r_reg[csr_wdata][61]/D
                            (rising edge-triggered cell FDRE clocked by cpu_clk_clk_wiz_0  {rise@0.000ns fall@20.000ns period=40.000ns})
  Path Group:             cpu_clk_clk_wiz_0
  Path Type:              Hold (Min at Fast Process Corner)
  Requirement:            0.000ns  (cpu_clk_clk_wiz_0 rise@0.000ns - cpu_clk_clk_wiz_0 rise@0.000ns)
  Data Path Delay:        0.390ns  (logic 0.164ns (42.010%)  route 0.226ns (57.990%))
  Logic Levels:           0  
  Clock Path Skew:        0.272ns (DCD - SCD - CPR)
    Destination Clock Delay (DCD):    -0.853ns
    Source Clock Delay      (SCD):    -0.616ns
    Clock Pessimism Removal (CPR):    -0.508ns

    Location             Delay type                Incr(ns)  Path(ns)    Netlist Resource(s)
  -------------------------------------------------------------------    -------------------
                         (clock cpu_clk_clk_wiz_0 rise edge)
                                                      0.000     0.000 r  
    W5                                                0.000     0.000 r  clk (IN)
                         net (fo=0)                   0.000     0.000    soc_top_inst/clk_wiz_0/inst/sys_clk
    W5                   IBUF (Prop_ibuf_I_O)         0.226     0.226 r  soc_top_inst/clk_wiz_0/inst/clkin1_ibufg/O
                         net (fo=1, routed)           0.440     0.667    soc_top_inst/clk_wiz_0/inst/sys_clk_clk_wiz_0
    MMCME2_ADV_X1Y0      MMCME2_ADV (Prop_mmcme2_adv_CLKIN1_CLKOUT0)
                                                     -2.360    -1.693 r  soc_top_inst/clk_wiz_0/inst/mmcm_adv_inst/CLKOUT0
                         net (fo=1, routed)           0.486    -1.207    soc_top_inst/clk_wiz_0/inst/cpu_clk_clk_wiz_0
    BUFGCTRL_X0Y0        BUFG (Prop_bufg_I_O)         0.026    -1.181 r  soc_top_inst/clk_wiz_0/inst/clkout1_buf/O
                         net (fo=5478, routed)        0.565    -0.616    soc_top_inst/mycpu_top_inst/VTop_inst/core/cpu_clk
    SLICE_X14Y50         FDRE                                         r  soc_top_inst/mycpu_top_inst/VTop_inst/core/mem_r_reg[csr_wdata][61]/C
  -------------------------------------------------------------------    -------------------
    SLICE_X14Y50         FDRE (Prop_fdre_C_Q)         0.164    -0.452 r  soc_top_inst/mycpu_top_inst/VTop_inst/core/mem_r_reg[csr_wdata][61]/Q
                         net (fo=2, routed)           0.226    -0.226    soc_top_inst/mycpu_top_inst/VTop_inst/core/mem_r_reg[csr_wdata_n_0_][61]
    SLICE_X11Y48         FDRE                                         r  soc_top_inst/mycpu_top_inst/VTop_inst/core/wb_r_reg[csr_wdata][61]/D
  -------------------------------------------------------------------    -------------------

                         (clock cpu_clk_clk_wiz_0 rise edge)
                                                      0.000     0.000 r  
    W5                                                0.000     0.000 r  clk (IN)
                         net (fo=0)                   0.000     0.000    soc_top_inst/clk_wiz_0/inst/sys_clk
    W5                   IBUF (Prop_ibuf_I_O)         0.414     0.414 r  soc_top_inst/clk_wiz_0/inst/clkin1_ibufg/O
                         net (fo=1, routed)           0.480     0.894    soc_top_inst/clk_wiz_0/inst/sys_clk_clk_wiz_0
    MMCME2_ADV_X1Y0      MMCME2_ADV (Prop_mmcme2_adv_CLKIN1_CLKOUT0)
                                                     -3.142    -2.248 r  soc_top_inst/clk_wiz_0/inst/mmcm_adv_inst/CLKOUT0
                         net (fo=1, routed)           0.530    -1.718    soc_top_inst/clk_wiz_0/inst/cpu_clk_clk_wiz_0
    BUFGCTRL_X0Y0        BUFG (Prop_bufg_I_O)         0.029    -1.689 r  soc_top_inst/clk_wiz_0/inst/clkout1_buf/O
                         net (fo=5478, routed)        0.837    -0.853    soc_top_inst/mycpu_top_inst/VTop_inst/core/cpu_clk
    SLICE_X11Y48         FDRE                                         r  soc_top_inst/mycpu_top_inst/VTop_inst/core/wb_r_reg[csr_wdata][61]/C
                         clock pessimism              0.508    -0.344    
    SLICE_X11Y48         FDRE (Hold_fdre_C_D)         0.072    -0.272    soc_top_inst/mycpu_top_inst/VTop_inst/core/wb_r_reg[csr_wdata][61]
  -------------------------------------------------------------------
                         required time                          0.272    
                         arrival time                          -0.226    
  -------------------------------------------------------------------
                         slack                                  0.046    

Slack (MET) :             0.048ns  (arrival time - required time)
  Source:                 soc_top_inst/bram_wrapper_inst/latched_wdata_reg[50]/C
                            (rising edge-triggered cell FDRE clocked by cpu_clk_clk_wiz_0  {rise@0.000ns fall@20.000ns period=40.000ns})
  Destination:            soc_top_inst/bram_wrapper_inst/bram_0_inst/U0/inst_blk_mem_gen/gnbram.gnativebmg.native_blk_mem_gen/valid.cstr/ramloop[33].ram.r/prim_init.ram/DEVICE_7SERIES.NO_BMM_INFO.SP.SIMPLE_PRIM36.ram/DIADI[2]
                            (rising edge-triggered cell RAMB36E1 clocked by cpu_clk_clk_wiz_0  {rise@0.000ns fall@20.000ns period=40.000ns})
  Path Group:             cpu_clk_clk_wiz_0
  Path Type:              Hold (Min at Fast Process Corner)
  Requirement:            0.000ns  (cpu_clk_clk_wiz_0 rise@0.000ns - cpu_clk_clk_wiz_0 rise@0.000ns)
  Data Path Delay:        0.263ns  (logic 0.141ns (53.562%)  route 0.122ns (46.438%))
  Logic Levels:           0  
  Clock Path Skew:        0.060ns (DCD - SCD - CPR)
    Destination Clock Delay (DCD):    -0.811ns
    Source Clock Delay      (SCD):    -0.617ns
    Clock Pessimism Removal (CPR):    -0.254ns

    Location             Delay type                Incr(ns)  Path(ns)    Netlist Resource(s)
  -------------------------------------------------------------------    -------------------
                         (clock cpu_clk_clk_wiz_0 rise edge)
                                                      0.000     0.000 r  
    W5                                                0.000     0.000 r  clk (IN)
                         net (fo=0)                   0.000     0.000    soc_top_inst/clk_wiz_0/inst/sys_clk
    W5                   IBUF (Prop_ibuf_I_O)         0.226     0.226 r  soc_top_inst/clk_wiz_0/inst/clkin1_ibufg/O
                         net (fo=1, routed)           0.440     0.667    soc_top_inst/clk_wiz_0/inst/sys_clk_clk_wiz_0
    MMCME2_ADV_X1Y0      MMCME2_ADV (Prop_mmcme2_adv_CLKIN1_CLKOUT0)
                                                     -2.360    -1.693 r  soc_top_inst/clk_wiz_0/inst/mmcm_adv_inst/CLKOUT0
                         net (fo=1, routed)           0.486    -1.207    soc_top_inst/clk_wiz_0/inst/cpu_clk_clk_wiz_0
    BUFGCTRL_X0Y0        BUFG (Prop_bufg_I_O)         0.026    -1.181 r  soc_top_inst/clk_wiz_0/inst/clkout1_buf/O
                         net (fo=5478, routed)        0.564    -0.617    soc_top_inst/bram_wrapper_inst/cpu_clk
    SLICE_X48Y39         FDRE                                         r  soc_top_inst/bram_wrapper_inst/latched_wdata_reg[50]/C
  -------------------------------------------------------------------    -------------------
    SLICE_X48Y39         FDRE (Prop_fdre_C_Q)         0.141    -0.476 r  soc_top_inst/bram_wrapper_inst/latched_wdata_reg[50]/Q
                         net (fo=6, routed)           0.122    -0.354    soc_top_inst/bram_wrapper_inst/bram_0_inst/U0/inst_blk_mem_gen/gnbram.gnativebmg.native_blk_mem_gen/valid.cstr/ramloop[33].ram.r/prim_init.ram/dina[2]
    RAMB36_X1Y8          RAMB36E1                                     r  soc_top_inst/bram_wrapper_inst/bram_0_inst/U0/inst_blk_mem_gen/gnbram.gnativebmg.native_blk_mem_gen/valid.cstr/ramloop[33].ram.r/prim_init.ram/DEVICE_7SERIES.NO_BMM_INFO.SP.SIMPLE_PRIM36.ram/DIADI[2]
  -------------------------------------------------------------------    -------------------

                         (clock cpu_clk_clk_wiz_0 rise edge)
                                                      0.000     0.000 r  
    W5                                                0.000     0.000 r  clk (IN)
                         net (fo=0)                   0.000     0.000    soc_top_inst/clk_wiz_0/inst/sys_clk
    W5                   IBUF (Prop_ibuf_I_O)         0.414     0.414 r  soc_top_inst/clk_wiz_0/inst/clkin1_ibufg/O
                         net (fo=1, routed)           0.480     0.894    soc_top_inst/clk_wiz_0/inst/sys_clk_clk_wiz_0
    MMCME2_ADV_X1Y0      MMCME2_ADV (Prop_mmcme2_adv_CLKIN1_CLKOUT0)
                                                     -3.142    -2.248 r  soc_top_inst/clk_wiz_0/inst/mmcm_adv_inst/CLKOUT0
                         net (fo=1, routed)           0.530    -1.718    soc_top_inst/clk_wiz_0/inst/cpu_clk_clk_wiz_0
    BUFGCTRL_X0Y0        BUFG (Prop_bufg_I_O)         0.029    -1.689 r  soc_top_inst/clk_wiz_0/inst/clkout1_buf/O
                         net (fo=5478, routed)        0.878    -0.811    soc_top_inst/bram_wrapper_inst/bram_0_inst/U0/inst_blk_mem_gen/gnbram.gnativebmg.native_blk_mem_gen/valid.cstr/ramloop[33].ram.r/prim_init.ram/clka
    RAMB36_X1Y8          RAMB36E1                                     r  soc_top_inst/bram_wrapper_inst/bram_0_inst/U0/inst_blk_mem_gen/gnbram.gnativebmg.native_blk_mem_gen/valid.cstr/ramloop[33].ram.r/prim_init.ram/DEVICE_7SERIES.NO_BMM_INFO.SP.SIMPLE_PRIM36.ram/CLKARDCLK
                         clock pessimism              0.254    -0.557    
    RAMB36_X1Y8          RAMB36E1 (Hold_ramb36e1_CLKARDCLK_DIADI[2])
                                                      0.155    -0.402    soc_top_inst/bram_wrapper_inst/bram_0_inst/U0/inst_blk_mem_gen/gnbram.gnativebmg.native_blk_mem_gen/valid.cstr/ramloop[33].ram.r/prim_init.ram/DEVICE_7SERIES.NO_BMM_INFO.SP.SIMPLE_PRIM36.ram
  -------------------------------------------------------------------
                         required time                          0.402    
                         arrival time                          -0.354    
  -------------------------------------------------------------------
                         slack                                  0.048    

Slack (MET) :             0.051ns  (arrival time - required time)
  Source:                 soc_top_inst/mycpu_top_inst/VTop_inst/core/mem_r_reg[pc][44]/C
                            (rising edge-triggered cell FDRE clocked by cpu_clk_clk_wiz_0  {rise@0.000ns fall@20.000ns period=40.000ns})
  Destination:            soc_top_inst/mycpu_top_inst/VTop_inst/core/wb_r_reg[pc][44]/D
                            (rising edge-triggered cell FDRE clocked by cpu_clk_clk_wiz_0  {rise@0.000ns fall@20.000ns period=40.000ns})
  Path Group:             cpu_clk_clk_wiz_0
  Path Type:              Hold (Min at Fast Process Corner)
  Requirement:            0.000ns  (cpu_clk_clk_wiz_0 rise@0.000ns - cpu_clk_clk_wiz_0 rise@0.000ns)
  Data Path Delay:        0.389ns  (logic 0.141ns (36.209%)  route 0.248ns (63.791%))
  Logic Levels:           0  
  Clock Path Skew:        0.269ns (DCD - SCD - CPR)
    Destination Clock Delay (DCD):    -0.858ns
    Source Clock Delay      (SCD):    -0.618ns
    Clock Pessimism Removal (CPR):    -0.508ns

    Location             Delay type                Incr(ns)  Path(ns)    Netlist Resource(s)
  -------------------------------------------------------------------    -------------------
                         (clock cpu_clk_clk_wiz_0 rise edge)
                                                      0.000     0.000 r  
    W5                                                0.000     0.000 r  clk (IN)
                         net (fo=0)                   0.000     0.000    soc_top_inst/clk_wiz_0/inst/sys_clk
    W5                   IBUF (Prop_ibuf_I_O)         0.226     0.226 r  soc_top_inst/clk_wiz_0/inst/clkin1_ibufg/O
                         net (fo=1, routed)           0.440     0.667    soc_top_inst/clk_wiz_0/inst/sys_clk_clk_wiz_0
    MMCME2_ADV_X1Y0      MMCME2_ADV (Prop_mmcme2_adv_CLKIN1_CLKOUT0)
                                                     -2.360    -1.693 r  soc_top_inst/clk_wiz_0/inst/mmcm_adv_inst/CLKOUT0
                         net (fo=1, routed)           0.486    -1.207    soc_top_inst/clk_wiz_0/inst/cpu_clk_clk_wiz_0
    BUFGCTRL_X0Y0        BUFG (Prop_bufg_I_O)         0.026    -1.181 r  soc_top_inst/clk_wiz_0/inst/clkout1_buf/O
                         net (fo=5478, routed)        0.563    -0.618    soc_top_inst/mycpu_top_inst/VTop_inst/core/cpu_clk
    SLICE_X35Y48         FDRE                                         r  soc_top_inst/mycpu_top_inst/VTop_inst/core/mem_r_reg[pc][44]/C
  -------------------------------------------------------------------    -------------------
    SLICE_X35Y48         FDRE (Prop_fdre_C_Q)         0.141    -0.477 r  soc_top_inst/mycpu_top_inst/VTop_inst/core/mem_r_reg[pc][44]/Q
                         net (fo=1, routed)           0.248    -0.229    soc_top_inst/mycpu_top_inst/VTop_inst/core/mem_r_reg[pc_n_0_][44]
    SLICE_X29Y50         FDRE                                         r  soc_top_inst/mycpu_top_inst/VTop_inst/core/wb_r_reg[pc][44]/D
  -------------------------------------------------------------------    -------------------

                         (clock cpu_clk_clk_wiz_0 rise edge)
                                                      0.000     0.000 r  
    W5                                                0.000     0.000 r  clk (IN)
                         net (fo=0)                   0.000     0.000    soc_top_inst/clk_wiz_0/inst/sys_clk
    W5                   IBUF (Prop_ibuf_I_O)         0.414     0.414 r  soc_top_inst/clk_wiz_0/inst/clkin1_ibufg/O
                         net (fo=1, routed)           0.480     0.894    soc_top_inst/clk_wiz_0/inst/sys_clk_clk_wiz_0
    MMCME2_ADV_X1Y0      MMCME2_ADV (Prop_mmcme2_adv_CLKIN1_CLKOUT0)
                                                     -3.142    -2.248 r  soc_top_inst/clk_wiz_0/inst/mmcm_adv_inst/CLKOUT0
                         net (fo=1, routed)           0.530    -1.718    soc_top_inst/clk_wiz_0/inst/cpu_clk_clk_wiz_0
    BUFGCTRL_X0Y0        BUFG (Prop_bufg_I_O)         0.029    -1.689 r  soc_top_inst/clk_wiz_0/inst/clkout1_buf/O
                         net (fo=5478, routed)        0.832    -0.858    soc_top_inst/mycpu_top_inst/VTop_inst/core/cpu_clk
    SLICE_X29Y50         FDRE                                         r  soc_top_inst/mycpu_top_inst/VTop_inst/core/wb_r_reg[pc][44]/C
                         clock pessimism              0.508    -0.349    
    SLICE_X29Y50         FDRE (Hold_fdre_C_D)         0.070    -0.279    soc_top_inst/mycpu_top_inst/VTop_inst/core/wb_r_reg[pc][44]
  -------------------------------------------------------------------
                         required time                          0.279    
                         arrival time                          -0.229    
  -------------------------------------------------------------------
                         slack                                  0.051    

Slack (MET) :             0.051ns  (arrival time - required time)
  Source:                 soc_top_inst/bram_wrapper_inst/latched_wdata_reg[54]/C
                            (rising edge-triggered cell FDRE clocked by cpu_clk_clk_wiz_0  {rise@0.000ns fall@20.000ns period=40.000ns})
  Destination:            soc_top_inst/bram_wrapper_inst/bram_0_inst/U0/inst_blk_mem_gen/gnbram.gnativebmg.native_blk_mem_gen/valid.cstr/ramloop[33].ram.r/prim_init.ram/DEVICE_7SERIES.NO_BMM_INFO.SP.SIMPLE_PRIM36.ram/DIADI[6]
                            (rising edge-triggered cell RAMB36E1 clocked by cpu_clk_clk_wiz_0  {rise@0.000ns fall@20.000ns period=40.000ns})
  Path Group:             cpu_clk_clk_wiz_0
  Path Type:              Hold (Min at Fast Process Corner)
  Requirement:            0.000ns  (cpu_clk_clk_wiz_0 rise@0.000ns - cpu_clk_clk_wiz_0 rise@0.000ns)
  Data Path Delay:        0.266ns  (logic 0.141ns (52.958%)  route 0.125ns (47.042%))
  Logic Levels:           0  
  Clock Path Skew:        0.060ns (DCD - SCD - CPR)
    Destination Clock Delay (DCD):    -0.811ns
    Source Clock Delay      (SCD):    -0.617ns
    Clock Pessimism Removal (CPR):    -0.254ns

    Location             Delay type                Incr(ns)  Path(ns)    Netlist Resource(s)
  -------------------------------------------------------------------    -------------------
                         (clock cpu_clk_clk_wiz_0 rise edge)
                                                      0.000     0.000 r  
    W5                                                0.000     0.000 r  clk (IN)
                         net (fo=0)                   0.000     0.000    soc_top_inst/clk_wiz_0/inst/sys_clk
    W5                   IBUF (Prop_ibuf_I_O)         0.226     0.226 r  soc_top_inst/clk_wiz_0/inst/clkin1_ibufg/O
                         net (fo=1, routed)           0.440     0.667    soc_top_inst/clk_wiz_0/inst/sys_clk_clk_wiz_0
    MMCME2_ADV_X1Y0      MMCME2_ADV (Prop_mmcme2_adv_CLKIN1_CLKOUT0)
                                                     -2.360    -1.693 r  soc_top_inst/clk_wiz_0/inst/mmcm_adv_inst/CLKOUT0
                         net (fo=1, routed)           0.486    -1.207    soc_top_inst/clk_wiz_0/inst/cpu_clk_clk_wiz_0
    BUFGCTRL_X0Y0        BUFG (Prop_bufg_I_O)         0.026    -1.181 r  soc_top_inst/clk_wiz_0/inst/clkout1_buf/O
                         net (fo=5478, routed)        0.564    -0.617    soc_top_inst/bram_wrapper_inst/cpu_clk
    SLICE_X48Y39         FDRE                                         r  soc_top_inst/bram_wrapper_inst/latched_wdata_reg[54]/C
  -------------------------------------------------------------------    -------------------
    SLICE_X48Y39         FDRE (Prop_fdre_C_Q)         0.141    -0.476 r  soc_top_inst/bram_wrapper_inst/latched_wdata_reg[54]/Q
                         net (fo=6, routed)           0.125    -0.351    soc_top_inst/bram_wrapper_inst/bram_0_inst/U0/inst_blk_mem_gen/gnbram.gnativebmg.native_blk_mem_gen/valid.cstr/ramloop[33].ram.r/prim_init.ram/dina[6]
    RAMB36_X1Y8          RAMB36E1                                     r  soc_top_inst/bram_wrapper_inst/bram_0_inst/U0/inst_blk_mem_gen/gnbram.gnativebmg.native_blk_mem_gen/valid.cstr/ramloop[33].ram.r/prim_init.ram/DEVICE_7SERIES.NO_BMM_INFO.SP.SIMPLE_PRIM36.ram/DIADI[6]
  -------------------------------------------------------------------    -------------------

                         (clock cpu_clk_clk_wiz_0 rise edge)
                                                      0.000     0.000 r  
    W5                                                0.000     0.000 r  clk (IN)
                         net (fo=0)                   0.000     0.000    soc_top_inst/clk_wiz_0/inst/sys_clk
    W5                   IBUF (Prop_ibuf_I_O)         0.414     0.414 r  soc_top_inst/clk_wiz_0/inst/clkin1_ibufg/O
                         net (fo=1, routed)           0.480     0.894    soc_top_inst/clk_wiz_0/inst/sys_clk_clk_wiz_0
    MMCME2_ADV_X1Y0      MMCME2_ADV (Prop_mmcme2_adv_CLKIN1_CLKOUT0)
                                                     -3.142    -2.248 r  soc_top_inst/clk_wiz_0/inst/mmcm_adv_inst/CLKOUT0
                         net (fo=1, routed)           0.530    -1.718    soc_top_inst/clk_wiz_0/inst/cpu_clk_clk_wiz_0
    BUFGCTRL_X0Y0        BUFG (Prop_bufg_I_O)         0.029    -1.689 r  soc_top_inst/clk_wiz_0/inst/clkout1_buf/O
                         net (fo=5478, routed)        0.878    -0.811    soc_top_inst/bram_wrapper_inst/bram_0_inst/U0/inst_blk_mem_gen/gnbram.gnativebmg.native_blk_mem_gen/valid.cstr/ramloop[33].ram.r/prim_init.ram/clka
    RAMB36_X1Y8          RAMB36E1                                     r  soc_top_inst/bram_wrapper_inst/bram_0_inst/U0/inst_blk_mem_gen/gnbram.gnativebmg.native_blk_mem_gen/valid.cstr/ramloop[33].ram.r/prim_init.ram/DEVICE_7SERIES.NO_BMM_INFO.SP.SIMPLE_PRIM36.ram/CLKARDCLK
                         clock pessimism              0.254    -0.557    
    RAMB36_X1Y8          RAMB36E1 (Hold_ramb36e1_CLKARDCLK_DIADI[6])
                                                      0.155    -0.402    soc_top_inst/bram_wrapper_inst/bram_0_inst/U0/inst_blk_mem_gen/gnbram.gnativebmg.native_blk_mem_gen/valid.cstr/ramloop[33].ram.r/prim_init.ram/DEVICE_7SERIES.NO_BMM_INFO.SP.SIMPLE_PRIM36.ram
  -------------------------------------------------------------------
                         required time                          0.402    
                         arrival time                          -0.351    
  -------------------------------------------------------------------
                         slack                                  0.051    

Slack (MET) :             0.053ns  (arrival time - required time)
  Source:                 soc_top_inst/mycpu_top_inst/VTop_inst/core/mem_r_reg[pc][59]/C
                            (rising edge-triggered cell FDRE clocked by cpu_clk_clk_wiz_0  {rise@0.000ns fall@20.000ns period=40.000ns})
  Destination:            soc_top_inst/mycpu_top_inst/VTop_inst/core/wb_r_reg[pc][59]/D
                            (rising edge-triggered cell FDRE clocked by cpu_clk_clk_wiz_0  {rise@0.000ns fall@20.000ns period=40.000ns})
  Path Group:             cpu_clk_clk_wiz_0
  Path Type:              Hold (Min at Fast Process Corner)
  Requirement:            0.000ns  (cpu_clk_clk_wiz_0 rise@0.000ns - cpu_clk_clk_wiz_0 rise@0.000ns)
  Data Path Delay:        0.391ns  (logic 0.141ns (36.024%)  route 0.250ns (63.976%))
  Logic Levels:           0  
  Clock Path Skew:        0.269ns (DCD - SCD - CPR)
    Destination Clock Delay (DCD):    -0.858ns
    Source Clock Delay      (SCD):    -0.618ns
    Clock Pessimism Removal (CPR):    -0.508ns

    Location             Delay type                Incr(ns)  Path(ns)    Netlist Resource(s)
  -------------------------------------------------------------------    -------------------
                         (clock cpu_clk_clk_wiz_0 rise edge)
                                                      0.000     0.000 r  
    W5                                                0.000     0.000 r  clk (IN)
                         net (fo=0)                   0.000     0.000    soc_top_inst/clk_wiz_0/inst/sys_clk
    W5                   IBUF (Prop_ibuf_I_O)         0.226     0.226 r  soc_top_inst/clk_wiz_0/inst/clkin1_ibufg/O
                         net (fo=1, routed)           0.440     0.667    soc_top_inst/clk_wiz_0/inst/sys_clk_clk_wiz_0
    MMCME2_ADV_X1Y0      MMCME2_ADV (Prop_mmcme2_adv_CLKIN1_CLKOUT0)
                                                     -2.360    -1.693 r  soc_top_inst/clk_wiz_0/inst/mmcm_adv_inst/CLKOUT0
                         net (fo=1, routed)           0.486    -1.207    soc_top_inst/clk_wiz_0/inst/cpu_clk_clk_wiz_0
    BUFGCTRL_X0Y0        BUFG (Prop_bufg_I_O)         0.026    -1.181 r  soc_top_inst/clk_wiz_0/inst/clkout1_buf/O
                         net (fo=5478, routed)        0.563    -0.618    soc_top_inst/mycpu_top_inst/VTop_inst/core/cpu_clk
    SLICE_X35Y48         FDRE                                         r  soc_top_inst/mycpu_top_inst/VTop_inst/core/mem_r_reg[pc][59]/C
  -------------------------------------------------------------------    -------------------
    SLICE_X35Y48         FDRE (Prop_fdre_C_Q)         0.141    -0.477 r  soc_top_inst/mycpu_top_inst/VTop_inst/core/mem_r_reg[pc][59]/Q
                         net (fo=1, routed)           0.250    -0.227    soc_top_inst/mycpu_top_inst/VTop_inst/core/mem_r_reg[pc_n_0_][59]
    SLICE_X29Y50         FDRE                                         r  soc_top_inst/mycpu_top_inst/VTop_inst/core/wb_r_reg[pc][59]/D
  -------------------------------------------------------------------    -------------------

                         (clock cpu_clk_clk_wiz_0 rise edge)
                                                      0.000     0.000 r  
    W5                                                0.000     0.000 r  clk (IN)
                         net (fo=0)                   0.000     0.000    soc_top_inst/clk_wiz_0/inst/sys_clk
    W5                   IBUF (Prop_ibuf_I_O)         0.414     0.414 r  soc_top_inst/clk_wiz_0/inst/clkin1_ibufg/O
                         net (fo=1, routed)           0.480     0.894    soc_top_inst/clk_wiz_0/inst/sys_clk_clk_wiz_0
    MMCME2_ADV_X1Y0      MMCME2_ADV (Prop_mmcme2_adv_CLKIN1_CLKOUT0)
                                                     -3.142    -2.248 r  soc_top_inst/clk_wiz_0/inst/mmcm_adv_inst/CLKOUT0
                         net (fo=1, routed)           0.530    -1.718    soc_top_inst/clk_wiz_0/inst/cpu_clk_clk_wiz_0
    BUFGCTRL_X0Y0        BUFG (Prop_bufg_I_O)         0.029    -1.689 r  soc_top_inst/clk_wiz_0/inst/clkout1_buf/O
                         net (fo=5478, routed)        0.832    -0.858    soc_top_inst/mycpu_top_inst/VTop_inst/core/cpu_clk
    SLICE_X29Y50         FDRE                                         r  soc_top_inst/mycpu_top_inst/VTop_inst/core/wb_r_reg[pc][59]/C
                         clock pessimism              0.508    -0.349    
    SLICE_X29Y50         FDRE (Hold_fdre_C_D)         0.070    -0.279    soc_top_inst/mycpu_top_inst/VTop_inst/core/wb_r_reg[pc][59]
  -------------------------------------------------------------------
                         required time                          0.279    
                         arrival time                          -0.227    
  -------------------------------------------------------------------
                         slack                                  0.053    

Slack (MET) :             0.056ns  (arrival time - required time)
  Source:                 soc_top_inst/mycpu_top_inst/VTop_inst/core/fetch_req_pc_reg[8]/C
                            (rising edge-triggered cell FDRE clocked by cpu_clk_clk_wiz_0  {rise@0.000ns fall@20.000ns period=40.000ns})
  Destination:            soc_top_inst/mycpu_top_inst/VTop_inst/core/fetch_buf_pc_reg[8]/D
                            (rising edge-triggered cell FDRE clocked by cpu_clk_clk_wiz_0  {rise@0.000ns fall@20.000ns period=40.000ns})
  Path Group:             cpu_clk_clk_wiz_0
  Path Type:              Hold (Min at Fast Process Corner)
  Requirement:            0.000ns  (cpu_clk_clk_wiz_0 rise@0.000ns - cpu_clk_clk_wiz_0 rise@0.000ns)
  Data Path Delay:        0.391ns  (logic 0.141ns (36.024%)  route 0.250ns (63.976%))
  Logic Levels:           0  
  Clock Path Skew:        0.263ns (DCD - SCD - CPR)
    Destination Clock Delay (DCD):    -0.868ns
    Source Clock Delay      (SCD):    -0.627ns
    Clock Pessimism Removal (CPR):    -0.503ns

    Location             Delay type                Incr(ns)  Path(ns)    Netlist Resource(s)
  -------------------------------------------------------------------    -------------------
                         (clock cpu_clk_clk_wiz_0 rise edge)
                                                      0.000     0.000 r  
    W5                                                0.000     0.000 r  clk (IN)
                         net (fo=0)                   0.000     0.000    soc_top_inst/clk_wiz_0/inst/sys_clk
    W5                   IBUF (Prop_ibuf_I_O)         0.226     0.226 r  soc_top_inst/clk_wiz_0/inst/clkin1_ibufg/O
                         net (fo=1, routed)           0.440     0.667    soc_top_inst/clk_wiz_0/inst/sys_clk_clk_wiz_0
    MMCME2_ADV_X1Y0      MMCME2_ADV (Prop_mmcme2_adv_CLKIN1_CLKOUT0)
                                                     -2.360    -1.693 r  soc_top_inst/clk_wiz_0/inst/mmcm_adv_inst/CLKOUT0
                         net (fo=1, routed)           0.486    -1.207    soc_top_inst/clk_wiz_0/inst/cpu_clk_clk_wiz_0
    BUFGCTRL_X0Y0        BUFG (Prop_bufg_I_O)         0.026    -1.181 r  soc_top_inst/clk_wiz_0/inst/clkout1_buf/O
                         net (fo=5478, routed)        0.554    -0.627    soc_top_inst/mycpu_top_inst/VTop_inst/core/cpu_clk
    SLICE_X35Y30         FDRE                                         r  soc_top_inst/mycpu_top_inst/VTop_inst/core/fetch_req_pc_reg[8]/C
  -------------------------------------------------------------------    -------------------
    SLICE_X35Y30         FDRE (Prop_fdre_C_Q)         0.141    -0.486 r  soc_top_inst/mycpu_top_inst/VTop_inst/core/fetch_req_pc_reg[8]/Q
                         net (fo=4, routed)           0.250    -0.236    soc_top_inst/mycpu_top_inst/VTop_inst/core/fetch_req_pc[8]
    SLICE_X45Y28         FDRE                                         r  soc_top_inst/mycpu_top_inst/VTop_inst/core/fetch_buf_pc_reg[8]/D
  -------------------------------------------------------------------    -------------------

                         (clock cpu_clk_clk_wiz_0 rise edge)
                                                      0.000     0.000 r  
    W5                                                0.000     0.000 r  clk (IN)
                         net (fo=0)                   0.000     0.000    soc_top_inst/clk_wiz_0/inst/sys_clk
    W5                   IBUF (Prop_ibuf_I_O)         0.414     0.414 r  soc_top_inst/clk_wiz_0/inst/clkin1_ibufg/O
                         net (fo=1, routed)           0.480     0.894    soc_top_inst/clk_wiz_0/inst/sys_clk_clk_wiz_0
    MMCME2_ADV_X1Y0      MMCME2_ADV (Prop_mmcme2_adv_CLKIN1_CLKOUT0)
                                                     -3.142    -2.248 r  soc_top_inst/clk_wiz_0/inst/mmcm_adv_inst/CLKOUT0
                         net (fo=1, routed)           0.530    -1.718    soc_top_inst/clk_wiz_0/inst/cpu_clk_clk_wiz_0
    BUFGCTRL_X0Y0        BUFG (Prop_bufg_I_O)         0.029    -1.689 r  soc_top_inst/clk_wiz_0/inst/clkout1_buf/O
                         net (fo=5478, routed)        0.822    -0.868    soc_top_inst/mycpu_top_inst/VTop_inst/core/cpu_clk
    SLICE_X45Y28         FDRE                                         r  soc_top_inst/mycpu_top_inst/VTop_inst/core/fetch_buf_pc_reg[8]/C
                         clock pessimism              0.503    -0.364    
    SLICE_X45Y28         FDRE (Hold_fdre_C_D)         0.072    -0.292    soc_top_inst/mycpu_top_inst/VTop_inst/core/fetch_buf_pc_reg[8]
  -------------------------------------------------------------------
                         required time                          0.292    
                         arrival time                          -0.236    
  -------------------------------------------------------------------
                         slack                                  0.056    

Slack (MET) :             0.066ns  (arrival time - required time)
  Source:                 soc_top_inst/mycpu_top_inst/VTop_inst/core/ex_r_reg[pc][47]/C
                            (rising edge-triggered cell FDRE clocked by cpu_clk_clk_wiz_0  {rise@0.000ns fall@20.000ns period=40.000ns})
  Destination:            soc_top_inst/mycpu_top_inst/VTop_inst/core/mem_r_reg[pc][47]/D
                            (rising edge-triggered cell FDRE clocked by cpu_clk_clk_wiz_0  {rise@0.000ns fall@20.000ns period=40.000ns})
  Path Group:             cpu_clk_clk_wiz_0
  Path Type:              Hold (Min at Fast Process Corner)
  Requirement:            0.000ns  (cpu_clk_clk_wiz_0 rise@0.000ns - cpu_clk_clk_wiz_0 rise@0.000ns)
  Data Path Delay:        0.339ns  (logic 0.128ns (37.768%)  route 0.211ns (62.232%))
  Logic Levels:           0  
  Clock Path Skew:        0.263ns (DCD - SCD - CPR)
    Destination Clock Delay (DCD):    -0.859ns
    Source Clock Delay      (SCD):    -0.618ns
    Clock Pessimism Removal (CPR):    -0.503ns

    Location             Delay type                Incr(ns)  Path(ns)    Netlist Resource(s)
  -------------------------------------------------------------------    -------------------
                         (clock cpu_clk_clk_wiz_0 rise edge)
                                                      0.000     0.000 r  
    W5                                                0.000     0.000 r  clk (IN)
                         net (fo=0)                   0.000     0.000    soc_top_inst/clk_wiz_0/inst/sys_clk
    W5                   IBUF (Prop_ibuf_I_O)         0.226     0.226 r  soc_top_inst/clk_wiz_0/inst/clkin1_ibufg/O
                         net (fo=1, routed)           0.440     0.667    soc_top_inst/clk_wiz_0/inst/sys_clk_clk_wiz_0
    MMCME2_ADV_X1Y0      MMCME2_ADV (Prop_mmcme2_adv_CLKIN1_CLKOUT0)
                                                     -2.360    -1.693 r  soc_top_inst/clk_wiz_0/inst/mmcm_adv_inst/CLKOUT0
                         net (fo=1, routed)           0.486    -1.207    soc_top_inst/clk_wiz_0/inst/cpu_clk_clk_wiz_0
    BUFGCTRL_X0Y0        BUFG (Prop_bufg_I_O)         0.026    -1.181 r  soc_top_inst/clk_wiz_0/inst/clkout1_buf/O
                         net (fo=5478, routed)        0.563    -0.618    soc_top_inst/mycpu_top_inst/VTop_inst/core/cpu_clk
    SLICE_X36Y44         FDRE                                         r  soc_top_inst/mycpu_top_inst/VTop_inst/core/ex_r_reg[pc][47]/C
  -------------------------------------------------------------------    -------------------
    SLICE_X36Y44         FDRE (Prop_fdre_C_Q)         0.128    -0.490 r  soc_top_inst/mycpu_top_inst/VTop_inst/core/ex_r_reg[pc][47]/Q
                         net (fo=4, routed)           0.211    -0.279    soc_top_inst/mycpu_top_inst/VTop_inst/core/ex_r_reg[pc_n_0_][47]
    SLICE_X34Y45         FDRE                                         r  soc_top_inst/mycpu_top_inst/VTop_inst/core/mem_r_reg[pc][47]/D
  -------------------------------------------------------------------    -------------------

                         (clock cpu_clk_clk_wiz_0 rise edge)
                                                      0.000     0.000 r  
    W5                                                0.000     0.000 r  clk (IN)
                         net (fo=0)                   0.000     0.000    soc_top_inst/clk_wiz_0/inst/sys_clk
    W5                   IBUF (Prop_ibuf_I_O)         0.414     0.414 r  soc_top_inst/clk_wiz_0/inst/clkin1_ibufg/O
                         net (fo=1, routed)           0.480     0.894    soc_top_inst/clk_wiz_0/inst/sys_clk_clk_wiz_0
    MMCME2_ADV_X1Y0      MMCME2_ADV (Prop_mmcme2_adv_CLKIN1_CLKOUT0)
                                                     -3.142    -2.248 r  soc_top_inst/clk_wiz_0/inst/mmcm_adv_inst/CLKOUT0
                         net (fo=1, routed)           0.530    -1.718    soc_top_inst/clk_wiz_0/inst/cpu_clk_clk_wiz_0
    BUFGCTRL_X0Y0        BUFG (Prop_bufg_I_O)         0.029    -1.689 r  soc_top_inst/clk_wiz_0/inst/clkout1_buf/O
                         net (fo=5478, routed)        0.831    -0.859    soc_top_inst/mycpu_top_inst/VTop_inst/core/cpu_clk
    SLICE_X34Y45         FDRE                                         r  soc_top_inst/mycpu_top_inst/VTop_inst/core/mem_r_reg[pc][47]/C
                         clock pessimism              0.503    -0.355    
    SLICE_X34Y45         FDRE (Hold_fdre_C_D)         0.010    -0.345    soc_top_inst/mycpu_top_inst/VTop_inst/core/mem_r_reg[pc][47]
  -------------------------------------------------------------------
                         required time                          0.345    
                         arrival time                          -0.279    
  -------------------------------------------------------------------
                         slack                                  0.066    

Slack (MET) :             0.071ns  (arrival time - required time)
  Source:                 soc_top_inst/mycpu_top_inst/VTop_inst/core/mem_r_reg[is_misalign]/C
                            (rising edge-triggered cell FDRE clocked by cpu_clk_clk_wiz_0  {rise@0.000ns fall@20.000ns period=40.000ns})
  Destination:            soc_top_inst/mycpu_top_inst/VTop_inst/core/wb_r_reg[is_misalign]/D
                            (rising edge-triggered cell FDRE clocked by cpu_clk_clk_wiz_0  {rise@0.000ns fall@20.000ns period=40.000ns})
  Path Group:             cpu_clk_clk_wiz_0
  Path Type:              Hold (Min at Fast Process Corner)
  Requirement:            0.000ns  (cpu_clk_clk_wiz_0 rise@0.000ns - cpu_clk_clk_wiz_0 rise@0.000ns)
  Data Path Delay:        0.401ns  (logic 0.164ns (40.914%)  route 0.237ns (59.086%))
  Logic Levels:           0  
  Clock Path Skew:        0.260ns (DCD - SCD - CPR)
    Destination Clock Delay (DCD):    -0.872ns
    Source Clock Delay      (SCD):    -0.628ns
    Clock Pessimism Removal (CPR):    -0.503ns

    Location             Delay type                Incr(ns)  Path(ns)    Netlist Resource(s)
  -------------------------------------------------------------------    -------------------
                         (clock cpu_clk_clk_wiz_0 rise edge)
                                                      0.000     0.000 r  
    W5                                                0.000     0.000 r  clk (IN)
                         net (fo=0)                   0.000     0.000    soc_top_inst/clk_wiz_0/inst/sys_clk
    W5                   IBUF (Prop_ibuf_I_O)         0.226     0.226 r  soc_top_inst/clk_wiz_0/inst/clkin1_ibufg/O
                         net (fo=1, routed)           0.440     0.667    soc_top_inst/clk_wiz_0/inst/sys_clk_clk_wiz_0
    MMCME2_ADV_X1Y0      MMCME2_ADV (Prop_mmcme2_adv_CLKIN1_CLKOUT0)
                                                     -2.360    -1.693 r  soc_top_inst/clk_wiz_0/inst/mmcm_adv_inst/CLKOUT0
                         net (fo=1, routed)           0.486    -1.207    soc_top_inst/clk_wiz_0/inst/cpu_clk_clk_wiz_0
    BUFGCTRL_X0Y0        BUFG (Prop_bufg_I_O)         0.026    -1.181 r  soc_top_inst/clk_wiz_0/inst/clkout1_buf/O
                         net (fo=5478, routed)        0.553    -0.628    soc_top_inst/mycpu_top_inst/VTop_inst/core/cpu_clk
    SLICE_X38Y28         FDRE                                         r  soc_top_inst/mycpu_top_inst/VTop_inst/core/mem_r_reg[is_misalign]/C
  -------------------------------------------------------------------    -------------------
    SLICE_X38Y28         FDRE (Prop_fdre_C_Q)         0.164    -0.464 r  soc_top_inst/mycpu_top_inst/VTop_inst/core/mem_r_reg[is_misalign]/Q
                         net (fo=1, routed)           0.237    -0.228    soc_top_inst/mycpu_top_inst/VTop_inst/core/mem_r_reg[is_misalign_n_0_]
    SLICE_X28Y26         FDRE                                         r  soc_top_inst/mycpu_top_inst/VTop_inst/core/wb_r_reg[is_misalign]/D
  -------------------------------------------------------------------    -------------------

                         (clock cpu_clk_clk_wiz_0 rise edge)
                                                      0.000     0.000 r  
    W5                                                0.000     0.000 r  clk (IN)
                         net (fo=0)                   0.000     0.000    soc_top_inst/clk_wiz_0/inst/sys_clk
    W5                   IBUF (Prop_ibuf_I_O)         0.414     0.414 r  soc_top_inst/clk_wiz_0/inst/clkin1_ibufg/O
                         net (fo=1, routed)           0.480     0.894    soc_top_inst/clk_wiz_0/inst/sys_clk_clk_wiz_0
    MMCME2_ADV_X1Y0      MMCME2_ADV (Prop_mmcme2_adv_CLKIN1_CLKOUT0)
                                                     -3.142    -2.248 r  soc_top_inst/clk_wiz_0/inst/mmcm_adv_inst/CLKOUT0
                         net (fo=1, routed)           0.530    -1.718    soc_top_inst/clk_wiz_0/inst/cpu_clk_clk_wiz_0
    BUFGCTRL_X0Y0        BUFG (Prop_bufg_I_O)         0.029    -1.689 r  soc_top_inst/clk_wiz_0/inst/clkout1_buf/O
                         net (fo=5478, routed)        0.818    -0.872    soc_top_inst/mycpu_top_inst/VTop_inst/core/cpu_clk
    SLICE_X28Y26         FDRE                                         r  soc_top_inst/mycpu_top_inst/VTop_inst/core/wb_r_reg[is_misalign]/C
                         clock pessimism              0.503    -0.368    
    SLICE_X28Y26         FDRE (Hold_fdre_C_D)         0.070    -0.298    soc_top_inst/mycpu_top_inst/VTop_inst/core/wb_r_reg[is_misalign]
  -------------------------------------------------------------------
                         required time                          0.298    
                         arrival time                          -0.228    
  -------------------------------------------------------------------
                         slack                                  0.071    

Slack (MET) :             0.075ns  (arrival time - required time)
  Source:                 soc_top_inst/mycpu_top_inst/VTop_inst/core/ex_r_reg[instr][25]/C
                            (rising edge-triggered cell FDRE clocked by cpu_clk_clk_wiz_0  {rise@0.000ns fall@20.000ns period=40.000ns})
  Destination:            soc_top_inst/mycpu_top_inst/VTop_inst/core/mem_r_reg[csr_addr][5]/D
                            (rising edge-triggered cell FDRE clocked by cpu_clk_clk_wiz_0  {rise@0.000ns fall@20.000ns period=40.000ns})
  Path Group:             cpu_clk_clk_wiz_0
  Path Type:              Hold (Min at Fast Process Corner)
  Requirement:            0.000ns  (cpu_clk_clk_wiz_0 rise@0.000ns - cpu_clk_clk_wiz_0 rise@0.000ns)
  Data Path Delay:        0.407ns  (logic 0.141ns (34.665%)  route 0.266ns (65.335%))
  Logic Levels:           0  
  Clock Path Skew:        0.266ns (DCD - SCD - CPR)
    Destination Clock Delay (DCD):    -0.863ns
    Source Clock Delay      (SCD):    -0.625ns
    Clock Pessimism Removal (CPR):    -0.503ns

    Location             Delay type                Incr(ns)  Path(ns)    Netlist Resource(s)
  -------------------------------------------------------------------    -------------------
                         (clock cpu_clk_clk_wiz_0 rise edge)
                                                      0.000     0.000 r  
    W5                                                0.000     0.000 r  clk (IN)
                         net (fo=0)                   0.000     0.000    soc_top_inst/clk_wiz_0/inst/sys_clk
    W5                   IBUF (Prop_ibuf_I_O)         0.226     0.226 r  soc_top_inst/clk_wiz_0/inst/clkin1_ibufg/O
                         net (fo=1, routed)           0.440     0.667    soc_top_inst/clk_wiz_0/inst/sys_clk_clk_wiz_0
    MMCME2_ADV_X1Y0      MMCME2_ADV (Prop_mmcme2_adv_CLKIN1_CLKOUT0)
                                                     -2.360    -1.693 r  soc_top_inst/clk_wiz_0/inst/mmcm_adv_inst/CLKOUT0
                         net (fo=1, routed)           0.486    -1.207    soc_top_inst/clk_wiz_0/inst/cpu_clk_clk_wiz_0
    BUFGCTRL_X0Y0        BUFG (Prop_bufg_I_O)         0.026    -1.181 r  soc_top_inst/clk_wiz_0/inst/clkout1_buf/O
                         net (fo=5478, routed)        0.556    -0.625    soc_top_inst/mycpu_top_inst/VTop_inst/core/cpu_clk
    SLICE_X36Y31         FDRE                                         r  soc_top_inst/mycpu_top_inst/VTop_inst/core/ex_r_reg[instr][25]/C
  -------------------------------------------------------------------    -------------------
    SLICE_X36Y31         FDRE (Prop_fdre_C_Q)         0.141    -0.484 r  soc_top_inst/mycpu_top_inst/VTop_inst/core/ex_r_reg[instr][25]/Q
                         net (fo=4, routed)           0.266    -0.219    soc_top_inst/mycpu_top_inst/VTop_inst/core/ex_r_reg[instr_n_0_][25]
    SLICE_X33Y35         FDRE                                         r  soc_top_inst/mycpu_top_inst/VTop_inst/core/mem_r_reg[csr_addr][5]/D
  -------------------------------------------------------------------    -------------------

                         (clock cpu_clk_clk_wiz_0 rise edge)
                                                      0.000     0.000 r  
    W5                                                0.000     0.000 r  clk (IN)
                         net (fo=0)                   0.000     0.000    soc_top_inst/clk_wiz_0/inst/sys_clk
    W5                   IBUF (Prop_ibuf_I_O)         0.414     0.414 r  soc_top_inst/clk_wiz_0/inst/clkin1_ibufg/O
                         net (fo=1, routed)           0.480     0.894    soc_top_inst/clk_wiz_0/inst/sys_clk_clk_wiz_0
    MMCME2_ADV_X1Y0      MMCME2_ADV (Prop_mmcme2_adv_CLKIN1_CLKOUT0)
                                                     -3.142    -2.248 r  soc_top_inst/clk_wiz_0/inst/mmcm_adv_inst/CLKOUT0
                         net (fo=1, routed)           0.530    -1.718    soc_top_inst/clk_wiz_0/inst/cpu_clk_clk_wiz_0
    BUFGCTRL_X0Y0        BUFG (Prop_bufg_I_O)         0.029    -1.689 r  soc_top_inst/clk_wiz_0/inst/clkout1_buf/O
                         net (fo=5478, routed)        0.827    -0.863    soc_top_inst/mycpu_top_inst/VTop_inst/core/cpu_clk
    SLICE_X33Y35         FDRE                                         r  soc_top_inst/mycpu_top_inst/VTop_inst/core/mem_r_reg[csr_addr][5]/C
                         clock pessimism              0.503    -0.359    
    SLICE_X33Y35         FDRE (Hold_fdre_C_D)         0.066    -0.293    soc_top_inst/mycpu_top_inst/VTop_inst/core/mem_r_reg[csr_addr][5]
  -------------------------------------------------------------------
                         required time                          0.293    
                         arrival time                          -0.219    
  -------------------------------------------------------------------
                         slack                                  0.075    





Pulse Width Checks
--------------------------------------------------------------------------------------
Clock Name:         cpu_clk_clk_wiz_0
Waveform(ns):       { 0.000 20.000 }
Period(ns):         40.000
Sources:            { soc_top_inst/clk_wiz_0/inst/mmcm_adv_inst/CLKOUT0 }

Check Type        Corner  Lib Pin             Reference Pin  Required(ns)  Actual(ns)  Slack(ns)  Location         Pin
Min Period        n/a     RAMB36E1/CLKARDCLK  n/a            2.576         40.000      37.424     RAMB36_X2Y2      soc_top_inst/bram_wrapper_inst/bram_0_inst/U0/inst_blk_mem_gen/gnbram.gnativebmg.native_blk_mem_gen/valid.cstr/ramloop[15].ram.r/prim_init.ram/DEVICE_7SERIES.NO_BMM_INFO.SP.SIMPLE_PRIM36.ram/CLKARDCLK
Min Period        n/a     RAMB36E1/CLKBWRCLK  n/a            2.576         40.000      37.424     RAMB36_X2Y2      soc_top_inst/bram_wrapper_inst/bram_0_inst/U0/inst_blk_mem_gen/gnbram.gnativebmg.native_blk_mem_gen/valid.cstr/ramloop[15].ram.r/prim_init.ram/DEVICE_7SERIES.NO_BMM_INFO.SP.SIMPLE_PRIM36.ram/CLKBWRCLK
Min Period        n/a     RAMB36E1/CLKARDCLK  n/a            2.576         40.000      37.424     RAMB36_X2Y6      soc_top_inst/bram_wrapper_inst/bram_0_inst/U0/inst_blk_mem_gen/gnbram.gnativebmg.native_blk_mem_gen/valid.cstr/ramloop[20].ram.r/prim_init.ram/DEVICE_7SERIES.NO_BMM_INFO.SP.SIMPLE_PRIM36.ram/CLKARDCLK
Min Period        n/a     RAMB36E1/CLKBWRCLK  n/a            2.576         40.000      37.424     RAMB36_X2Y6      soc_top_inst/bram_wrapper_inst/bram_0_inst/U0/inst_blk_mem_gen/gnbram.gnativebmg.native_blk_mem_gen/valid.cstr/ramloop[20].ram.r/prim_init.ram/DEVICE_7SERIES.NO_BMM_INFO.SP.SIMPLE_PRIM36.ram/CLKBWRCLK
Min Period        n/a     RAMB36E1/CLKARDCLK  n/a            2.576         40.000      37.424     RAMB36_X1Y10     soc_top_inst/bram_wrapper_inst/bram_0_inst/U0/inst_blk_mem_gen/gnbram.gnativebmg.native_blk_mem_gen/valid.cstr/ramloop[26].ram.r/prim_init.ram/DEVICE_7SERIES.NO_BMM_INFO.SP.SIMPLE_PRIM36.ram/CLKARDCLK
Min Period        n/a     RAMB36E1/CLKBWRCLK  n/a            2.576         40.000      37.424     RAMB36_X1Y10     soc_top_inst/bram_wrapper_inst/bram_0_inst/U0/inst_blk_mem_gen/gnbram.gnativebmg.native_blk_mem_gen/valid.cstr/ramloop[26].ram.r/prim_init.ram/DEVICE_7SERIES.NO_BMM_INFO.SP.SIMPLE_PRIM36.ram/CLKBWRCLK
Min Period        n/a     RAMB36E1/CLKARDCLK  n/a            2.576         40.000      37.424     RAMB36_X2Y15     soc_top_inst/bram_wrapper_inst/bram_0_inst/U0/inst_blk_mem_gen/gnbram.gnativebmg.native_blk_mem_gen/valid.cstr/ramloop[31].ram.r/prim_init.ram/DEVICE_7SERIES.NO_BMM_INFO.SP.SIMPLE_PRIM36.ram/CLKARDCLK
Min Period        n/a     RAMB36E1/CLKBWRCLK  n/a            2.576         40.000      37.424     RAMB36_X2Y15     soc_top_inst/bram_wrapper_inst/bram_0_inst/U0/inst_blk_mem_gen/gnbram.gnativebmg.native_blk_mem_gen/valid.cstr/ramloop[31].ram.r/prim_init.ram/DEVICE_7SERIES.NO_BMM_INFO.SP.SIMPLE_PRIM36.ram/CLKBWRCLK
Min Period        n/a     RAMB36E1/CLKARDCLK  n/a            2.576         40.000      37.424     RAMB36_X1Y11     soc_top_inst/bram_wrapper_inst/bram_0_inst/U0/inst_blk_mem_gen/gnbram.gnativebmg.native_blk_mem_gen/valid.cstr/ramloop[37].ram.r/prim_init.ram/DEVICE_7SERIES.NO_BMM_INFO.SP.SIMPLE_PRIM36.ram/CLKARDCLK
Min Period        n/a     RAMB36E1/CLKBWRCLK  n/a            2.576         40.000      37.424     RAMB36_X1Y11     soc_top_inst/bram_wrapper_inst/bram_0_inst/U0/inst_blk_mem_gen/gnbram.gnativebmg.native_blk_mem_gen/valid.cstr/ramloop[37].ram.r/prim_init.ram/DEVICE_7SERIES.NO_BMM_INFO.SP.SIMPLE_PRIM36.ram/CLKBWRCLK
Max Period        n/a     MMCME2_ADV/CLKOUT0  n/a            213.360       40.000      173.360    MMCME2_ADV_X1Y0  soc_top_inst/clk_wiz_0/inst/mmcm_adv_inst/CLKOUT0
Low Pulse Width   Slow    RAMD64E/CLK         n/a            1.250         20.000      18.750     SLICE_X30Y37     soc_top_inst/device_inst/tx_fifo_reg_0_63_0_2/RAMA/CLK
Low Pulse Width   Slow    RAMD64E/CLK         n/a            1.250         20.000      18.750     SLICE_X30Y37     soc_top_inst/device_inst/tx_fifo_reg_0_63_0_2/RAMB/CLK
Low Pulse Width   Slow    RAMD64E/CLK         n/a            1.250         20.000      18.750     SLICE_X30Y37     soc_top_inst/device_inst/tx_fifo_reg_0_63_0_2/RAMC/CLK
Low Pulse Width   Slow    RAMD64E/CLK         n/a            1.250         20.000      18.750     SLICE_X30Y37     soc_top_inst/device_inst/tx_fifo_reg_0_63_0_2/RAMD/CLK
Low Pulse Width   Slow    RAMD64E/CLK         n/a            1.250         20.000      18.750     SLICE_X30Y39     soc_top_inst/device_inst/tx_fifo_reg_128_191_0_2/RAMA/CLK
Low Pulse Width   Fast    RAMD64E/CLK         n/a            1.250         20.000      18.750     SLICE_X30Y39     soc_top_inst/device_inst/tx_fifo_reg_128_191_0_2/RAMA/CLK
Low Pulse Width   Slow    RAMD64E/CLK         n/a            1.250         20.000      18.750     SLICE_X30Y39     soc_top_inst/device_inst/tx_fifo_reg_128_191_0_2/RAMB/CLK
Low Pulse Width   Fast    RAMD64E/CLK         n/a            1.250         20.000      18.750     SLICE_X30Y39     soc_top_inst/device_inst/tx_fifo_reg_128_191_0_2/RAMB/CLK
Low Pulse Width   Slow    RAMD64E/CLK         n/a            1.250         20.000      18.750     SLICE_X30Y39     soc_top_inst/device_inst/tx_fifo_reg_128_191_0_2/RAMC/CLK
Low Pulse Width   Fast    RAMD64E/CLK         n/a            1.250         20.000      18.750     SLICE_X30Y39     soc_top_inst/device_inst/tx_fifo_reg_128_191_0_2/RAMC/CLK
High Pulse Width  Slow    RAMD64E/CLK         n/a            1.250         20.000      18.750     SLICE_X30Y37     soc_top_inst/device_inst/tx_fifo_reg_0_63_0_2/RAMA/CLK
High Pulse Width  Fast    RAMD64E/CLK         n/a            1.250         20.000      18.750     SLICE_X30Y37     soc_top_inst/device_inst/tx_fifo_reg_0_63_0_2/RAMA/CLK
High Pulse Width  Slow    RAMD64E/CLK         n/a            1.250         20.000      18.750     SLICE_X30Y37     soc_top_inst/device_inst/tx_fifo_reg_0_63_0_2/RAMB/CLK
High Pulse Width  Fast    RAMD64E/CLK         n/a            1.250         20.000      18.750     SLICE_X30Y37     soc_top_inst/device_inst/tx_fifo_reg_0_63_0_2/RAMB/CLK
High Pulse Width  Slow    RAMD64E/CLK         n/a            1.250         20.000      18.750     SLICE_X30Y37     soc_top_inst/device_inst/tx_fifo_reg_0_63_0_2/RAMC/CLK
High Pulse Width  Fast    RAMD64E/CLK         n/a            1.250         20.000      18.750     SLICE_X30Y37     soc_top_inst/device_inst/tx_fifo_reg_0_63_0_2/RAMC/CLK
High Pulse Width  Slow    RAMD64E/CLK         n/a            1.250         20.000      18.750     SLICE_X30Y37     soc_top_inst/device_inst/tx_fifo_reg_0_63_0_2/RAMD/CLK
High Pulse Width  Fast    RAMD64E/CLK         n/a            1.250         20.000      18.750     SLICE_X30Y37     soc_top_inst/device_inst/tx_fifo_reg_0_63_0_2/RAMD/CLK
High Pulse Width  Slow    RAMD64E/CLK         n/a            1.250         20.000      18.750     SLICE_X30Y41     soc_top_inst/device_inst/tx_fifo_reg_0_63_3_5/RAMA/CLK
High Pulse Width  Fast    RAMD64E/CLK         n/a            1.250         20.000      18.750     SLICE_X30Y41     soc_top_inst/device_inst/tx_fifo_reg_0_63_3_5/RAMA/CLK



